ISO-10303-21;
HEADER;
FILE_DESCRIPTION (( 'STEP AP214' ),
    '1' );
FILE_NAME ('Mg996 Base Bracket.STEP',
    '2026-05-07T21:09:08',
    ( '' ),
    ( '' ),
    'SwSTEP 2.0',
    'SolidWorks 2025',
    '' );
FILE_SCHEMA (( 'AUTOMOTIVE_DESIGN' ));
ENDSEC;

DATA;
#1 = FACE_OUTER_BOUND ( 'NONE', #2822, .T. ) ;
#2 = AXIS2_PLACEMENT_3D ( 'NONE', #4970, #7340, #2980 ) ;
#3 = ORIENTED_EDGE ( 'NONE', *, *, #426, .F. ) ;
#4 = CARTESIAN_POINT ( 'NONE',  ( -24.49999999999999645, -11.11999999999999922, 2.500000000000001332 ) ) ;
#5 = EDGE_CURVE ( 'NONE', #2693, #5133, #4630, .T. ) ;
#6 = ORIENTED_EDGE ( 'NONE', *, *, #8258, .F. ) ;
#7 = EDGE_LOOP ( 'NONE', ( #5566, #7387, #4878, #2951 ) ) ;
#8 = AXIS2_PLACEMENT_3D ( 'NONE', #5975, #6764, #7466 ) ;
#9 = DIRECTION ( 'NONE',  ( 0.000000000000000000, 0.000000000000000000, -1.000000000000000000 ) ) ;
#10 = AXIS2_PLACEMENT_3D ( 'NONE', #5549, #8557, #1788 ) ;
#11 = CARTESIAN_POINT ( 'NONE',  ( -21.12000000000000099, 10.49999999999999112, -13.11999999999999922 ) ) ;
#12 = DIRECTION ( 'NONE',  ( 0.000000000000000000, 0.000000000000000000, -1.000000000000000000 ) ) ;
#13 = VERTEX_POINT ( 'NONE', #7864 ) ;
#14 = EDGE_CURVE ( 'NONE', #4333, #1416, #1623, .T. ) ;
#15 = VERTEX_POINT ( 'NONE', #7714 ) ;
#16 = CIRCLE ( 'NONE', #8508, 0.1200000000000003147 ) ;
#17 = EDGE_LOOP ( 'NONE', ( #9609, #5880, #544, #7885 ) ) ;
#18 = DIRECTION ( 'NONE',  ( -0.000000000000000000, 1.000000000000000000, 0.000000000000000000 ) ) ;
#19 = AXIS2_PLACEMENT_3D ( 'NONE', #5938, #2187, #4316 ) ;
#20 = CARTESIAN_POINT ( 'NONE',  ( -17.80000000000000782, -11.11999999999998323, -19.50000000000000355 ) ) ;
#21 = AXIS2_PLACEMENT_3D ( 'NONE', #2975, #3767, #1451 ) ;
#22 = FACE_OUTER_BOUND ( 'NONE', #8097, .T. ) ;
#23 = CIRCLE ( 'NONE', #5218, 0.1199999999999985800 ) ;
#24 = FACE_BOUND ( 'NONE', #5377, .T. ) ;
#25 = CARTESIAN_POINT ( 'NONE',  ( 20.88000000000000611, -12.49999999999999822, 10.33348794342497712 ) ) ;
#26 = CIRCLE ( 'NONE', #8363, 0.1200000000000003147 ) ;
#27 = EDGE_CURVE ( 'NONE', #4231, #1713, #3355, .T. ) ;
#28 = FACE_OUTER_BOUND ( 'NONE', #5876, .T. ) ;
#29 = EDGE_CURVE ( 'NONE', #9212, #9259, #1644, .T. ) ;
#30 = ORIENTED_EDGE ( 'NONE', *, *, #2035, .F. ) ;
#31 = ORIENTED_EDGE ( 'NONE', *, *, #6306, .T. ) ;
#32 = LINE ( 'NONE', #3815, #2082 ) ;
#33 = FACE_OUTER_BOUND ( 'NONE', #8262, .T. ) ;
#34 = CIRCLE ( 'NONE', #1273, 0.1199999999999999956 ) ;
#35 = CARTESIAN_POINT ( 'NONE',  ( -7.329206686002009974E-14, -12.49999999999999822, -4.499999999999998224 ) ) ;
#36 = AXIS2_PLACEMENT_3D ( 'NONE', #8255, #6065, #8986 ) ;
#37 = ORIENTED_EDGE ( 'NONE', *, *, #5005, .F. ) ;
#38 = FACE_BOUND ( 'NONE', #3699, .T. ) ;
#39 = CARTESIAN_POINT ( 'NONE',  ( 20.88000000000000256, 10.50000000000000355, 16.00000000000000355 ) ) ;
#40 = CIRCLE ( 'NONE', #8852, 0.1200000000000003147 ) ;
#41 = CARTESIAN_POINT ( 'NONE',  ( -16.99887765375237692, 0.6246541272872884187, 16.12000000000000099 ) ) ;
#42 = AXIS2_PLACEMENT_3D ( 'NONE', #8371, #920, #2343 ) ;
#43 = DIRECTION ( 'NONE',  ( -1.000000000000000000, 0.000000000000000000, 0.000000000000000000 ) ) ;
#44 = DIRECTION ( 'NONE',  ( 1.000000000000000000, 0.000000000000000000, 0.000000000000000000 ) ) ;
#45 = AXIS2_PLACEMENT_3D ( 'NONE', #310, #7911, #363 ) ;
#46 = LINE ( 'NONE', #9693, #9662 ) ;
#47 = ORIENTED_EDGE ( 'NONE', *, *, #1678, .F. ) ;
#48 = VERTEX_POINT ( 'NONE', #1094 ) ;
#49 = ORIENTED_EDGE ( 'NONE', *, *, #7907, .F. ) ;
#50 = AXIS2_PLACEMENT_3D ( 'NONE', #771, #9723, #5112 ) ;
#51 = EDGE_CURVE ( 'NONE', #2490, #243, #1630, .T. ) ;
#52 = CYLINDRICAL_SURFACE ( 'NONE', #9586, 1.500000000000001332 ) ;
#53 = DIRECTION ( 'NONE',  ( 0.000000000000000000, -1.000000000000000000, -0.000000000000000000 ) ) ;
#54 = AXIS2_PLACEMENT_3D ( 'NONE', #8671, #2457, #5464 ) ;
#55 = CARTESIAN_POINT ( 'NONE',  ( 10.00000000000002665, -12.37999999999999901, -16.11999999999990152 ) ) ;
#56 = AXIS2_PLACEMENT_3D ( 'NONE', #8600, #9325, #1046 ) ;
#57 = ORIENTED_EDGE ( 'NONE', *, *, #2335, .F. ) ;
#58 = ORIENTED_EDGE ( 'NONE', *, *, #4478, .F. ) ;
#59 = DIRECTION ( 'NONE',  ( -1.000000000000000000, 0.000000000000000000, 0.000000000000000000 ) ) ;
#60 = EDGE_LOOP ( 'NONE', ( #462, #2498, #8962, #3589, #4299, #3040 ) ) ;
#61 = VERTEX_POINT ( 'NONE', #7119 ) ;
#62 = EDGE_CURVE ( 'NONE', #6509, #6240, #4153, .T. ) ;
#63 = CARTESIAN_POINT ( 'NONE',  ( -7.329206686002009974E-14, -11.11999999999999922, -5.999999999999998224 ) ) ;
#64 = AXIS2_PLACEMENT_3D ( 'NONE', #901, #9219, #8442 ) ;
#65 = DIRECTION ( 'NONE',  ( 1.000000000000000000, 0.000000000000000000, 0.000000000000000000 ) ) ;
#66 = DIRECTION ( 'NONE',  ( 0.000000000000000000, 0.000000000000000000, -1.000000000000000000 ) ) ;
#67 = ADVANCED_FACE ( 'NONE', ( #272 ), #224, .T. ) ;
#68 = EDGE_CURVE ( 'NONE', #924, #4938, #8457, .T. ) ;
#69 = VERTEX_POINT ( 'NONE', #8603 ) ;
#70 = DIRECTION ( 'NONE',  ( -0.000000000000000000, -0.000000000000000000, 1.000000000000000000 ) ) ;
#71 = CIRCLE ( 'NONE', #4939, 0.1200000000000003147 ) ;
#72 = CYLINDRICAL_SURFACE ( 'NONE', #7933, 0.1199999999999985800 ) ;
#73 = EDGE_CURVE ( 'NONE', #640, #6494, #370, .T. ) ;
#74 = DIRECTION ( 'NONE',  ( -1.224646799147352961E-16, 1.000000000000000000, 0.000000000000000000 ) ) ;
#75 = DIRECTION ( 'NONE',  ( 0.000000000000000000, 0.000000000000000000, -1.000000000000000000 ) ) ;
#76 = CARTESIAN_POINT ( 'NONE',  ( 24.49999999999999645, -11.00000000000000000, -9.178920238245225960 ) ) ;
#77 = CIRCLE ( 'NONE', #6834, 1.500000000000001332 ) ;
#78 = LINE ( 'NONE', #9046, #1289 ) ;
#79 = ORIENTED_EDGE ( 'NONE', *, *, #9110, .F. ) ;
#80 = LINE ( 'NONE', #2380, #7288 ) ;
#81 = DIRECTION ( 'NONE',  ( 0.000000000000000000, -1.000000000000000000, 0.000000000000000000 ) ) ;
#82 = CARTESIAN_POINT ( 'NONE',  ( -10.00000000000000178, -12.37999999999999901, -3.000000000000000888 ) ) ;
#83 = AXIS2_PLACEMENT_3D ( 'NONE', #7470, #6582, #7276 ) ;
#84 = EDGE_CURVE ( 'NONE', #7548, #6992, #3044, .T. ) ;
#85 = EDGE_CURVE ( 'NONE', #61, #9707, #7943, .T. ) ;
#86 = EDGE_LOOP ( 'NONE', ( #4242, #8883, #2117, #9069 ) ) ;
#87 = DIRECTION ( 'NONE',  ( -1.000000000000000000, -0.000000000000000000, -0.000000000000000000 ) ) ;
#88 = DIRECTION ( 'NONE',  ( 0.000000000000000000, 0.000000000000000000, -1.000000000000000000 ) ) ;
#89 = CARTESIAN_POINT ( 'NONE',  ( 20.70000000000000284, -12.37999999999997414, -11.23041406348422555 ) ) ;
#90 = DIRECTION ( 'NONE',  ( 0.000000000000000000, 1.000000000000000000, 0.000000000000000000 ) ) ;
#91 = CYLINDRICAL_SURFACE ( 'NONE', #1091, 0.1199999999999985800 ) ;
#92 = AXIS2_PLACEMENT_3D ( 'NONE', #5827, #7270, #8746 ) ;
#93 = DIRECTION ( 'NONE',  ( 0.000000000000000000, -1.000000000000000000, 0.000000000000000000 ) ) ;
#94 = CARTESIAN_POINT ( 'NONE',  ( -21.11999999999999744, -12.49999999999999822, -12.50000000000000178 ) ) ;
#95 = ADVANCED_FACE ( 'NONE', ( #4705 ), #6985, .T. ) ;
#96 = EDGE_LOOP ( 'NONE', ( #2189, #6556, #8466, #6301 ) ) ;
#97 = VERTEX_POINT ( 'NONE', #959 ) ;
#98 = ORIENTED_EDGE ( 'NONE', *, *, #6422, .F. ) ;
#99 = AXIS2_PLACEMENT_3D ( 'NONE', #1532, #123, #9088 ) ;
#100 = DIRECTION ( 'NONE',  ( -0.000000000000000000, -1.000000000000000000, -0.000000000000000000 ) ) ;
#101 = VECTOR ( 'NONE', #2374, 1000.000000000000000 ) ;
#102 = DIRECTION ( 'NONE',  ( 0.000000000000000000, -1.000000000000000000, -0.000000000000000000 ) ) ;
#103 = ORIENTED_EDGE ( 'NONE', *, *, #2576, .T. ) ;
#104 = AXIS2_PLACEMENT_3D ( 'NONE', #6961, #218, #6209 ) ;
#105 = AXIS2_PLACEMENT_3D ( 'NONE', #4425, #534, #7232 ) ;
#106 = ORIENTED_EDGE ( 'NONE', *, *, #5345, .F. ) ;
#107 = CARTESIAN_POINT ( 'NONE',  ( -17.80000000000000782, 27.00000000000000355, -19.50000000000000355 ) ) ;
#108 = VERTEX_POINT ( 'NONE', #6970 ) ;
#109 = ORIENTED_EDGE ( 'NONE', *, *, #6200, .F. ) ;
#110 = ORIENTED_EDGE ( 'NONE', *, *, #4468, .F. ) ;
#111 = CARTESIAN_POINT ( 'NONE',  ( -21.12000000000000099, -10.49999999999999645, -14.38000000000000256 ) ) ;
#112 = AXIS2_PLACEMENT_3D ( 'NONE', #6409, #9463, #2713 ) ;
#113 = DIRECTION ( 'NONE',  ( -0.000000000000000000, -0.000000000000000000, 1.000000000000000000 ) ) ;
#114 = DIRECTION ( 'NONE',  ( -1.000000000000000000, 0.000000000000000000, 0.000000000000000000 ) ) ;
#115 = AXIS2_PLACEMENT_3D ( 'NONE', #9588, #5846, #3770 ) ;
#116 = ORIENTED_EDGE ( 'NONE', *, *, #5584, .T. ) ;
#117 = EDGE_CURVE ( 'NONE', #5024, #4191, #223, .T. ) ;
#118 = DIRECTION ( 'NONE',  ( 0.000000000000000000, -1.000000000000000000, 0.000000000000000000 ) ) ;
#119 = CARTESIAN_POINT ( 'NONE',  ( 24.00000000000000000, -4.250000000000000888, -13.12000000000000099 ) ) ;
#120 = AXIS2_PLACEMENT_3D ( 'NONE', #5782, #5002, #4257 ) ;
#121 = CARTESIAN_POINT ( 'NONE',  ( 20.10000000000000853, -12.37999999999998835, -11.23041406348422733 ) ) ;
#122 = CARTESIAN_POINT ( 'NONE',  ( -27.00000000000000355, -12.49999999999999822, 9.713487943424976123 ) ) ;
#123 = DIRECTION ( 'NONE',  ( 0.000000000000000000, -1.508455196501571429E-16, 1.000000000000000000 ) ) ;
#124 = DIRECTION ( 'NONE',  ( -1.000000000000000000, 0.000000000000000000, 0.000000000000000000 ) ) ;
#125 = CARTESIAN_POINT ( 'NONE',  ( 10.12534587271282582, 7.748877653752450634, 16.12000000000000099 ) ) ;
#126 = EDGE_CURVE ( 'NONE', #9525, #1521, #5419, .T. ) ;
#127 = CARTESIAN_POINT ( 'NONE',  ( 10.12534587271282582, 7.748877653752450634, 16.12000000000000099 ) ) ;
#128 = CARTESIAN_POINT ( 'NONE',  ( -11.74534587271283037, 7.748877653752450634, 17.38000000000000611 ) ) ;
#129 = ADVANCED_FACE ( 'NONE', ( #7019 ), #6824, .T. ) ;
#130 = EDGE_CURVE ( 'NONE', #6794, #3887, #8106, .T. ) ;
#131 = ORIENTED_EDGE ( 'NONE', *, *, #4999, .T. ) ;
#132 = CYLINDRICAL_SURFACE ( 'NONE', #328, 1.500000000000003109 ) ;
#133 = CARTESIAN_POINT ( 'NONE',  ( -20.10000000000000853, 27.00000000000000355, -11.53041406348422626 ) ) ;
#134 = CARTESIAN_POINT ( 'NONE',  ( 3.000000000000001776, -11.00000000000000000, -7.499999999999998224 ) ) ;
#135 = DIRECTION ( 'NONE',  ( -0.000000000000000000, -1.000000000000000000, -0.000000000000000000 ) ) ;
#136 = EDGE_CURVE ( 'NONE', #5960, #2744, #8249, .T. ) ;
#137 = DIRECTION ( 'NONE',  ( 0.000000000000000000, 0.000000000000000000, 1.000000000000000000 ) ) ;
#138 = DIRECTION ( 'NONE',  ( -0.000000000000000000, 1.508455196501571429E-16, -1.000000000000000000 ) ) ;
#139 = ORIENTED_EDGE ( 'NONE', *, *, #7526, .F. ) ;
#140 = ORIENTED_EDGE ( 'NONE', *, *, #6804, .F. ) ;
#141 = ORIENTED_EDGE ( 'NONE', *, *, #8259, .T. ) ;
#142 = AXIS2_PLACEMENT_3D ( 'NONE', #6349, #7146, #1172 ) ;
#143 = CARTESIAN_POINT ( 'NONE',  ( 21.00000000000000000, 10.49999999999999822, -13.11999999999999922 ) ) ;
#144 = DIRECTION ( 'NONE',  ( 0.000000000000000000, 0.000000000000000000, 1.000000000000000000 ) ) ;
#145 = EDGE_CURVE ( 'NONE', #5903, #6911, #3197, .T. ) ;
#146 = EDGE_CURVE ( 'NONE', #2261, #4793, #8410, .T. ) ;
#147 = CARTESIAN_POINT ( 'NONE',  ( 10.12534587271282582, -0.8711223462475460311, 16.12000000000000099 ) ) ;
#148 = AXIS2_PLACEMENT_3D ( 'NONE', #6381, #8179, #2040 ) ;
#149 = VERTEX_POINT ( 'NONE', #6367 ) ;
#150 = CARTESIAN_POINT ( 'NONE',  ( 10.12534587271282582, 7.748877653752450634, 16.12000000000000099 ) ) ;
#151 = EDGE_LOOP ( 'NONE', ( #8572, #9396 ) ) ;
#152 = ORIENTED_EDGE ( 'NONE', *, *, #3518, .F. ) ;
#153 = VERTEX_POINT ( 'NONE', #5628 ) ;
#154 = CARTESIAN_POINT ( 'NONE',  ( 19.00000000000000355, 12.50000000000000178, 17.38000000000000611 ) ) ;
#155 = AXIS2_PLACEMENT_3D ( 'NONE', #2541, #5555, #7080 ) ;
#156 = EDGE_CURVE ( 'NONE', #7244, #5527, #6414, .T. ) ;
#157 = DIRECTION ( 'NONE',  ( 0.000000000000000000, -1.000000000000000000, 0.000000000000000000 ) ) ;
#158 = DIRECTION ( 'NONE',  ( -0.000000000000000000, -0.000000000000000000, 1.000000000000000000 ) ) ;
#159 = CIRCLE ( 'NONE', #5808, 0.1199999999999985800 ) ;
#160 = ORIENTED_EDGE ( 'NONE', *, *, #6453, .F. ) ;
#161 = VERTEX_POINT ( 'NONE', #6708 ) ;
#162 = DIRECTION ( 'NONE',  ( -0.000000000000000000, -0.000000000000000000, 1.000000000000000000 ) ) ;
#163 = AXIS2_PLACEMENT_3D ( 'NONE', #9097, #5988, #6830 ) ;
#164 = CARTESIAN_POINT ( 'NONE',  ( 29.00000000000000000, 11.87999999999999901, -14.49999999999999822 ) ) ;
#165 = AXIS2_PLACEMENT_3D ( 'NONE', #9493, #5748, #3331 ) ;
#166 = FACE_OUTER_BOUND ( 'NONE', #7499, .T. ) ;
#167 = DIRECTION ( 'NONE',  ( 1.000000000000000000, 0.000000000000000000, 1.224646799147352961E-16 ) ) ;
#168 = CARTESIAN_POINT ( 'NONE',  ( -10.00000000000000178, -12.37999999999999901, -2.880000000000000782 ) ) ;
#169 = DIRECTION ( 'NONE',  ( 0.000000000000000000, 0.000000000000000000, 1.000000000000000000 ) ) ;
#170 = AXIS2_PLACEMENT_3D ( 'NONE', #7027, #2731, #9334 ) ;
#171 = AXIS2_PLACEMENT_3D ( 'NONE', #1049, #176, #371 ) ;
#172 = DIRECTION ( 'NONE',  ( -0.000000000000000000, 1.000000000000000000, -0.000000000000000000 ) ) ;
#173 = DIRECTION ( 'NONE',  ( -0.000000000000000000, 1.000000000000000000, 0.000000000000000000 ) ) ;
#174 = AXIS2_PLACEMENT_3D ( 'NONE', #8449, #998, #9226 ) ;
#175 = DIRECTION ( 'NONE',  ( 0.000000000000000000, -1.000000000000000000, 0.000000000000000000 ) ) ;
#176 = DIRECTION ( 'NONE',  ( 0.000000000000000000, -1.000000000000000000, 0.000000000000000000 ) ) ;
#177 = ADVANCED_FACE ( 'NONE', ( #8936, #8890, #3364 ), #2669, .F. ) ;
#178 = VECTOR ( 'NONE', #221, 1000.000000000000000 ) ;
#179 = CARTESIAN_POINT ( 'NONE',  ( 20.88000000000000611, -10.49999999999999822, 17.50000000000000355 ) ) ;
#180 = DIRECTION ( 'NONE',  ( 1.000000000000000000, 0.000000000000000000, 0.000000000000000000 ) ) ;
#181 = FACE_OUTER_BOUND ( 'NONE', #891, .T. ) ;
#182 = TOROIDAL_SURFACE ( 'NONE', #6940, 1.620000000000002549, 0.1199999999999999956 ) ;
#183 = EDGE_CURVE ( 'NONE', #4783, #2038, #2417, .T. ) ;
#184 = CARTESIAN_POINT ( 'NONE',  ( -19.00000000000000355, 10.50000000000000355, 17.50000000000000355 ) ) ;
#185 = EDGE_CURVE ( 'NONE', #9259, #9458, #6345, .T. ) ;
#186 = CIRCLE ( 'NONE', #6001, 1.620000000000000773 ) ;
#187 = CARTESIAN_POINT ( 'NONE',  ( -24.49999999999999645, -12.37999999999999901, -7.499999999999999112 ) ) ;
#188 = ORIENTED_EDGE ( 'NONE', *, *, #9375, .F. ) ;
#189 = VERTEX_POINT ( 'NONE', #4160 ) ;
#190 = ORIENTED_EDGE ( 'NONE', *, *, #6882, .F. ) ;
#191 = AXIS2_PLACEMENT_3D ( 'NONE', #8864, #4324, #1357 ) ;
#192 = EDGE_CURVE ( 'NONE', #9362, #6554, #6186, .T. ) ;
#193 = DIRECTION ( 'NONE',  ( 0.000000000000000000, -1.000000000000000000, -0.000000000000000000 ) ) ;
#194 = DIRECTION ( 'NONE',  ( -0.000000000000000000, 1.000000000000000000, 0.000000000000000000 ) ) ;
#195 = CIRCLE ( 'NONE', #4117, 1.500000000000002220 ) ;
#196 = CARTESIAN_POINT ( 'NONE',  ( -20.10000000000000853, 27.00000000000000355, -11.23041406348422733 ) ) ;
#197 = AXIS2_PLACEMENT_3D ( 'NONE', #3468, #7373, #4315 ) ;
#198 = TOROIDAL_SURFACE ( 'NONE', #7284, 1.379999999999999671, 0.1199999999999999956 ) ;
#199 = DIRECTION ( 'NONE',  ( 0.000000000000000000, 0.000000000000000000, -1.000000000000000000 ) ) ;
#200 = ORIENTED_EDGE ( 'NONE', *, *, #6828, .F. ) ;
#201 = ORIENTED_EDGE ( 'NONE', *, *, #2685, .T. ) ;
#202 = ADVANCED_FACE ( 'NONE', ( #7453 ), #7143, .T. ) ;
#203 = VERTEX_POINT ( 'NONE', #5180 ) ;
#204 = EDGE_CURVE ( 'NONE', #6358, #2974, #5725, .T. ) ;
#205 = DIRECTION ( 'NONE',  ( 0.000000000000000000, 0.000000000000000000, -1.000000000000000000 ) ) ;
#206 = AXIS2_PLACEMENT_3D ( 'NONE', #3356, #266, #8495 ) ;
#207 = DIRECTION ( 'NONE',  ( -0.000000000000000000, -0.000000000000000000, 1.000000000000000000 ) ) ;
#208 = VECTOR ( 'NONE', #2918, 1000.000000000000000 ) ;
#209 = ORIENTED_EDGE ( 'NONE', *, *, #1489, .F. ) ;
#210 = CARTESIAN_POINT ( 'NONE',  ( 3.001122346247667938, 2.495345872712907642, 16.12000000000000099 ) ) ;
#211 = PRESENTATION_LAYER_ASSIGNMENT (  '', '', ( #8544 ) ) ;
#212 = DIRECTION ( 'NONE',  ( -4.841193211655195936E-16, -0.000000000000000000, 1.000000000000000000 ) ) ;
#213 = ORIENTED_EDGE ( 'NONE', *, *, #4158, .T. ) ;
#214 = TOROIDAL_SURFACE ( 'NONE', #2721, 1.380000000000005000, 0.1199999999999999956 ) ;
#215 = VERTEX_POINT ( 'NONE', #4953 ) ;
#216 = DIRECTION ( 'NONE',  ( -0.000000000000000000, 1.000000000000000000, 0.000000000000000000 ) ) ;
#217 = CARTESIAN_POINT ( 'NONE',  ( -3.001122346247667938, 0.8753458727129063144, 17.38000000000000611 ) ) ;
#218 = DIRECTION ( 'NONE',  ( 0.000000000000000000, -1.508455196501571429E-16, 1.000000000000000000 ) ) ;
#219 = DIRECTION ( 'NONE',  ( -1.000000000000000000, 0.000000000000000000, 0.000000000000000000 ) ) ;
#220 = VECTOR ( 'NONE', #8336, 1000.000000000000000 ) ;
#221 = DIRECTION ( 'NONE',  ( -0.000000000000000000, -1.000000000000000000, -0.000000000000000000 ) ) ;
#222 = DIRECTION ( 'NONE',  ( 0.000000000000000000, 0.000000000000000000, -1.000000000000000000 ) ) ;
#223 = CIRCLE ( 'NONE', #5565, 0.1200000000000003147 ) ;
#224 = CYLINDRICAL_SURFACE ( 'NONE', #3833, 0.1199999999999985800 ) ;
#225 = DIRECTION ( 'NONE',  ( 0.000000000000000000, 0.000000000000000000, -1.000000000000000000 ) ) ;
#226 = TOROIDAL_SURFACE ( 'NONE', #8413, 1.620000000000001217, 0.1199999999999999956 ) ;
#227 = CARTESIAN_POINT ( 'NONE',  ( -21.00000000000000000, -10.49999999999999645, -12.50000000000000178 ) ) ;
#228 = CARTESIAN_POINT ( 'NONE',  ( -20.70000000000000284, -11.00000000000000000, -11.53041406348422626 ) ) ;
#229 = DIRECTION ( 'NONE',  ( -1.000000000000000000, 0.000000000000000000, 0.000000000000000000 ) ) ;
#230 = DIRECTION ( 'NONE',  ( 0.000000000000000000, -1.000000000000000000, -0.000000000000000000 ) ) ;
#231 = AXIS2_PLACEMENT_3D ( 'NONE', #477, #3581, #3422 ) ;
#232 = ADVANCED_FACE ( 'NONE', ( #7969 ), #8159, .F. ) ;
#233 = CARTESIAN_POINT ( 'NONE',  ( -24.49999999999999645, 1.727922061357856087, 2.500000000000001332 ) ) ;
#234 = EDGE_LOOP ( 'NONE', ( #3507, #4813, #2202, #620 ) ) ;
#235 = ORIENTED_EDGE ( 'NONE', *, *, #8618, .F. ) ;
#236 = ORIENTED_EDGE ( 'NONE', *, *, #3503, .T. ) ;
#237 = EDGE_CURVE ( 'NONE', #5217, #7606, #2888, .T. ) ;
#238 = CARTESIAN_POINT ( 'NONE',  ( 21.00000000000000000, -10.49999999999999822, 17.38000000000000611 ) ) ;
#239 = DIRECTION ( 'NONE',  ( 1.000000000000000000, 0.000000000000000000, 0.000000000000000000 ) ) ;
#240 = EDGE_CURVE ( 'NONE', #392, #1345, #9710, .T. ) ;
#241 = CIRCLE ( 'NONE', #8279, 1.558920238245227186 ) ;
#242 = EDGE_CURVE ( 'NONE', #7546, #5167, #3990, .T. ) ;
#243 = VERTEX_POINT ( 'NONE', #2217 ) ;
#244 = DIRECTION ( 'NONE',  ( 0.000000000000000000, 0.000000000000000000, -1.000000000000000000 ) ) ;
#245 = VERTEX_POINT ( 'NONE', #652 ) ;
#246 = ORIENTED_EDGE ( 'NONE', *, *, #2283, .F. ) ;
#247 = CIRCLE ( 'NONE', #5747, 0.1200000000000003147 ) ;
#248 = DIRECTION ( 'NONE',  ( 0.000000000000000000, 0.000000000000000000, -1.000000000000000000 ) ) ;
#249 = EDGE_LOOP ( 'NONE', ( #6390, #6563, #3292, #3129 ) ) ;
#250 = ADVANCED_FACE ( 'NONE', ( #1425 ), #2955, .T. ) ;
#251 = CARTESIAN_POINT ( 'NONE',  ( 29.00000000000000000, 12.38000000000000078, 16.12000000000000099 ) ) ;
#252 = CIRCLE ( 'NONE', #4017, 0.1199999999999985800 ) ;
#253 = CIRCLE ( 'NONE', #2930, 1.620000000000000773 ) ;
#254 = ORIENTED_EDGE ( 'NONE', *, *, #3794, .F. ) ;
#255 = EDGE_CURVE ( 'NONE', #5951, #1423, #3936, .T. ) ;
#256 = EDGE_LOOP ( 'NONE', ( #1479, #3555, #4045, #5948 ) ) ;
#257 = ADVANCED_FACE ( 'NONE', ( #4599 ), #3003, .F. ) ;
#258 = CARTESIAN_POINT ( 'NONE',  ( 10.12534587271282582, 0.7488776537524508559, 16.00000000000000000 ) ) ;
#259 = CARTESIAN_POINT ( 'NONE',  ( -29.00000000000000000, 10.49999999999999112, -14.37999999999999723 ) ) ;
#260 = VERTEX_POINT ( 'NONE', #2413 ) ;
#261 = ORIENTED_EDGE ( 'NONE', *, *, #2897, .T. ) ;
#262 = CIRCLE ( 'NONE', #1823, 1.620000000000000773 ) ;
#263 = DIRECTION ( 'NONE',  ( 0.000000000000000000, 0.000000000000000000, -1.000000000000000000 ) ) ;
#264 = CYLINDRICAL_SURFACE ( 'NONE', #1103, 0.1200000000000003147 ) ;
#265 = CARTESIAN_POINT ( 'NONE',  ( -24.00000000000000000, -4.250000000000000888, -13.12000000000000099 ) ) ;
#266 = DIRECTION ( 'NONE',  ( -1.000000000000000000, 0.000000000000000000, -5.811872027389895469E-16 ) ) ;
#267 = EDGE_CURVE ( 'NONE', #5385, #5123, #2503, .T. ) ;
#268 = EDGE_CURVE ( 'NONE', #97, #9293, #3846, .T. ) ;
#269 = DIRECTION ( 'NONE',  ( -0.000000000000000000, -0.000000000000000000, -1.000000000000000000 ) ) ;
#270 = TOROIDAL_SURFACE ( 'NONE', #2599, 1.620000000000000329, 0.1199999999999999956 ) ;
#271 = LINE ( 'NONE', #8455, #8094 ) ;
#272 = FACE_OUTER_BOUND ( 'NONE', #9106, .T. ) ;
#273 = CARTESIAN_POINT ( 'NONE',  ( 10.12534587271282582, 7.748877653752450634, 16.12000000000000099 ) ) ;
#274 = FACE_OUTER_BOUND ( 'NONE', #3599, .T. ) ;
#275 = DIRECTION ( 'NONE',  ( -0.000000000000000000, 1.000000000000000000, 0.000000000000000000 ) ) ;
#276 = CARTESIAN_POINT ( 'NONE',  ( 0.000000000000000000, -11.00000000000000000, 2.500000000000001332 ) ) ;
#277 = ORIENTED_EDGE ( 'NONE', *, *, #2884, .F. ) ;
#278 = CARTESIAN_POINT ( 'NONE',  ( -11.74534587271282327, 0.7488776537524508559, 17.50000000000000355 ) ) ;
#279 = CYLINDRICAL_SURFACE ( 'NONE', #1120, 1.500000000000001332 ) ;
#280 = ORIENTED_EDGE ( 'NONE', *, *, #3634, .F. ) ;
#281 = ORIENTED_EDGE ( 'NONE', *, *, #1910, .F. ) ;
#282 = DIRECTION ( 'NONE',  ( 1.000000000000000000, 0.000000000000000000, 4.841193211655195936E-16 ) ) ;
#283 = DIRECTION ( 'NONE',  ( -0.000000000000000000, -0.000000000000000000, 1.000000000000000000 ) ) ;
#284 = CARTESIAN_POINT ( 'NONE',  ( 19.68000000000000682, -12.49999999999999822, -11.53041406348422626 ) ) ;
#285 = AXIS2_PLACEMENT_3D ( 'NONE', #3053, #6059, #9076 ) ;
#286 = DIRECTION ( 'NONE',  ( 0.000000000000000000, 0.000000000000000000, -1.000000000000000000 ) ) ;
#287 = ORIENTED_EDGE ( 'NONE', *, *, #2814, .T. ) ;
#288 = EDGE_LOOP ( 'NONE', ( #3009, #3750 ) ) ;
#289 = DIRECTION ( 'NONE',  ( 1.000000000000000000, -1.224646799147352961E-16, -1.847324828052840849E-32 ) ) ;
#290 = ORIENTED_EDGE ( 'NONE', *, *, #4348, .T. ) ;
#291 = CARTESIAN_POINT ( 'NONE',  ( 3.000000000000001776, -12.37999999999999901, -7.499999999999998224 ) ) ;
#292 = EDGE_CURVE ( 'NONE', #1416, #7145, #7535, .T. ) ;
#293 = EDGE_LOOP ( 'NONE', ( #6490, #254, #3991, #6807 ) ) ;
#294 = AXIS2_PLACEMENT_3D ( 'NONE', #3543, #6555, #9557 ) ;
#295 = VERTEX_POINT ( 'NONE', #3144 ) ;
#296 = CARTESIAN_POINT ( 'NONE',  ( 3.001122346247667938, 2.375345872712907536, 16.12000000000000099 ) ) ;
#297 = VERTEX_POINT ( 'NONE', #2266 ) ;
#298 = EDGE_CURVE ( 'NONE', #203, #1521, #6802, .T. ) ;
#299 = DIRECTION ( 'NONE',  ( 0.000000000000000000, -1.508455196501571429E-16, 1.000000000000000000 ) ) ;
#300 = EDGE_CURVE ( 'NONE', #3049, #13, #4549, .T. ) ;
#301 = FACE_OUTER_BOUND ( 'NONE', #3389, .T. ) ;
#302 = ORIENTED_EDGE ( 'NONE', *, *, #7289, .T. ) ;
#303 = CIRCLE ( 'NONE', #1862, 1.678920238245226848 ) ;
#304 = ORIENTED_EDGE ( 'NONE', *, *, #2170, .F. ) ;
#305 = CARTESIAN_POINT ( 'NONE',  ( 24.49999999999999645, -12.49999999999999822, 2.500000000000001332 ) ) ;
#306 = EDGE_CURVE ( 'NONE', #2455, #1842, #7854, .T. ) ;
#307 = CIRCLE ( 'NONE', #1555, 1.880000000000001448 ) ;
#308 = DIRECTION ( 'NONE',  ( -1.000000000000000000, 0.000000000000000000, -3.154042683594198572E-16 ) ) ;
#309 = CARTESIAN_POINT ( 'NONE',  ( -18.49887765375238047, 0.6246541272872886408, 16.12000000000000099 ) ) ;
#310 = CARTESIAN_POINT ( 'NONE',  ( 24.00000000000000000, 5.749999999999999112, -13.00000000000000000 ) ) ;
#311 = VECTOR ( 'NONE', #9008, 1000.000000000000000 ) ;
#312 = DIRECTION ( 'NONE',  ( 0.000000000000000000, 0.000000000000000000, -1.000000000000000000 ) ) ;
#313 = AXIS2_PLACEMENT_3D ( 'NONE', #2841, #5120, #8140 ) ;
#314 = LINE ( 'NONE', #8743, #2078 ) ;
#315 = DIRECTION ( 'NONE',  ( 0.000000000000000000, -1.000000000000000000, 0.000000000000000000 ) ) ;
#316 = CYLINDRICAL_SURFACE ( 'NONE', #6133, 0.1200000000000003147 ) ;
#317 = AXIS2_PLACEMENT_3D ( 'NONE', #2673, #465, #3572 ) ;
#318 = EDGE_CURVE ( 'NONE', #1929, #7645, #3263, .T. ) ;
#319 = EDGE_CURVE ( 'NONE', #6410, #2056, #8789, .T. ) ;
#320 = CARTESIAN_POINT ( 'NONE',  ( -9.874654127287220362, -6.248877653752255235, 10.50000000000001243 ) ) ;
#321 = AXIS2_PLACEMENT_3D ( 'NONE', #9092, #3763, #6077 ) ;
#322 = DIRECTION ( 'NONE',  ( 0.000000000000000000, 0.000000000000000000, -1.000000000000000000 ) ) ;
#323 = AXIS2_PLACEMENT_3D ( 'NONE', #7932, #9585, #5692 ) ;
#324 = DIRECTION ( 'NONE',  ( 0.000000000000000000, -1.508455196501571429E-16, 1.000000000000000000 ) ) ;
#325 = CIRCLE ( 'NONE', #5828, 1.617476254756361476 ) ;
#326 = DIRECTION ( 'NONE',  ( -1.000000000000000000, 0.000000000000000000, 0.000000000000000000 ) ) ;
#327 = TOROIDAL_SURFACE ( 'NONE', #1887, 1.620000000000000329, 0.1199999999999999956 ) ;
#328 = AXIS2_PLACEMENT_3D ( 'NONE', #5986, #5941, #6082 ) ;
#329 = VERTEX_POINT ( 'NONE', #4687 ) ;
#330 = PRODUCT_DEFINITION_CONTEXT ( 'detailed design', #5311, 'design' ) ;
#331 = VERTEX_POINT ( 'NONE', #801 ) ;
#332 = CARTESIAN_POINT ( 'NONE',  ( 21.00000000000000000, -10.49999999999999822, -13.11999999999999922 ) ) ;
#333 = DIRECTION ( 'NONE',  ( -0.000000000000000000, -1.000000000000000000, -0.000000000000000000 ) ) ;
#334 = VECTOR ( 'NONE', #2218, 1000.000000000000000 ) ;
#335 = DIRECTION ( 'NONE',  ( -1.000000000000000000, 0.000000000000000000, 0.000000000000000000 ) ) ;
#336 = CIRCLE ( 'NONE', #9457, 0.1199999999999985800 ) ;
#337 = DIRECTION ( 'NONE',  ( -1.000000000000000000, 0.000000000000000000, 0.000000000000000000 ) ) ;
#338 = CIRCLE ( 'NONE', #5847, 4.619999999999998330 ) ;
#339 = CARTESIAN_POINT ( 'NONE',  ( 10.00000000000000178, -12.37999999999999901, -12.11999999999999744 ) ) ;
#340 = ORIENTED_EDGE ( 'NONE', *, *, #2897, .F. ) ;
#341 = ORIENTED_EDGE ( 'NONE', *, *, #4872, .T. ) ;
#342 = DIRECTION ( 'NONE',  ( 0.000000000000000000, -1.508455196501571429E-16, 1.000000000000000000 ) ) ;
#343 = CIRCLE ( 'NONE', #2696, 1.678920238245226848 ) ;
#344 = VERTEX_POINT ( 'NONE', #63 ) ;
#345 = DIRECTION ( 'NONE',  ( 0.000000000000000000, 0.000000000000000000, -1.000000000000000000 ) ) ;
#346 = ORIENTED_EDGE ( 'NONE', *, *, #8397, .T. ) ;
#347 = CIRCLE ( 'NONE', #5853, 1.620000000000001217 ) ;
#348 = CARTESIAN_POINT ( 'NONE',  ( 3.000000000000001776, -12.37999999999999901, -7.499999999999998224 ) ) ;
#349 = AXIS2_PLACEMENT_3D ( 'NONE', #2733, #9336, #9384 ) ;
#350 = CARTESIAN_POINT ( 'NONE',  ( 24.00000000000000000, -4.250000000000000888, -14.50000000000000000 ) ) ;
#351 = EDGE_CURVE ( 'NONE', #1801, #6894, #4244, .T. ) ;
#352 = CARTESIAN_POINT ( 'NONE',  ( 20.88000000000000611, -10.49999999999999822, 15.50000000000000178 ) ) ;
#353 = VERTEX_POINT ( 'NONE', #1667 ) ;
#354 = ORIENTED_EDGE ( 'NONE', *, *, #5145, .T. ) ;
#355 = CIRCLE ( 'NONE', #1604, 0.1199999999999985800 ) ;
#356 = VERTEX_POINT ( 'NONE', #2317 ) ;
#357 = DIRECTION ( 'NONE',  ( 0.000000000000000000, 0.000000000000000000, 1.000000000000000000 ) ) ;
#358 = CIRCLE ( 'NONE', #6814, 1.500000000000004885 ) ;
#359 = EDGE_CURVE ( 'NONE', #2692, #4031, #4731, .T. ) ;
#360 = DIRECTION ( 'NONE',  ( 0.000000000000000000, 0.000000000000000000, -1.000000000000000000 ) ) ;
#361 = FACE_OUTER_BOUND ( 'NONE', #1360, .T. ) ;
#362 = EDGE_CURVE ( 'NONE', #4350, #295, #1537, .T. ) ;
#363 = DIRECTION ( 'NONE',  ( -1.000000000000000000, 0.000000000000000000, 0.000000000000000000 ) ) ;
#364 = ORIENTED_EDGE ( 'NONE', *, *, #3493, .F. ) ;
#365 = CIRCLE ( 'NONE', #4775, 1.619999999999996776 ) ;
#366 = DIRECTION ( 'NONE',  ( 0.000000000000000000, 0.000000000000000000, -1.000000000000000000 ) ) ;
#367 = AXIS2_PLACEMENT_3D ( 'NONE', #7053, #6452, #7205 ) ;
#368 = ADVANCED_FACE ( 'NONE', ( #8341 ), #5381, .F. ) ;
#369 = DIRECTION ( 'NONE',  ( 0.000000000000000000, 1.000000000000000000, 1.508455196501571429E-16 ) ) ;
#370 = LINE ( 'NONE', #2479, #9657 ) ;
#371 = DIRECTION ( 'NONE',  ( 0.000000000000000000, 0.000000000000000000, -1.000000000000000000 ) ) ;
#372 = CARTESIAN_POINT ( 'NONE',  ( -9.874654127287220362, -6.248877653752255235, 16.00000000000000000 ) ) ;
#373 = CARTESIAN_POINT ( 'NONE',  ( -20.10000000000000853, -12.37999999999997414, -11.53041406348422626 ) ) ;
#374 = CIRCLE ( 'NONE', #2726, 0.5000000000000004441 ) ;
#375 = DIRECTION ( 'NONE',  ( 0.000000000000000000, -1.000000000000000000, 0.000000000000000000 ) ) ;
#376 = ORIENTED_EDGE ( 'NONE', *, *, #255, .F. ) ;
#377 = CYLINDRICAL_SURFACE ( 'NONE', #10, 0.1200000000000003147 ) ;
#378 = AXIS2_PLACEMENT_3D ( 'NONE', #2171, #7917, #1195 ) ;
#379 = EDGE_CURVE ( 'NONE', #7196, #6613, #5499, .T. ) ;
#380 = DIRECTION ( 'NONE',  ( 0.000000000000000000, -1.000000000000000000, 0.000000000000000000 ) ) ;
#381 = EDGE_CURVE ( 'NONE', #1362, #5314, #7646, .T. ) ;
#382 = AXIS2_PLACEMENT_3D ( 'NONE', #8096, #1311, #5122 ) ;
#383 = EDGE_LOOP ( 'NONE', ( #7520, #6801 ) ) ;
#384 = VERTEX_POINT ( 'NONE', #9171 ) ;
#385 = DIRECTION ( 'NONE',  ( -0.000000000000000000, -0.000000000000000000, 1.000000000000000000 ) ) ;
#386 = FACE_OUTER_BOUND ( 'NONE', #8420, .T. ) ;
#387 = DIRECTION ( 'NONE',  ( -1.000000000000000000, 0.000000000000000000, 0.000000000000000000 ) ) ;
#388 = AXIS2_PLACEMENT_3D ( 'NONE', #4827, #7836, #390 ) ;
#389 = CYLINDRICAL_SURFACE ( 'NONE', #8971, 1.499999999999997780 ) ;
#390 = DIRECTION ( 'NONE',  ( 0.000000000000000000, 0.000000000000000000, 1.000000000000000000 ) ) ;
#391 = ORIENTED_EDGE ( 'NONE', *, *, #445, .T. ) ;
#392 = VERTEX_POINT ( 'NONE', #6897 ) ;
#393 = DIRECTION ( 'NONE',  ( 0.000000000000000000, -1.000000000000000000, 0.000000000000000000 ) ) ;
#394 = ORIENTED_EDGE ( 'NONE', *, *, #3558, .T. ) ;
#395 = LINE ( 'NONE', #4078, #1385 ) ;
#396 = DIRECTION ( 'NONE',  ( 1.000000000000000000, 0.000000000000000000, 0.000000000000000000 ) ) ;
#397 = VECTOR ( 'NONE', #4512, 1000.000000000000000 ) ;
#398 = CARTESIAN_POINT ( 'NONE',  ( 10.00000000000002665, -11.11999999999999922, -12.87999999999990131 ) ) ;
#399 = VERTEX_POINT ( 'NONE', #154 ) ;
#400 = CARTESIAN_POINT ( 'NONE',  ( -9.874654127287220362, -6.248877653752255235, 16.11999999999999744 ) ) ;
#401 = AXIS2_PLACEMENT_3D ( 'NONE', #8990, #5152, #2922 ) ;
#402 = CARTESIAN_POINT ( 'NONE',  ( -10.12534587271282582, 7.748877653752450634, 16.00000000000000355 ) ) ;
#403 = EDGE_LOOP ( 'NONE', ( #3886, #1268, #4445, #1233 ) ) ;
#404 = VERTEX_POINT ( 'NONE', #985 ) ;
#405 = DIRECTION ( 'NONE',  ( -1.224646799147352961E-16, 1.000000000000000000, 0.000000000000000000 ) ) ;
#406 = AXIS2_PLACEMENT_3D ( 'NONE', #4807, #7820, #2581 ) ;
#407 = DIRECTION ( 'NONE',  ( 0.000000000000000000, 0.000000000000000000, 1.000000000000000000 ) ) ;
#408 = CARTESIAN_POINT ( 'NONE',  ( -21.12000000000000099, -11.00000000000000000, -12.49999999999999822 ) ) ;
#409 = AXIS2_PLACEMENT_3D ( 'NONE', #7157, #8637, #3452 ) ;
#410 = FILL_AREA_STYLE ('',( #1230 ) ) ;
#411 = CARTESIAN_POINT ( 'NONE',  ( 9.999999999999927169, -11.00000000000000000, -0.4999999999998998579 ) ) ;
#412 = CARTESIAN_POINT ( 'NONE',  ( -6.999999999999999112, -12.37999999999999901, 2.500000000000001332 ) ) ;
#413 = TOROIDAL_SURFACE ( 'NONE', #104, 1.620000000000000773, 0.1199999999999999956 ) ;
#414 = AXIS2_PLACEMENT_3D ( 'NONE', #8806, #4378, #7336 ) ;
#415 = ORIENTED_EDGE ( 'NONE', *, *, #3322, .T. ) ;
#416 = CARTESIAN_POINT ( 'NONE',  ( -10.12534587271282582, 7.748877653752450634, 16.00000000000000355 ) ) ;
#417 = DIRECTION ( 'NONE',  ( 1.000000000000000000, 0.000000000000000000, 0.000000000000000000 ) ) ;
#418 = CARTESIAN_POINT ( 'NONE',  ( -28.87999999999999901, -10.49999999999999822, -13.00000000000000000 ) ) ;
#419 = DIRECTION ( 'NONE',  ( -0.000000000000000000, 1.508455196501571429E-16, -1.000000000000000000 ) ) ;
#420 = ADVANCED_FACE ( 'NONE', ( #4930 ), #4784, .T. ) ;
#421 = DIRECTION ( 'NONE',  ( -1.000000000000000000, 0.000000000000000000, 0.000000000000000000 ) ) ;
#422 = CIRCLE ( 'NONE', #2615, 0.4200000000000002620 ) ;
#423 = VECTOR ( 'NONE', #2530, 1000.000000000000000 ) ;
#424 = DIRECTION ( 'NONE',  ( 0.000000000000000000, -1.000000000000000000, 0.000000000000000000 ) ) ;
#425 = CARTESIAN_POINT ( 'NONE',  ( 28.88000000000000256, -10.49999999999999822, -13.11999999999999744 ) ) ;
#426 = EDGE_CURVE ( 'NONE', #8389, #6598, #4224, .T. ) ;
#427 = EDGE_CURVE ( 'NONE', #3420, #7091, #3240, .T. ) ;
#428 = UNCERTAINTY_MEASURE_WITH_UNIT (LENGTH_MEASURE( 1.000000000000000082E-05 ), #513, 'distance_accuracy_value', 'NONE');
#429 = CIRCLE ( 'NONE', #3862, 1.678920238245226848 ) ;
#430 = VERTEX_POINT ( 'NONE', #4135 ) ;
#431 = DIRECTION ( 'NONE',  ( 0.000000000000000000, -1.000000000000000000, -1.508455196501571429E-16 ) ) ;
#432 = DIRECTION ( 'NONE',  ( -1.000000000000000000, 0.000000000000000000, 0.000000000000000000 ) ) ;
#433 = CARTESIAN_POINT ( 'NONE',  ( -10.00000000000000178, 1.727922061357856087, -7.499999999999999112 ) ) ;
#434 = EDGE_CURVE ( 'NONE', #3247, #2155, #5955, .T. ) ;
#435 = DIRECTION ( 'NONE',  ( 0.000000000000000000, 0.000000000000000000, -1.000000000000000000 ) ) ;
#436 = CARTESIAN_POINT ( 'NONE',  ( -11.62534587271282938, 7.748877653752450634, 16.12000000000000099 ) ) ;
#437 = CARTESIAN_POINT ( 'NONE',  ( 16.99999999999999645, -11.00000000000000000, -9.119999999999850004 ) ) ;
#438 = VERTEX_POINT ( 'NONE', #9355 ) ;
#439 = EDGE_LOOP ( 'NONE', ( #3277, #6749, #7394, #2347 ) ) ;
#440 = ORIENTED_EDGE ( 'NONE', *, *, #5121, .T. ) ;
#441 = ORIENTED_EDGE ( 'NONE', *, *, #27, .T. ) ;
#442 = CARTESIAN_POINT ( 'NONE',  ( -21.00000000000000000, -11.11999999999998323, -11.53041406348422626 ) ) ;
#443 = ORIENTED_EDGE ( 'NONE', *, *, #3451, .T. ) ;
#444 = ADVANCED_FACE ( 'NONE', ( #5704 ), #2492, .T. ) ;
#445 = EDGE_CURVE ( 'NONE', #6603, #4333, #1072, .T. ) ;
#446 = DIRECTION ( 'NONE',  ( -0.000000000000000000, 1.508455196501571429E-16, -1.000000000000000000 ) ) ;
#447 = EDGE_LOOP ( 'NONE', ( #8244, #475, #2368, #1527 ) ) ;
#448 = CARTESIAN_POINT ( 'NONE',  ( 27.00000000000000355, -11.11999999999999744, 7.833487943424975342 ) ) ;
#449 = ORIENTED_EDGE ( 'NONE', *, *, #1447, .F. ) ;
#450 = DIRECTION ( 'NONE',  ( 0.000000000000000000, -1.000000000000000000, 0.000000000000000000 ) ) ;
#451 = ORIENTED_EDGE ( 'NONE', *, *, #3670, .F. ) ;
#452 = VERTEX_POINT ( 'NONE', #7946 ) ;
#453 = DIRECTION ( 'NONE',  ( 0.000000000000000000, 0.000000000000000000, -1.000000000000000000 ) ) ;
#454 = CIRCLE ( 'NONE', #2963, 1.619999999999999885 ) ;
#455 = DIRECTION ( 'NONE',  ( -1.000000000000000000, 0.000000000000000000, 0.000000000000000000 ) ) ;
#456 = DIRECTION ( 'NONE',  ( -4.841193211655195936E-16, 0.000000000000000000, 1.000000000000000000 ) ) ;
#457 = FACE_OUTER_BOUND ( 'NONE', #5516, .T. ) ;
#458 = ORIENTED_EDGE ( 'NONE', *, *, #6255, .F. ) ;
#459 = DIRECTION ( 'NONE',  ( -0.000000000000000000, -1.000000000000000000, -0.000000000000000000 ) ) ;
#460 = AXIS2_PLACEMENT_3D ( 'NONE', #1556, #282, #4172 ) ;
#461 = DIRECTION ( 'NONE',  ( -0.000000000000000000, 1.000000000000000000, -0.000000000000000000 ) ) ;
#462 = ORIENTED_EDGE ( 'NONE', *, *, #7793, .T. ) ;
#463 = DIRECTION ( 'NONE',  ( 0.000000000000000000, -1.000000000000000000, 0.000000000000000000 ) ) ;
#464 = DIRECTION ( 'NONE',  ( 4.841193211655195936E-16, 0.000000000000000000, -1.000000000000000000 ) ) ;
#465 = DIRECTION ( 'NONE',  ( 0.000000000000000000, -1.508455196501571429E-16, 1.000000000000000000 ) ) ;
#466 = DIRECTION ( 'NONE',  ( 0.000000000000000000, -1.000000000000000000, 0.000000000000000000 ) ) ;
#467 = VECTOR ( 'NONE', #6543, 1000.000000000000000 ) ;
#468 = CARTESIAN_POINT ( 'NONE',  ( -21.12000000000000099, -10.49999999999999822, -13.00000000000000000 ) ) ;
#469 = ORIENTED_EDGE ( 'NONE', *, *, #8974, .F. ) ;
#470 = AXIS2_PLACEMENT_3D ( 'NONE', #9162, #6280, #8427 ) ;
#471 = DIRECTION ( 'NONE',  ( 1.000000000000000000, 0.000000000000000000, -0.000000000000000000 ) ) ;
#472 = FACE_OUTER_BOUND ( 'NONE', #6682, .T. ) ;
#473 = AXIS2_PLACEMENT_3D ( 'NONE', #4256, #5883, #8794 ) ;
#474 = EDGE_CURVE ( 'NONE', #1521, #4866, #6744, .T. ) ;
#475 = ORIENTED_EDGE ( 'NONE', *, *, #1558, .T. ) ;
#476 = ORIENTED_EDGE ( 'NONE', *, *, #8992, .F. ) ;
#477 = CARTESIAN_POINT ( 'NONE',  ( 9.999999999999927169, -12.37999999999999901, -0.4999999999998998579 ) ) ;
#478 = VECTOR ( 'NONE', #7235, 1000.000000000000000 ) ;
#479 = DIRECTION ( 'NONE',  ( 0.000000000000000000, -1.000000000000000000, -0.000000000000000000 ) ) ;
#480 = DIRECTION ( 'NONE',  ( 0.000000000000000000, 0.000000000000000000, 1.000000000000000000 ) ) ;
#481 = CARTESIAN_POINT ( 'NONE',  ( -10.00000000000000178, -12.49999999999999822, -7.499999999999999112 ) ) ;
#482 = EDGE_CURVE ( 'NONE', #4180, #2112, #8673, .T. ) ;
#483 = ADVANCED_FACE ( 'NONE', ( #2501 ), #9114, .T. ) ;
#484 = CIRCLE ( 'NONE', #9605, 1.620000000000000773 ) ;
#485 = DIRECTION ( 'NONE',  ( -0.000000000000000000, -0.000000000000000000, 1.000000000000000000 ) ) ;
#486 = AXIS2_PLACEMENT_3D ( 'NONE', #8453, #8313, #1536 ) ;
#487 = ORIENTED_EDGE ( 'NONE', *, *, #51, .T. ) ;
#488 = VECTOR ( 'NONE', #5790, 1000.000000000000000 ) ;
#489 = EDGE_CURVE ( 'NONE', #4987, #4168, #9412, .T. ) ;
#490 = FACE_OUTER_BOUND ( 'NONE', #795, .T. ) ;
#491 = ORIENTED_EDGE ( 'NONE', *, *, #4698, .F. ) ;
#492 = ORIENTED_EDGE ( 'NONE', *, *, #7989, .T. ) ;
#493 = ORIENTED_EDGE ( 'NONE', *, *, #8618, .T. ) ;
#494 = AXIS2_PLACEMENT_3D ( 'NONE', #5382, #8393, #387 ) ;
#495 = ORIENTED_EDGE ( 'NONE', *, *, #300, .T. ) ;
#496 = ORIENTED_EDGE ( 'NONE', *, *, #7230, .F. ) ;
#497 = AXIS2_PLACEMENT_3D ( 'NONE', #1591, #7619, #3953 ) ;
#498 = VERTEX_POINT ( 'NONE', #442 ) ;
#499 = DIRECTION ( 'NONE',  ( 0.000000000000000000, 0.000000000000000000, -1.000000000000000000 ) ) ;
#500 = CIRCLE ( 'NONE', #7430, 0.1199999999999985800 ) ;
#501 = VERTEX_POINT ( 'NONE', #5567 ) ;
#502 = CIRCLE ( 'NONE', #9615, 0.1199999999999998845 ) ;
#503 = EDGE_CURVE ( 'NONE', #675, #4959, #5798, .T. ) ;
#504 = EDGE_LOOP ( 'NONE', ( #970, #6047, #6405, #2254 ) ) ;
#505 = EDGE_CURVE ( 'NONE', #69, #5426, #2177, .T. ) ;
#506 = ORIENTED_EDGE ( 'NONE', *, *, #793, .F. ) ;
#507 = ORIENTED_EDGE ( 'NONE', *, *, #5064, .T. ) ;
#508 = LINE ( 'NONE', #5669, #8287 ) ;
#509 = TOROIDAL_SURFACE ( 'NONE', #5392, 1.880000000000000115, 0.1199999999999999956 ) ;
#510 = DIRECTION ( 'NONE',  ( 0.000000000000000000, 1.000000000000000000, 0.000000000000000000 ) ) ;
#511 = CARTESIAN_POINT ( 'NONE',  ( -10.12534587271282582, 9.248877653752453298, 16.12000000000000099 ) ) ;
#512 = CIRCLE ( 'NONE', #3955, 1.804871098704547538 ) ;
#513 =( LENGTH_UNIT ( ) NAMED_UNIT ( * ) SI_UNIT ( .MILLI., .METRE. ) );
#514 = FACE_OUTER_BOUND ( 'NONE', #4319, .T. ) ;
#515 = CIRCLE ( 'NONE', #8392, 0.1199999999999985800 ) ;
#516 = DIRECTION ( 'NONE',  ( 1.000000000000000000, 0.000000000000000000, 0.000000000000000000 ) ) ;
#517 = EDGE_CURVE ( 'NONE', #7344, #8529, #5019, .T. ) ;
#518 = TOROIDAL_SURFACE ( 'NONE', #8856, 1.620000000000002549, 0.1199999999999999956 ) ;
#519 = ORIENTED_EDGE ( 'NONE', *, *, #553, .F. ) ;
#520 = DIRECTION ( 'NONE',  ( -0.000000000000000000, -0.000000000000000000, 1.000000000000000000 ) ) ;
#521 = DIRECTION ( 'NONE',  ( -1.224646799147352961E-16, 1.000000000000000000, 0.000000000000000000 ) ) ;
#522 = AXIS2_PLACEMENT_3D ( 'NONE', #3338, #6346, #9397 ) ;
#523 = DIRECTION ( 'NONE',  ( 0.000000000000000000, 0.000000000000000000, -1.000000000000000000 ) ) ;
#524 = CARTESIAN_POINT ( 'NONE',  ( -9.874654127287220362, -6.248877653752255235, 17.38000000000000611 ) ) ;
#525 = CIRCLE ( 'NONE', #837, 1.499999999999999556 ) ;
#526 = CARTESIAN_POINT ( 'NONE',  ( -28.87999999999999901, -11.00000000000000000, -12.49999999999999822 ) ) ;
#527 = DIRECTION ( 'NONE',  ( 0.000000000000000000, -1.000000000000000000, -1.508455196501571429E-16 ) ) ;
#528 = AXIS2_PLACEMENT_3D ( 'NONE', #8576, #1807, #1852 ) ;
#529 = ORIENTED_EDGE ( 'NONE', *, *, #1870, .T. ) ;
#530 = VERTEX_POINT ( 'NONE', #5612 ) ;
#531 = CARTESIAN_POINT ( 'NONE',  ( -20.70000000000000284, -11.00000000000000000, -11.11041406348422633 ) ) ;
#532 = AXIS2_PLACEMENT_3D ( 'NONE', #3202, #5434, #6904 ) ;
#533 = DIRECTION ( 'NONE',  ( 0.000000000000000000, 0.000000000000000000, -1.000000000000000000 ) ) ;
#534 = DIRECTION ( 'NONE',  ( 0.000000000000000000, 0.000000000000000000, -1.000000000000000000 ) ) ;
#535 = FACE_OUTER_BOUND ( 'NONE', #9301, .T. ) ;
#536 = CARTESIAN_POINT ( 'NONE',  ( 17.80000000000000782, -11.11999999999998323, -19.50000000000000000 ) ) ;
#537 = TOROIDAL_SURFACE ( 'NONE', #7947, 1.379999999999999671, 0.1199999999999999956 ) ;
#538 = ORIENTED_EDGE ( 'NONE', *, *, #561, .F. ) ;
#539 = LINE ( 'NONE', #9551, #7148 ) ;
#540 = EDGE_CURVE ( 'NONE', #6091, #1842, #395, .T. ) ;
#541 = ORIENTED_EDGE ( 'NONE', *, *, #7243, .F. ) ;
#542 = EDGE_LOOP ( 'NONE', ( #1771, #5867, #9207, #3185, #8564 ) ) ;
#543 = EDGE_CURVE ( 'NONE', #5072, #9204, #6901, .T. ) ;
#544 = ORIENTED_EDGE ( 'NONE', *, *, #3744, .F. ) ;
#545 = VERTEX_POINT ( 'NONE', #8627 ) ;
#546 = CARTESIAN_POINT ( 'NONE',  ( -10.00000000000000178, -12.49999999999999822, -12.11999999999999744 ) ) ;
#547 = AXIS2_PLACEMENT_3D ( 'NONE', #3538, #6548, #8871 ) ;
#548 = EDGE_CURVE ( 'NONE', #5741, #8295, #2698, .T. ) ;
#549 = FACE_OUTER_BOUND ( 'NONE', #8831, .T. ) ;
#550 = TOROIDAL_SURFACE ( 'NONE', #83, 1.620000000000002549, 0.1199999999999999956 ) ;
#551 = ORIENTED_EDGE ( 'NONE', *, *, #6329, .T. ) ;
#552 = CARTESIAN_POINT ( 'NONE',  ( 10.00000000000000178, -11.11999999999999922, -12.11999999999999744 ) ) ;
#553 = EDGE_CURVE ( 'NONE', #1345, #2486, #4858, .T. ) ;
#554 = ORIENTED_EDGE ( 'NONE', *, *, #6075, .T. ) ;
#555 = ORIENTED_EDGE ( 'NONE', *, *, #6756, .T. ) ;
#556 = EDGE_CURVE ( 'NONE', #5422, #7547, #8644, .T. ) ;
#557 = CARTESIAN_POINT ( 'NONE',  ( -10.00000000000000178, 1.727922061357856087, -3.000000000000000888 ) ) ;
#558 = AXIS2_PLACEMENT_3D ( 'NONE', #4881, #499, #5029 ) ;
#559 = DIRECTION ( 'NONE',  ( -1.000000000000000000, 0.000000000000000000, -2.891205793294696372E-15 ) ) ;
#560 = DIRECTION ( 'NONE',  ( -0.000000000000000000, 1.508455196501571429E-16, -1.000000000000000000 ) ) ;
#561 = EDGE_CURVE ( 'NONE', #9353, #4350, #5804, .T. ) ;
#562 = CARTESIAN_POINT ( 'NONE',  ( -3.001122346247667938, 0.8753458727129063144, 16.12000000000000099 ) ) ;
#563 = CIRCLE ( 'NONE', #8906, 1.879999999999999671 ) ;
#564 = EDGE_LOOP ( 'NONE', ( #1949, #6146 ) ) ;
#565 = DIRECTION ( 'NONE',  ( 0.000000000000000000, 0.000000000000000000, 1.000000000000000000 ) ) ;
#566 = DIRECTION ( 'NONE',  ( 0.000000000000000000, -1.000000000000000000, 0.000000000000000000 ) ) ;
#567 = ORIENTED_EDGE ( 'NONE', *, *, #8277, .T. ) ;
#568 = TOROIDAL_SURFACE ( 'NONE', #7339, 1.619999999999998996, 0.1199999999999999956 ) ;
#569 = CARTESIAN_POINT ( 'NONE',  ( 24.00000000000000000, -5.867476254756361698, -14.50000000000000000 ) ) ;
#570 = DIRECTION ( 'NONE',  ( -0.000000000000000000, 1.000000000000000000, 0.000000000000000000 ) ) ;
#571 = CARTESIAN_POINT ( 'NONE',  ( -29.00000000000000000, -10.49999999999999822, -13.11999999999999922 ) ) ;
#572 = EDGE_CURVE ( 'NONE', #6302, #2253, #2642, .T. ) ;
#573 = FACE_OUTER_BOUND ( 'NONE', #6659, .T. ) ;
#574 = ADVANCED_FACE ( 'NONE', ( #5025 ), #1856, .T. ) ;
#575 = VERTEX_POINT ( 'NONE', #2751 ) ;
#576 = CARTESIAN_POINT ( 'NONE',  ( 6.999999999999999112, -11.00000000000000000, 0.8799999999999511546 ) ) ;
#577 = CIRCLE ( 'NONE', #3559, 1.500000000000001332 ) ;
#578 = CARTESIAN_POINT ( 'NONE',  ( 29.00000000000000000, -12.37999999999999901, -19.50000000000000355 ) ) ;
#579 = AXIS2_PLACEMENT_3D ( 'NONE', #4918, #5556, #8567 ) ;
#580 = CARTESIAN_POINT ( 'NONE',  ( -6.999999999999999112, 1.727922061357856087, 1.000000000000001776 ) ) ;
#581 = VERTEX_POINT ( 'NONE', #8923 ) ;
#582 = ORIENTED_EDGE ( 'NONE', *, *, #7493, .F. ) ;
#583 = DIRECTION ( 'NONE',  ( 0.000000000000000000, -1.000000000000000000, -1.508455196501571429E-16 ) ) ;
#584 = AXIS2_PLACEMENT_3D ( 'NONE', #8303, #5875, #3705 ) ;
#585 = CARTESIAN_POINT ( 'NONE',  ( -22.50000000000000711, 10.49999999999999112, -14.37999999999999723 ) ) ;
#586 = CARTESIAN_POINT ( 'NONE',  ( 20.88000000000000611, 10.50000000000000355, 17.38000000000000611 ) ) ;
#587 = CIRCLE ( 'NONE', #1356, 0.1200000000000003147 ) ;
#588 = CYLINDRICAL_SURFACE ( 'NONE', #9462, 0.1199999999999985800 ) ;
#589 = CIRCLE ( 'NONE', #2622, 0.1200000000000003147 ) ;
#590 = CARTESIAN_POINT ( 'NONE',  ( -10.00000000000000178, -11.00000000000000000, -7.499999999999999112 ) ) ;
#591 = VERTEX_POINT ( 'NONE', #8820 ) ;
#592 = EDGE_LOOP ( 'NONE', ( #1014, #8165, #3039, #538 ) ) ;
#593 = VERTEX_POINT ( 'NONE', #5171 ) ;
#594 = ORIENTED_EDGE ( 'NONE', *, *, #3066, .T. ) ;
#595 = FACE_OUTER_BOUND ( 'NONE', #3496, .T. ) ;
#596 = FACE_BOUND ( 'NONE', #1733, .T. ) ;
#597 = VERTEX_POINT ( 'NONE', #9650 ) ;
#598 = VERTEX_POINT ( 'NONE', #4230 ) ;
#599 = EDGE_LOOP ( 'NONE', ( #8758, #2855, #5664, #8717 ) ) ;
#600 = ORIENTED_EDGE ( 'NONE', *, *, #1496, .T. ) ;
#601 = DIRECTION ( 'NONE',  ( 0.000000000000000000, -1.000000000000000000, 0.000000000000000000 ) ) ;
#602 = ORIENTED_EDGE ( 'NONE', *, *, #2308, .F. ) ;
#603 = ORIENTED_EDGE ( 'NONE', *, *, #6377, .F. ) ;
#604 = EDGE_CURVE ( 'NONE', #384, #4952, #6260, .T. ) ;
#605 = CARTESIAN_POINT ( 'NONE',  ( 21.50000000000000711, -11.11999999999999744, 9.713487943424976123 ) ) ;
#606 = DIRECTION ( 'NONE',  ( -0.000000000000000000, 1.508455196501571429E-16, -1.000000000000000000 ) ) ;
#607 = VERTEX_POINT ( 'NONE', #546 ) ;
#608 = ADVANCED_FACE ( 'NONE', ( #1269 ), #7348, .F. ) ;
#609 = ADVANCED_FACE ( 'NONE', ( #595 ), #6419, .T. ) ;
#610 = ORIENTED_EDGE ( 'NONE', *, *, #3908, .F. ) ;
#611 = CARTESIAN_POINT ( 'NONE',  ( -19.68000000000000682, -11.11999999999999389, -11.53041406348422626 ) ) ;
#612 = DIRECTION ( 'NONE',  ( -1.000000000000000000, 0.000000000000000000, 0.000000000000000000 ) ) ;
#613 = EDGE_CURVE ( 'NONE', #5477, #9724, #8957, .T. ) ;
#614 = ORIENTED_EDGE ( 'NONE', *, *, #9327, .F. ) ;
#615 = CARTESIAN_POINT ( 'NONE',  ( 10.12534587271282582, 0.7488776537524508559, 10.50000000000001243 ) ) ;
#616 = ORIENTED_EDGE ( 'NONE', *, *, #1496, .F. ) ;
#617 = CARTESIAN_POINT ( 'NONE',  ( -20.10000000000000853, -11.11999999999999744, -11.53041406348422626 ) ) ;
#618 = DIRECTION ( 'NONE',  ( 0.000000000000000000, 1.000000000000000000, 0.000000000000000000 ) ) ;
#619 = CARTESIAN_POINT ( 'NONE',  ( 3.000000000000001776, -11.11999999999999922, -7.499999999999998224 ) ) ;
#620 = ORIENTED_EDGE ( 'NONE', *, *, #5014, .T. ) ;
#621 = FACE_OUTER_BOUND ( 'NONE', #909, .T. ) ;
#622 = AXIS2_PLACEMENT_3D ( 'NONE', #6394, #9401, #4337 ) ;
#623 = DIRECTION ( 'NONE',  ( -1.000000000000000000, 0.000000000000000000, 0.000000000000000000 ) ) ;
#624 = CARTESIAN_POINT ( 'NONE',  ( 20.10000000000000853, -11.11999999999999744, -11.53041406348422626 ) ) ;
#625 = EDGE_CURVE ( 'NONE', #1651, #1071, #454, .T. ) ;
#626 = EDGE_CURVE ( 'NONE', #6434, #8876, #2017, .T. ) ;
#627 = EDGE_LOOP ( 'NONE', ( #4400, #4063, #5081, #6397 ) ) ;
#628 = LINE ( 'NONE', #531, #488 ) ;
#629 = AXIS2_PLACEMENT_3D ( 'NONE', #3269, #9200, #7829 ) ;
#630 = CARTESIAN_POINT ( 'NONE',  ( -25.61747625475636170, -4.250000000000000888, -13.12000000000000099 ) ) ;
#631 = DIRECTION ( 'NONE',  ( -1.000000000000000000, 0.000000000000000000, -3.154042683594198572E-16 ) ) ;
#632 = VECTOR ( 'NONE', #6742, 1000.000000000000000 ) ;
#633 = FACE_OUTER_BOUND ( 'NONE', #3374, .T. ) ;
#634 = CARTESIAN_POINT ( 'NONE',  ( -20.87999999999999190, -10.50000000000000000, 16.00000000000000000 ) ) ;
#635 = CIRCLE ( 'NONE', #2198, 1.879999999999999671 ) ;
#636 = DIRECTION ( 'NONE',  ( -0.000000000000000000, 1.000000000000000000, 0.000000000000000000 ) ) ;
#637 = ORIENTED_EDGE ( 'NONE', *, *, #9389, .T. ) ;
#638 = ORIENTED_EDGE ( 'NONE', *, *, #806, .F. ) ;
#639 = ORIENTED_EDGE ( 'NONE', *, *, #9327, .T. ) ;
#640 = VERTEX_POINT ( 'NONE', #1217 ) ;
#641 = DIRECTION ( 'NONE',  ( 0.000000000000000000, 0.000000000000000000, 1.000000000000000000 ) ) ;
#642 = EDGE_LOOP ( 'NONE', ( #5375, #3979, #3096, #7698 ) ) ;
#643 = AXIS2_PLACEMENT_3D ( 'NONE', #2438, #8503, #1097 ) ;
#644 = AXIS2_PLACEMENT_3D ( 'NONE', #7824, #324, #2533 ) ;
#645 = VECTOR ( 'NONE', #5490, 1000.000000000000000 ) ;
#646 = DIRECTION ( 'NONE',  ( -0.000000000000000000, 1.000000000000000000, -0.000000000000000000 ) ) ;
#647 = ORIENTED_EDGE ( 'NONE', *, *, #1501, .F. ) ;
#648 = DIRECTION ( 'NONE',  ( -0.000000000000000000, 1.000000000000000000, 0.000000000000000000 ) ) ;
#649 = ORIENTED_EDGE ( 'NONE', *, *, #4908, .F. ) ;
#650 = ORIENTED_EDGE ( 'NONE', *, *, #6652, .F. ) ;
#651 = VECTOR ( 'NONE', #2433, 1000.000000000000000 ) ;
#652 = CARTESIAN_POINT ( 'NONE',  ( 21.12000000000000099, -11.00000000000000000, -12.49999999999999822 ) ) ;
#653 = DIRECTION ( 'NONE',  ( 0.000000000000000000, -1.000000000000000000, 0.000000000000000000 ) ) ;
#654 = DIRECTION ( 'NONE',  ( -1.000000000000000000, 0.000000000000000000, 0.000000000000000000 ) ) ;
#655 = AXIS2_PLACEMENT_3D ( 'NONE', #1627, #3330, #1059 ) ;
#656 = EDGE_CURVE ( 'NONE', #4191, #7534, #9728, .T. ) ;
#657 = CIRCLE ( 'NONE', #8681, 1.620000000000001217 ) ;
#658 = DIRECTION ( 'NONE',  ( 0.000000000000000000, 0.000000000000000000, -1.000000000000000000 ) ) ;
#659 = AXIS2_PLACEMENT_3D ( 'NONE', #828, #730, #8230 ) ;
#661 = ORIENTED_EDGE ( 'NONE', *, *, #4296, .F. ) ;
#660 = ADVANCED_FACE ( 'NONE', ( #3592 ), #777, .T. ) ;
#662 = EDGE_CURVE ( 'NONE', #8131, #48, #2850, .T. ) ;
#663 = CYLINDRICAL_SURFACE ( 'NONE', #1956, 0.1200000000000003147 ) ;
#664 = VECTOR ( 'NONE', #4713, 1000.000000000000000 ) ;
#665 = ORIENTED_EDGE ( 'NONE', *, *, #379, .F. ) ;
#666 = FACE_BOUND ( 'NONE', #8374, .T. ) ;
#667 = CARTESIAN_POINT ( 'NONE',  ( -16.99999999999999645, 1.727922061357856087, -7.499999999999852562 ) ) ;
#668 = DIRECTION ( 'NONE',  ( -1.000000000000000000, 0.000000000000000000, 0.000000000000000000 ) ) ;
#669 = CARTESIAN_POINT ( 'NONE',  ( -19.00000000000000355, 12.50000000000000178, 17.38000000000000611 ) ) ;
#670 = ADVANCED_FACE ( 'NONE', ( #8772 ), #4287, .F. ) ;
#671 = CARTESIAN_POINT ( 'NONE',  ( 29.00000000000000000, -10.49999999999999822, -13.11999999999999744 ) ) ;
#672 = CIRCLE ( 'NONE', #6162, 0.6200000000000007727 ) ;
#673 = DIRECTION ( 'NONE',  ( -1.000000000000000000, 0.000000000000000000, 0.000000000000000000 ) ) ;
#674 = EDGE_LOOP ( 'NONE', ( #7840, #5203, #8398, #2396 ) ) ;
#675 = VERTEX_POINT ( 'NONE', #2055 ) ;
#676 = AXIS2_PLACEMENT_3D ( 'NONE', #5339, #4615, #6311 ) ;
#677 = DIRECTION ( 'NONE',  ( -1.000000000000000000, -0.000000000000000000, -0.000000000000000000 ) ) ;
#678 = DIRECTION ( 'NONE',  ( 0.000000000000000000, 0.000000000000000000, -1.000000000000000000 ) ) ;
#679 = DIRECTION ( 'NONE',  ( 0.000000000000000000, 0.000000000000000000, 1.000000000000000000 ) ) ;
#680 = VECTOR ( 'NONE', #5485, 1000.000000000000000 ) ;
#681 = DIRECTION ( 'NONE',  ( -0.000000000000000000, 1.000000000000000000, -0.000000000000000000 ) ) ;
#682 = EDGE_CURVE ( 'NONE', #3505, #4390, #4553, .T. ) ;
#683 = EDGE_CURVE ( 'NONE', #2486, #1345, #7064, .T. ) ;
#684 = CARTESIAN_POINT ( 'NONE',  ( 2.428612866367529932E-14, -12.37999999999999901, 9.500000000000001776 ) ) ;
#685 = AXIS2_PLACEMENT_3D ( 'NONE', #9251, #1708, #9352 ) ;
#686 = AXIS2_PLACEMENT_3D ( 'NONE', #5717, #1818, #450 ) ;
#687 = DIRECTION ( 'NONE',  ( 0.000000000000000000, 0.000000000000000000, -1.000000000000000000 ) ) ;
#688 = VERTEX_POINT ( 'NONE', #5999 ) ;
#689 = EDGE_LOOP ( 'NONE', ( #784, #5756, #2135, #1408 ) ) ;
#690 = ORIENTED_EDGE ( 'NONE', *, *, #819, .F. ) ;
#691 = ORIENTED_EDGE ( 'NONE', *, *, #2130, .F. ) ;
#692 = DIRECTION ( 'NONE',  ( 0.000000000000000000, 0.000000000000000000, -1.000000000000000000 ) ) ;
#693 = ADVANCED_BREP_SHAPE_REPRESENTATION ( 'Mg996 Base Bracket', ( #3163, #4025 ), #7024 ) ;
#694 = VECTOR ( 'NONE', #2262, 1000.000000000000000 ) ;
#695 = EDGE_CURVE ( 'NONE', #6002, #2499, #9021, .T. ) ;
#696 = ORIENTED_EDGE ( 'NONE', *, *, #2116, .F. ) ;
#697 = EDGE_CURVE ( 'NONE', #591, #153, #5493, .T. ) ;
#698 = CARTESIAN_POINT ( 'NONE',  ( 24.49999999999999645, -12.37999999999999901, 0.8210797617547740401 ) ) ;
#699 = AXIS2_PLACEMENT_3D ( 'NONE', #9373, #706, #1475 ) ;
#700 = ORIENTED_EDGE ( 'NONE', *, *, #8107, .T. ) ;
#701 = CARTESIAN_POINT ( 'NONE',  ( 21.12000000000000099, -10.49999999999999822, -13.11999999999999922 ) ) ;
#702 = ORIENTED_EDGE ( 'NONE', *, *, #5797, .T. ) ;
#703 = ORIENTED_EDGE ( 'NONE', *, *, #9410, .F. ) ;
#704 = VERTEX_POINT ( 'NONE', #4637 ) ;
#705 = VECTOR ( 'NONE', #5648, 1000.000000000000000 ) ;
#706 = DIRECTION ( 'NONE',  ( -0.000000000000000000, -0.000000000000000000, 1.000000000000000000 ) ) ;
#707 = DIRECTION ( 'NONE',  ( -0.000000000000000000, 1.508455196501571429E-16, -1.000000000000000000 ) ) ;
#708 = LINE ( 'NONE', #4547, #7822 ) ;
#709 = EDGE_LOOP ( 'NONE', ( #7693, #6064 ) ) ;
#710 = ORIENTED_EDGE ( 'NONE', *, *, #8790, .T. ) ;
#711 = CIRCLE ( 'NONE', #1790, 0.1200000000000003147 ) ;
#712 = VERTEX_POINT ( 'NONE', #926 ) ;
#713 = DIRECTION ( 'NONE',  ( 1.000000000000000000, -0.000000000000000000, -0.000000000000000000 ) ) ;
#714 = CARTESIAN_POINT ( 'NONE',  ( 21.12000000000000099, -11.11999999999999389, -11.53041406348422626 ) ) ;
#715 = ORIENTED_EDGE ( 'NONE', *, *, #6183, .T. ) ;
#716 = FACE_OUTER_BOUND ( 'NONE', #7683, .T. ) ;
#717 = DIRECTION ( 'NONE',  ( 0.000000000000000000, 0.000000000000000000, 1.000000000000000000 ) ) ;
#718 = DIRECTION ( 'NONE',  ( 0.000000000000000000, 0.000000000000000000, 1.000000000000000000 ) ) ;
#719 = AXIS2_PLACEMENT_3D ( 'NONE', #7368, #6368, #2626 ) ;
#720 = DIRECTION ( 'NONE',  ( -0.000000000000000000, 1.000000000000000000, -0.000000000000000000 ) ) ;
#721 = DIRECTION ( 'NONE',  ( 0.000000000000000000, 0.000000000000000000, 1.000000000000000000 ) ) ;
#722 = CARTESIAN_POINT ( 'NONE',  ( -28.87999999999999901, 10.49999999999999112, -13.00000000000000000 ) ) ;
#723 = CARTESIAN_POINT ( 'NONE',  ( 10.00000000000000178, -12.49999999999999822, -7.499999999999999112 ) ) ;
#724 = AXIS2_PLACEMENT_3D ( 'NONE', #6623, #74, #9040 ) ;
#725 = ORIENTED_EDGE ( 'NONE', *, *, #9061, .F. ) ;
#726 = DIRECTION ( 'NONE',  ( 0.000000000000000000, 0.000000000000000000, -1.000000000000000000 ) ) ;
#727 = EDGE_CURVE ( 'NONE', #97, #2658, #1465, .T. ) ;
#728 = DIRECTION ( 'NONE',  ( -1.000000000000000000, 0.000000000000000000, 0.000000000000000000 ) ) ;
#729 = DIRECTION ( 'NONE',  ( 0.000000000000000000, 0.000000000000000000, -1.000000000000000000 ) ) ;
#730 = DIRECTION ( 'NONE',  ( 1.000000000000000000, 0.000000000000000000, -1.224646799147353207E-16 ) ) ;
#731 = AXIS2_PLACEMENT_3D ( 'NONE', #9227, #1084, #8404 ) ;
#732 = CIRCLE ( 'NONE', #3551, 0.1199999999999985800 ) ;
#733 = ADVANCED_FACE ( 'NONE', ( #882 ), #3923, .T. ) ;
#734 = FACE_OUTER_BOUND ( 'NONE', #8112, .T. ) ;
#735 = CARTESIAN_POINT ( 'NONE',  ( 17.80000000000000782, -12.37999999999999901, -19.38000000000000611 ) ) ;
#736 = CARTESIAN_POINT ( 'NONE',  ( 20.70000000000000284, 27.00000000000000355, -11.53041406348422626 ) ) ;
#737 = ORIENTED_EDGE ( 'NONE', *, *, #359, .F. ) ;
#738 = VERTEX_POINT ( 'NONE', #2401 ) ;
#739 = AXIS2_PLACEMENT_3D ( 'NONE', #7728, #1163, #7935 ) ;
#740 = ORIENTED_EDGE ( 'NONE', *, *, #1732, .F. ) ;
#741 = EDGE_CURVE ( 'NONE', #1175, #9063, #1549, .T. ) ;
#742 = CARTESIAN_POINT ( 'NONE',  ( -3.001122346247667938, 0.8753458727129063144, 17.50000000000000355 ) ) ;
#743 = DIRECTION ( 'NONE',  ( -0.000000000000000000, 1.000000000000000000, 0.000000000000000000 ) ) ;
#744 = VERTEX_POINT ( 'NONE', #6888 ) ;
#745 = EDGE_LOOP ( 'NONE', ( #7957, #4579, #7895, #7654 ) ) ;
#746 = DIRECTION ( 'NONE',  ( -1.000000000000000000, 0.000000000000000000, 0.000000000000000000 ) ) ;
#747 = TOROIDAL_SURFACE ( 'NONE', #9703, 1.620000000000000773, 0.1199999999999999956 ) ;
#748 = ORIENTED_EDGE ( 'NONE', *, *, #482, .F. ) ;
#749 = VERTEX_POINT ( 'NONE', #5417 ) ;
#750 = PLANE ( 'NONE',  #3350 ) ;
#751 = ORIENTED_EDGE ( 'NONE', *, *, #3252, .T. ) ;
#752 = EDGE_LOOP ( 'NONE', ( #98, #6284, #6736, #5414 ) ) ;
#753 = EDGE_CURVE ( 'NONE', #951, #9495, #3831, .T. ) ;
#754 = ADVANCED_FACE ( 'NONE', ( #1655 ), #3180, .F. ) ;
#755 = DIRECTION ( 'NONE',  ( 0.000000000000000000, 0.000000000000000000, -1.000000000000000000 ) ) ;
#756 = CARTESIAN_POINT ( 'NONE',  ( 24.49999999999999645, -11.00000000000000000, 2.500000000000001332 ) ) ;
#757 = CARTESIAN_POINT ( 'NONE',  ( 20.88000000000000256, 27.00000000000000355, 16.12000000000000099 ) ) ;
#758 = ORIENTED_EDGE ( 'NONE', *, *, #3635, .F. ) ;
#759 = ORIENTED_EDGE ( 'NONE', *, *, #1686, .T. ) ;
#760 = DIRECTION ( 'NONE',  ( -0.000000000000000000, 1.000000000000000000, 0.000000000000000000 ) ) ;
#761 = CARTESIAN_POINT ( 'NONE',  ( 22.26252374524364086, -4.250000000000000888, -13.00000000000000178 ) ) ;
#762 = DIRECTION ( 'NONE',  ( 0.000000000000000000, 0.000000000000000000, -1.000000000000000000 ) ) ;
#763 = VERTEX_POINT ( 'NONE', #7686 ) ;
#764 = CARTESIAN_POINT ( 'NONE',  ( 3.001122346247667938, -0.6246541272870950179, 16.12000000000000099 ) ) ;
#765 = DIRECTION ( 'NONE',  ( -0.000000000000000000, 1.000000000000000000, -0.000000000000000000 ) ) ;
#766 = DIRECTION ( 'NONE',  ( -0.000000000000000000, -1.000000000000000000, -0.000000000000000000 ) ) ;
#767 = VERTEX_POINT ( 'NONE', #7634 ) ;
#768 = ORIENTED_EDGE ( 'NONE', *, *, #255, .T. ) ;
#769 = DIRECTION ( 'NONE',  ( 1.000000000000000000, 0.000000000000000000, 0.000000000000000000 ) ) ;
#770 = CARTESIAN_POINT ( 'NONE',  ( -22.50000000000000711, 10.49999999999998934, 4.499999999999997335 ) ) ;
#771 = CARTESIAN_POINT ( 'NONE',  ( 20.88000000000000611, -11.11999999999999744, 10.33348794342497712 ) ) ;
#772 = ORIENTED_EDGE ( 'NONE', *, *, #7834, .F. ) ;
#773 = ORIENTED_EDGE ( 'NONE', *, *, #4166, .F. ) ;
#774 = FACE_BOUND ( 'NONE', #2090, .T. ) ;
#775 = DIRECTION ( 'NONE',  ( 0.000000000000000000, -1.000000000000000000, 0.000000000000000000 ) ) ;
#776 = FACE_OUTER_BOUND ( 'NONE', #9095, .T. ) ;
#777 = TOROIDAL_SURFACE ( 'NONE', #7542, 1.380000000000005000, 0.1199999999999999956 ) ;
#778 = DIRECTION ( 'NONE',  ( -0.000000000000000000, 1.508455196501571429E-16, -1.000000000000000000 ) ) ;
#779 = ADVANCED_FACE ( 'NONE', ( #4486 ), #6905, .T. ) ;
#780 = DIRECTION ( 'NONE',  ( 1.000000000000000000, 0.000000000000000000, 1.224646799147352961E-16 ) ) ;
#781 = TOROIDAL_SURFACE ( 'NONE', #2186, 1.620000000000000773, 0.1199999999999999956 ) ;
#782 = DIRECTION ( 'NONE',  ( -1.000000000000000000, 0.000000000000000000, 0.000000000000000000 ) ) ;
#783 = ORIENTED_EDGE ( 'NONE', *, *, #6629, .T. ) ;
#784 = ORIENTED_EDGE ( 'NONE', *, *, #1066, .F. ) ;
#785 = VERTEX_POINT ( 'NONE', #3882 ) ;
#786 = AXIS2_PLACEMENT_3D ( 'NONE', #5421, #4023, #4589 ) ;
#787 = EDGE_CURVE ( 'NONE', #3845, #297, #5220, .T. ) ;
#788 = DIRECTION ( 'NONE',  ( 0.000000000000000000, -1.000000000000000000, 0.000000000000000000 ) ) ;
#789 = DIRECTION ( 'NONE',  ( 1.000000000000000000, 0.000000000000000000, 0.000000000000000000 ) ) ;
#790 = EDGE_CURVE ( 'NONE', #9065, #331, #1080, .T. ) ;
#791 = AXIS2_PLACEMENT_3D ( 'NONE', #2459, #6104, #5282 ) ;
#792 = FACE_BOUND ( 'NONE', #8723, .T. ) ;
#793 = EDGE_CURVE ( 'NONE', #9176, #189, #303, .T. ) ;
#794 = CIRCLE ( 'NONE', #4723, 0.4999999999999987232 ) ;
#795 = EDGE_LOOP ( 'NONE', ( #6786, #5902, #6559, #9667 ) ) ;
#796 = ORIENTED_EDGE ( 'NONE', *, *, #381, .T. ) ;
#797 = CARTESIAN_POINT ( 'NONE',  ( 24.49999999999999645, 1.727922061357856087, -5.941079761754771482 ) ) ;
#798 = ORIENTED_EDGE ( 'NONE', *, *, #4836, .F. ) ;
#799 = EDGE_LOOP ( 'NONE', ( #6281, #2452, #7889, #57 ) ) ;
#800 = AXIS2_PLACEMENT_3D ( 'NONE', #915, #6222, #3911 ) ;
#801 = CARTESIAN_POINT ( 'NONE',  ( -4.621122346247669377, 0.8753458727129063144, 17.50000000000000355 ) ) ;
#802 = TOROIDAL_SURFACE ( 'NONE', #7085, 1.620000000000000329, 0.1199999999999999956 ) ;
#803 = CARTESIAN_POINT ( 'NONE',  ( 10.12534587271282582, 0.7488776537524508559, 10.50000000000001243 ) ) ;
#804 = DIRECTION ( 'NONE',  ( 0.000000000000000000, -1.000000000000000000, 0.000000000000000000 ) ) ;
#805 = AXIS2_PLACEMENT_3D ( 'NONE', #4891, #5670, #6408 ) ;
#806 = EDGE_CURVE ( 'NONE', #7726, #1534, #2021, .T. ) ;
#807 = ORIENTED_EDGE ( 'NONE', *, *, #8017, .F. ) ;
#808 = ADVANCED_FACE ( 'NONE', ( #6789 ), #52, .F. ) ;
#809 = DIRECTION ( 'NONE',  ( 1.000000000000000000, 0.000000000000000000, 0.000000000000000000 ) ) ;
#810 = CIRCLE ( 'NONE', #4266, 0.1199999999999985800 ) ;
#811 = DIRECTION ( 'NONE',  ( 0.000000000000000000, 0.000000000000000000, -1.000000000000000000 ) ) ;
#812 = TOROIDAL_SURFACE ( 'NONE', #5668, 0.6199999999999999956, 0.1199999999999999956 ) ;
#813 = CARTESIAN_POINT ( 'NONE',  ( -21.50000000000000711, -12.37999999999998835, 9.833487943424977118 ) ) ;
#814 = CIRCLE ( 'NONE', #3640, 0.1200000000000003147 ) ;
#815 = CARTESIAN_POINT ( 'NONE',  ( 10.12534587271282582, 7.748877653752450634, 17.38000000000000611 ) ) ;
#816 = AXIS2_PLACEMENT_3D ( 'NONE', #3289, #5616, #2464 ) ;
#817 = DIRECTION ( 'NONE',  ( -1.000000000000000000, 0.000000000000000000, 0.000000000000000000 ) ) ;
#818 = DIRECTION ( 'NONE',  ( 1.000000000000000000, 0.000000000000000000, 0.000000000000000000 ) ) ;
#819 = EDGE_CURVE ( 'NONE', #4223, #8931, #7550, .T. ) ;
#820 = CARTESIAN_POINT ( 'NONE',  ( -24.49999999999999645, -12.49999999999999822, -9.178920238245225960 ) ) ;
#821 = TOROIDAL_SURFACE ( 'NONE', #6949, 4.619999999999998330, 0.1199999999999999956 ) ;
#822 = CARTESIAN_POINT ( 'NONE',  ( 24.49999999999999645, 1.727922061357856087, -7.499999999999999112 ) ) ;
#823 = TOROIDAL_SURFACE ( 'NONE', #3801, 1.620000000000000329, 0.1199999999999999956 ) ;
#824 = ORIENTED_EDGE ( 'NONE', *, *, #6792, .T. ) ;
#825 = CYLINDRICAL_SURFACE ( 'NONE', #953, 0.1199999999999985800 ) ;
#826 = DIRECTION ( 'NONE',  ( 0.000000000000000000, -1.000000000000000000, 0.000000000000000000 ) ) ;
#827 = AXIS2_PLACEMENT_3D ( 'NONE', #276, #5546, #8556 ) ;
#828 = CARTESIAN_POINT ( 'NONE',  ( 9.999999999999927169, -11.11999999999999922, 1.120000000000100915 ) ) ;
#829 = AXIS2_PLACEMENT_3D ( 'NONE', #6679, #9680, #2932 ) ;
#830 = DIRECTION ( 'NONE',  ( -0.000000000000000000, -0.000000000000000000, 1.000000000000000000 ) ) ;
#831 = CARTESIAN_POINT ( 'NONE',  ( 10.00000000000002665, 1.727922061357856087, -14.49999999999990230 ) ) ;
#832 = AXIS2_PLACEMENT_3D ( 'NONE', #5624, #8642, #2813 ) ;
#833 = DIRECTION ( 'NONE',  ( 1.000000000000000000, 0.000000000000000000, 0.000000000000000000 ) ) ;
#834 = ORIENTED_EDGE ( 'NONE', *, *, #8407, .F. ) ;
#835 = ORIENTED_EDGE ( 'NONE', *, *, #2996, .F. ) ;
#836 = ORIENTED_EDGE ( 'NONE', *, *, #6200, .T. ) ;
#837 = AXIS2_PLACEMENT_3D ( 'NONE', #412, #3407, #9472 ) ;
#838 = DIRECTION ( 'NONE',  ( 4.841193211655195936E-16, 0.000000000000000000, 1.000000000000000000 ) ) ;
#839 = DIRECTION ( 'NONE',  ( 0.000000000000000000, 0.000000000000000000, 1.000000000000000000 ) ) ;
#840 = AXIS2_PLACEMENT_3D ( 'NONE', #8999, #1535, #7049 ) ;
#841 = DIRECTION ( 'NONE',  ( -0.000000000000000000, -1.000000000000000000, -0.000000000000000000 ) ) ;
#842 = CIRCLE ( 'NONE', #3032, 1.558920238245226519 ) ;
#843 = EDGE_LOOP ( 'NONE', ( #4210, #131, #7903, #5062 ) ) ;
#844 = EDGE_CURVE ( 'NONE', #870, #640, #4865, .T. ) ;
#845 = EDGE_LOOP ( 'NONE', ( #8972, #2959, #7029, #8636, #603 ) ) ;
#846 = CARTESIAN_POINT ( 'NONE',  ( 21.12000000000000099, -12.49999999999999822, -11.53041406348422626 ) ) ;
#847 = EDGE_LOOP ( 'NONE', ( #1719, #6296, #3325, #9198 ) ) ;
#848 = ORIENTED_EDGE ( 'NONE', *, *, #4999, .F. ) ;
#849 = DIRECTION ( 'NONE',  ( -0.000000000000000000, 1.000000000000000000, 0.000000000000000000 ) ) ;
#850 = TOROIDAL_SURFACE ( 'NONE', #4777, 0.6200000000000004396, 0.1199999999999999956 ) ;
#851 = EDGE_CURVE ( 'NONE', #3887, #9421, #9244, .T. ) ;
#852 = DIRECTION ( 'NONE',  ( 0.000000000000000000, 1.000000000000000000, 0.000000000000000000 ) ) ;
#853 = CARTESIAN_POINT ( 'NONE',  ( 24.49999999999999645, -11.11999999999999922, -9.058920238245224965 ) ) ;
#854 = AXIS2_PLACEMENT_3D ( 'NONE', #5404, #4755, #913 ) ;
#855 = ORIENTED_EDGE ( 'NONE', *, *, #6067, .F. ) ;
#856 = EDGE_CURVE ( 'NONE', #5034, #2112, #1394, .T. ) ;
#857 = DIRECTION ( 'NONE',  ( 0.000000000000000000, -1.508455196501571429E-16, 1.000000000000000000 ) ) ;
#858 = EDGE_CURVE ( 'NONE', #6102, #5807, #5964, .T. ) ;
#859 = AXIS2_PLACEMENT_3D ( 'NONE', #7750, #2510, #7102 ) ;
#860 = DIRECTION ( 'NONE',  ( 0.000000000000000000, 0.000000000000000000, 1.000000000000000000 ) ) ;
#861 = CARTESIAN_POINT ( 'NONE',  ( 10.12534587271282582, 0.7488776537524508559, 17.38000000000000611 ) ) ;
#862 = EDGE_CURVE ( 'NONE', #1916, #7296, #973, .T. ) ;
#863 = CARTESIAN_POINT ( 'NONE',  ( -10.00000000000000178, -12.49999999999999822, -7.499999999999999112 ) ) ;
#864 = DIRECTION ( 'NONE',  ( 0.000000000000000000, 0.000000000000000000, 1.000000000000000000 ) ) ;
#865 = TOROIDAL_SURFACE ( 'NONE', #4791, 1.620000000000001217, 0.1199999999999999956 ) ;
#866 = CARTESIAN_POINT ( 'NONE',  ( 22.50000000000000711, 10.49999999999999822, -13.11999999999999922 ) ) ;
#867 = DIRECTION ( 'NONE',  ( 0.000000000000000000, 0.000000000000000000, 1.000000000000000000 ) ) ;
#868 = CYLINDRICAL_SURFACE ( 'NONE', #3152, 0.1200000000000003147 ) ;
#869 = DIRECTION ( 'NONE',  ( -0.000000000000000000, 1.000000000000000000, -0.000000000000000000 ) ) ;
#870 = VERTEX_POINT ( 'NONE', #238 ) ;
#871 = CARTESIAN_POINT ( 'NONE',  ( -24.49999999999999645, -11.11999999999999922, -9.178920238245225960 ) ) ;
#872 = ADVANCED_FACE ( 'NONE', ( #4122 ), #3442, .T. ) ;
#873 = ADVANCED_FACE ( 'NONE', ( #6233 ), #7392, .T. ) ;
#874 = DIRECTION ( 'NONE',  ( -0.000000000000000000, 1.508455196501571429E-16, -1.000000000000000000 ) ) ;
#875 = CARTESIAN_POINT ( 'NONE',  ( -21.00000000000000000, 10.49999999999999112, -13.11999999999999922 ) ) ;
#876 = CARTESIAN_POINT ( 'NONE',  ( -20.88000000000000256, -10.49999999999999822, 17.38000000000000256 ) ) ;
#877 = CARTESIAN_POINT ( 'NONE',  ( 6.999999999999999112, -12.37999999999999901, 2.499999999999951594 ) ) ;
#878 = TOROIDAL_SURFACE ( 'NONE', #9681, 1.619999999999996776, 0.1199999999999999956 ) ;
#879 = ORIENTED_EDGE ( 'NONE', *, *, #6873, .T. ) ;
#880 = ORIENTED_EDGE ( 'NONE', *, *, #3059, .T. ) ;
#881 = ORIENTED_EDGE ( 'NONE', *, *, #9409, .T. ) ;
#882 = FACE_OUTER_BOUND ( 'NONE', #4531, .T. ) ;
#883 = CARTESIAN_POINT ( 'NONE',  ( -25.80487109870454887, 5.749999999999999112, -13.00000000000000178 ) ) ;
#884 = VECTOR ( 'NONE', #3510, 1000.000000000000000 ) ;
#885 = CARTESIAN_POINT ( 'NONE',  ( -27.50000000000000000, 11.87999999999999012, -14.49999999999999822 ) ) ;
#886 = ORIENTED_EDGE ( 'NONE', *, *, #2576, .F. ) ;
#887 = VECTOR ( 'NONE', #5196, 1000.000000000000000 ) ;
#888 = EDGE_LOOP ( 'NONE', ( #5822, #9306, #5765, #1653 ) ) ;
#889 = DIRECTION ( 'NONE',  ( -1.000000000000000000, 0.000000000000000000, -2.891205793294696372E-15 ) ) ;
#890 = ORIENTED_EDGE ( 'NONE', *, *, #3423, .T. ) ;
#891 = EDGE_LOOP ( 'NONE', ( #4768, #5463, #8326, #5115, #2398 ) ) ;
#892 = ORIENTED_EDGE ( 'NONE', *, *, #8734, .T. ) ;
#893 = CARTESIAN_POINT ( 'NONE',  ( 20.88000000000000256, 10.50000000000001243, 17.50000000000000355 ) ) ;
#894 = VECTOR ( 'NONE', #1477, 1000.000000000000000 ) ;
#895 = CARTESIAN_POINT ( 'NONE',  ( 28.88000000000000256, -12.49999999999999822, -12.50000000000000178 ) ) ;
#896 = CARTESIAN_POINT ( 'NONE',  ( 18.49887765375238047, 0.6246541272872884187, 17.38000000000000611 ) ) ;
#897 = CIRCLE ( 'NONE', #9232, 0.1199999999999985800 ) ;
#898 = ORIENTED_EDGE ( 'NONE', *, *, #5591, .T. ) ;
#899 = DIRECTION ( 'NONE',  ( 0.000000000000000000, 0.000000000000000000, 1.000000000000000000 ) ) ;
#900 = EDGE_CURVE ( 'NONE', #7036, #712, #9341, .T. ) ;
#901 = CARTESIAN_POINT ( 'NONE',  ( -24.49999999999999645, -11.11999999999999922, -5.821079761754772264 ) ) ;
#902 = AXIS2_PLACEMENT_3D ( 'NONE', #373, #963, #3961 ) ;
#903 = LINE ( 'NONE', #7755, #8438 ) ;
#904 = EDGE_CURVE ( 'NONE', #5974, #8433, #8804, .T. ) ;
#905 = CARTESIAN_POINT ( 'NONE',  ( -27.00000000000000355, 27.00000000000000355, 7.833487943424977118 ) ) ;
#906 = DIRECTION ( 'NONE',  ( -1.000000000000000000, 0.000000000000000000, 0.000000000000000000 ) ) ;
#907 = EDGE_CURVE ( 'NONE', #5863, #6887, #2816, .T. ) ;
#908 = CYLINDRICAL_SURFACE ( 'NONE', #7924, 0.1199999999999985800 ) ;
#909 = EDGE_LOOP ( 'NONE', ( #8205, #9242, #7388, #109 ) ) ;
#910 = DIRECTION ( 'NONE',  ( -0.000000000000000000, 1.000000000000000000, 0.000000000000000000 ) ) ;
#911 = EDGE_CURVE ( 'NONE', #5563, #7196, #6427, .T. ) ;
#912 = DIRECTION ( 'NONE',  ( 0.000000000000000000, -1.000000000000000000, 0.000000000000000000 ) ) ;
#913 = DIRECTION ( 'NONE',  ( 0.000000000000000000, -1.000000000000000000, 0.000000000000000000 ) ) ;
#914 = CARTESIAN_POINT ( 'NONE',  ( -6.999999999999999112, -12.37999999999999901, 2.500000000000001332 ) ) ;
#915 = CARTESIAN_POINT ( 'NONE',  ( 20.88000000000000611, -11.11999999999999922, 10.33348794342497712 ) ) ;
#916 = DIRECTION ( 'NONE',  ( 0.000000000000000000, 0.000000000000000000, 1.000000000000000000 ) ) ;
#917 = CYLINDRICAL_SURFACE ( 'NONE', #6474, 1.617476254756360587 ) ;
#918 = LINE ( 'NONE', #2392, #2667 ) ;
#919 = EDGE_CURVE ( 'NONE', #6150, #2132, #8960, .T. ) ;
#920 = DIRECTION ( 'NONE',  ( 0.000000000000000000, 0.000000000000000000, -1.000000000000000000 ) ) ;
#921 = EDGE_CURVE ( 'NONE', #6599, #2658, #4709, .T. ) ;
#922 = EDGE_LOOP ( 'NONE', ( #2803, #9340, #9448, #140 ) ) ;
#923 = ORIENTED_EDGE ( 'NONE', *, *, #8929, .T. ) ;
#924 = VERTEX_POINT ( 'NONE', #7727 ) ;
#925 = AXIS2_PLACEMENT_3D ( 'NONE', #3642, #6697, #2008 ) ;
#926 = CARTESIAN_POINT ( 'NONE',  ( 11.62534587271282405, 0.7488776537524508559, 17.38000000000000611 ) ) ;
#927 = DIRECTION ( 'NONE',  ( 0.000000000000000000, 0.000000000000000000, -1.000000000000000000 ) ) ;
#928 = CYLINDRICAL_SURFACE ( 'NONE', #7238, 1.500000000000000888 ) ;
#929 = AXIS2_PLACEMENT_3D ( 'NONE', #2635, #5641, #4967 ) ;
#930 = VERTEX_POINT ( 'NONE', #3375 ) ;
#931 = DIRECTION ( 'NONE',  ( -0.000000000000000000, 1.000000000000000000, 0.000000000000000000 ) ) ;
#932 = VERTEX_POINT ( 'NONE', #1891 ) ;
#933 = VERTEX_POINT ( 'NONE', #4067 ) ;
#934 = ORIENTED_EDGE ( 'NONE', *, *, #2420, .T. ) ;
#935 = ORIENTED_EDGE ( 'NONE', *, *, #3571, .F. ) ;
#936 = CARTESIAN_POINT ( 'NONE',  ( -6.999999999999999112, 1.727922061357856087, 2.500000000000001332 ) ) ;
#937 = CARTESIAN_POINT ( 'NONE',  ( -9.874654127287220362, -6.248877653752255235, 17.38000000000000611 ) ) ;
#938 = CIRCLE ( 'NONE', #1402, 0.1199999999999985800 ) ;
#939 = ORIENTED_EDGE ( 'NONE', *, *, #4712, .F. ) ;
#940 = CARTESIAN_POINT ( 'NONE',  ( -9.874654127287220362, -6.248877653752255235, 17.38000000000000611 ) ) ;
#941 = AXIS2_PLACEMENT_3D ( 'NONE', #1007, #6321, #6173 ) ;
#942 = LINE ( 'NONE', #4609, #5561 ) ;
#943 = AXIS2_PLACEMENT_3D ( 'NONE', #8507, #6881, #7580 ) ;
#944 = ORIENTED_EDGE ( 'NONE', *, *, #7892, .T. ) ;
#945 = DIRECTION ( 'NONE',  ( 0.000000000000000000, -1.000000000000000000, 0.000000000000000000 ) ) ;
#946 = DIRECTION ( 'NONE',  ( 0.000000000000000000, 0.000000000000000000, -1.000000000000000000 ) ) ;
#947 = CARTESIAN_POINT ( 'NONE',  ( 29.00000000000000000, 11.87999999999999901, -14.37999999999999901 ) ) ;
#948 = AXIS2_PLACEMENT_3D ( 'NONE', #1586, #2180, #717 ) ;
#949 = ADVANCED_FACE ( 'NONE', ( #4019 ), #7032, .T. ) ;
#950 = CARTESIAN_POINT ( 'NONE',  ( -20.70000000000000284, 27.00000000000000355, -11.23041406348422555 ) ) ;
#951 = VERTEX_POINT ( 'NONE', #332 ) ;
#952 = VECTOR ( 'NONE', #9630, 1000.000000000000000 ) ;
#953 = AXIS2_PLACEMENT_3D ( 'NONE', #5347, #6727, #2934 ) ;
#954 = CARTESIAN_POINT ( 'NONE',  ( -10.00000000000002665, 1.727922061357856087, -15.99999999999990408 ) ) ;
#955 = DIRECTION ( 'NONE',  ( 0.000000000000000000, 0.000000000000000000, -1.000000000000000000 ) ) ;
#956 = EDGE_CURVE ( 'NONE', #2155, #243, #5341, .T. ) ;
#957 = EDGE_CURVE ( 'NONE', #2944, #4391, #4397, .T. ) ;
#958 = AXIS2_PLACEMENT_3D ( 'NONE', #5600, #3847, #7648 ) ;
#959 = CARTESIAN_POINT ( 'NONE',  ( 21.00000000000000000, -11.11999999999998323, -11.53041406348422626 ) ) ;
#960 = CARTESIAN_POINT ( 'NONE',  ( -17.80000000000000782, -12.49999999999999822, -19.38000000000000611 ) ) ;
#961 = AXIS2_PLACEMENT_3D ( 'NONE', #6871, #6030, #7569 ) ;
#962 = DIRECTION ( 'NONE',  ( 0.000000000000000000, 0.000000000000000000, -1.000000000000000000 ) ) ;
#963 = DIRECTION ( 'NONE',  ( 0.000000000000000000, -1.000000000000000000, -0.000000000000000000 ) ) ;
#964 = ADVANCED_FACE ( 'NONE', ( #1108 ), #5181, .T. ) ;
#965 = DIRECTION ( 'NONE',  ( 0.000000000000000000, 0.000000000000000000, -1.000000000000000000 ) ) ;
#966 = AXIS2_PLACEMENT_3D ( 'NONE', #4221, #2887, #1998 ) ;
#967 = CARTESIAN_POINT ( 'NONE',  ( 3.001122346247667938, 0.8753458727129063144, 16.12000000000000099 ) ) ;
#968 = VECTOR ( 'NONE', #8206, 1000.000000000000000 ) ;
#969 = DIRECTION ( 'NONE',  ( -1.000000000000000000, -0.000000000000000000, -0.000000000000000000 ) ) ;
#970 = ORIENTED_EDGE ( 'NONE', *, *, #7230, .T. ) ;
#971 = ORIENTED_EDGE ( 'NONE', *, *, #6506, .F. ) ;
#972 = TOROIDAL_SURFACE ( 'NONE', #8845, 1.620000000000000773, 0.1199999999999999956 ) ;
#973 = LINE ( 'NONE', #6277, #8650 ) ;
#974 = DIRECTION ( 'NONE',  ( 0.000000000000000000, 0.000000000000000000, 1.000000000000000000 ) ) ;
#975 = AXIS2_PLACEMENT_3D ( 'NONE', #5031, #2705, #8777 ) ;
#976 = EDGE_CURVE ( 'NONE', #3247, #2490, #6268, .T. ) ;
#977 = ADVANCED_FACE ( 'NONE', ( #1354 ), #781, .T. ) ;
#978 = CIRCLE ( 'NONE', #4916, 1.620000000000003437 ) ;
#979 = VERTEX_POINT ( 'NONE', #8712 ) ;
#980 = AXIS2_PLACEMENT_3D ( 'NONE', #624, #3623, #8905 ) ;
#981 = DIRECTION ( 'NONE',  ( 0.000000000000000000, 0.000000000000000000, -1.000000000000000000 ) ) ;
#982 = ORIENTED_EDGE ( 'NONE', *, *, #4024, .F. ) ;
#983 = EDGE_LOOP ( 'NONE', ( #3540, #7890, #1264, #8019, #7572 ) ) ;
#984 = ORIENTED_EDGE ( 'NONE', *, *, #4826, .T. ) ;
#985 = CARTESIAN_POINT ( 'NONE',  ( -3.001122346247667938, -0.7446541272870949024, 16.00000000000000000 ) ) ;
#986 = CIRCLE ( 'NONE', #6012, 1.500000000000001332 ) ;
#987 = EDGE_CURVE ( 'NONE', #353, #4041, #5791, .T. ) ;
#988 = EDGE_CURVE ( 'NONE', #5133, #2693, #1703, .T. ) ;
#989 = FACE_OUTER_BOUND ( 'NONE', #3537, .T. ) ;
#990 = EDGE_LOOP ( 'NONE', ( #4590, #1323, #2695, #8052 ) ) ;
#991 = ORIENTED_EDGE ( 'NONE', *, *, #904, .F. ) ;
#992 = DIRECTION ( 'NONE',  ( 0.000000000000000000, 0.000000000000000000, -1.000000000000000000 ) ) ;
#993 = VERTEX_POINT ( 'NONE', #1206 ) ;
#994 = ORIENTED_EDGE ( 'NONE', *, *, #7361, .T. ) ;
#995 = VECTOR ( 'NONE', #2373, 1000.000000000000000 ) ;
#996 = ORIENTED_EDGE ( 'NONE', *, *, #4838, .F. ) ;
#997 = CARTESIAN_POINT ( 'NONE',  ( 9.874654127287220362, -7.868877653752257118, 16.00000000000000000 ) ) ;
#998 = DIRECTION ( 'NONE',  ( 0.000000000000000000, 0.000000000000000000, -1.000000000000000000 ) ) ;
#999 = CARTESIAN_POINT ( 'NONE',  ( -18.49887765375238047, 0.6246541272872886408, 17.38000000000000611 ) ) ;
#1000 = DIRECTION ( 'NONE',  ( -1.000000000000000000, 0.000000000000000000, 0.000000000000000000 ) ) ;
#1001 = AXIS2_PLACEMENT_3D ( 'NONE', #150, #1618, #3138 ) ;
#1002 = PLANE ( 'NONE',  #4738 ) ;
#1003 = CARTESIAN_POINT ( 'NONE',  ( -9.999999999999927169, 1.727922061357856087, -0.4999999999998998579 ) ) ;
#1004 = DIRECTION ( 'NONE',  ( 1.000000000000000000, 0.000000000000000000, -0.000000000000000000 ) ) ;
#1005 = FACE_BOUND ( 'NONE', #7206, .T. ) ;
#1006 = AXIS2_PLACEMENT_3D ( 'NONE', #6991, #5511, #981 ) ;
#1007 = CARTESIAN_POINT ( 'NONE',  ( -10.00000000000000178, -11.11999999999999922, -12.11999999999999744 ) ) ;
#1008 = DIRECTION ( 'NONE',  ( 0.000000000000000000, 0.000000000000000000, -1.000000000000000000 ) ) ;
#1009 = CARTESIAN_POINT ( 'NONE',  ( -16.99999999999999645, -12.37999999999999901, -7.499999999999852562 ) ) ;
#1010 = AXIS2_PLACEMENT_3D ( 'NONE', #4528, #7420, #8797 ) ;
#1011 = DIRECTION ( 'NONE',  ( -0.000000000000000000, -0.000000000000000000, 1.000000000000000000 ) ) ;
#1012 = EDGE_CURVE ( 'NONE', #3017, #5923, #2970, .T. ) ;
#1013 = EDGE_LOOP ( 'NONE', ( #1159, #3498, #3439, #30 ) ) ;
#1014 = ORIENTED_EDGE ( 'NONE', *, *, #7371, .T. ) ;
#1015 = CARTESIAN_POINT ( 'NONE',  ( 21.12000000000000455, -12.37999999999999901, -11.53041406348422626 ) ) ;
#1016 = LINE ( 'NONE', #1058, #7345 ) ;
#1017 = ADVANCED_FACE ( 'NONE', ( #8805 ), #3283, .T. ) ;
#1018 = AXIS2_PLACEMENT_3D ( 'NONE', #5882, #3612, #8946 ) ;
#1019 = ADVANCED_FACE ( 'NONE', ( #8908 ), #8968, .T. ) ;
#1020 = DIRECTION ( 'NONE',  ( 1.000000000000000000, 0.000000000000000000, -1.224646799147353207E-16 ) ) ;
#1021 = VERTEX_POINT ( 'NONE', #630 ) ;
#1022 = ADVANCED_FACE ( 'NONE', ( #9490 ), #6607, .T. ) ;
#1023 = DIRECTION ( 'NONE',  ( 0.000000000000000000, -1.000000000000000000, -1.508455196501571429E-16 ) ) ;
#1024 = ORIENTED_EDGE ( 'NONE', *, *, #4208, .F. ) ;
#1025 = EDGE_LOOP ( 'NONE', ( #700, #1755, #6858, #879 ) ) ;
#1026 = AXIS2_PLACEMENT_3D ( 'NONE', #861, #1721, #6304 ) ;
#1027 = DIRECTION ( 'NONE',  ( 0.000000000000000000, -1.000000000000000000, 0.000000000000000000 ) ) ;
#1028 = ORIENTED_EDGE ( 'NONE', *, *, #7841, .T. ) ;
#1029 = DIRECTION ( 'NONE',  ( -1.000000000000000000, 0.000000000000000000, 0.000000000000000000 ) ) ;
#1030 = CARTESIAN_POINT ( 'NONE',  ( -7.329206686002009974E-14, -11.00000000000000000, -4.499999999999998224 ) ) ;
#1031 = DIRECTION ( 'NONE',  ( -0.000000000000000000, -1.000000000000000000, -0.000000000000000000 ) ) ;
#1032 = AXIS2_PLACEMENT_3D ( 'NONE', #1329, #3092, #5418 ) ;
#1033 = CARTESIAN_POINT ( 'NONE',  ( 5.657868212060771615E-16, -11.00000000000000000, 7.120000000000000995 ) ) ;
#1034 = EDGE_CURVE ( 'NONE', #930, #1376, #7335, .T. ) ;
#1035 = CARTESIAN_POINT ( 'NONE',  ( 24.49999999999999645, -12.49999999999999822, -9.178920238245225960 ) ) ;
#1036 = EDGE_CURVE ( 'NONE', #5974, #4793, #6273, .T. ) ;
#1037 = EDGE_LOOP ( 'NONE', ( #1081, #1373, #1171, #1539, #2511 ) ) ;
#1038 = ORIENTED_EDGE ( 'NONE', *, *, #3288, .F. ) ;
#1039 = VERTEX_POINT ( 'NONE', #7231 ) ;
#1040 = VECTOR ( 'NONE', #1599, 1000.000000000000000 ) ;
#1041 = CARTESIAN_POINT ( 'NONE',  ( -21.00000000000000000, -10.49999999999999822, 15.50000000000000178 ) ) ;
#1042 = CARTESIAN_POINT ( 'NONE',  ( -6.999999999999999112, 1.727922061357856087, 2.500000000000001332 ) ) ;
#1043 = LINE ( 'NONE', #6165, #7444 ) ;
#1044 = DIRECTION ( 'NONE',  ( 0.000000000000000000, -1.000000000000000000, 0.000000000000000000 ) ) ;
#1045 = TOROIDAL_SURFACE ( 'NONE', #5306, 1.619999999999999440, 0.1199999999999999956 ) ;
#1046 = DIRECTION ( 'NONE',  ( -1.000000000000000000, 0.000000000000000000, 0.000000000000000000 ) ) ;
#1047 = ORIENTED_EDGE ( 'NONE', *, *, #8198, .T. ) ;
#1048 = CARTESIAN_POINT ( 'NONE',  ( 24.49999999999999645, -11.11999999999999922, 0.8210797617547740401 ) ) ;
#1049 = CARTESIAN_POINT ( 'NONE',  ( 28.88000000000000256, -10.49999999999999645, -14.38000000000000256 ) ) ;
#1050 = DIRECTION ( 'NONE',  ( -0.000000000000000000, 1.508455196501571429E-16, -1.000000000000000000 ) ) ;
#1051 = CARTESIAN_POINT ( 'NONE',  ( -24.49999999999999645, -11.00000000000000000, -7.499999999999999112 ) ) ;
#1052 = CARTESIAN_POINT ( 'NONE',  ( -16.99999999999999645, -12.37999999999999901, -5.879999999999853344 ) ) ;
#1053 = DIRECTION ( 'NONE',  ( 0.000000000000000000, 1.000000000000000000, 0.000000000000000000 ) ) ;
#1054 = CARTESIAN_POINT ( 'NONE',  ( -3.001122346247667938, 0.8753458727129063144, 17.38000000000000611 ) ) ;
#1055 = VERTEX_POINT ( 'NONE', #2739 ) ;
#1056 = ORIENTED_EDGE ( 'NONE', *, *, #237, .T. ) ;
#1057 = DIRECTION ( 'NONE',  ( -0.000000000000000000, -0.000000000000000000, -1.000000000000000000 ) ) ;
#1058 = CARTESIAN_POINT ( 'NONE',  ( 29.00000000000000000, 10.49999999999999289, 4.499999999999997335 ) ) ;
#1059 = DIRECTION ( 'NONE',  ( -1.000000000000000000, 0.000000000000000000, 0.000000000000000000 ) ) ;
#1060 = EDGE_CURVE ( 'NONE', #1698, #5268, #2028, .T. ) ;
#1061 = DIRECTION ( 'NONE',  ( 0.000000000000000000, 0.000000000000000000, -1.000000000000000000 ) ) ;
#1062 = ORIENTED_EDGE ( 'NONE', *, *, #3744, .T. ) ;
#1063 = FACE_OUTER_BOUND ( 'NONE', #990, .T. ) ;
#1064 = ORIENTED_EDGE ( 'NONE', *, *, #8330, .F. ) ;
#1065 = VERTEX_POINT ( 'NONE', #4270 ) ;
#1066 = EDGE_CURVE ( 'NONE', #1959, #3236, #4715, .T. ) ;
#1067 = DIRECTION ( 'NONE',  ( 1.000000000000000000, -0.000000000000000000, 0.000000000000000000 ) ) ;
#1068 = EDGE_LOOP ( 'NONE', ( #7637, #7873, #4151, #7779 ) ) ;
#1069 = DIRECTION ( 'NONE',  ( -0.000000000000000000, 1.000000000000000000, 0.000000000000000000 ) ) ;
#1070 = DIRECTION ( 'NONE',  ( -0.000000000000000000, 1.000000000000000000, 0.000000000000000000 ) ) ;
#1071 = VERTEX_POINT ( 'NONE', #2094 ) ;
#1072 = CIRCLE ( 'NONE', #9256, 0.6200000000000007727 ) ;
#1073 = ADVANCED_FACE ( 'NONE', ( #2885 ), #9129, .T. ) ;
#1074 = LINE ( 'NONE', #6723, #8422 ) ;
#1075 = EDGE_LOOP ( 'NONE', ( #1062, #8388 ) ) ;
#1076 = CARTESIAN_POINT ( 'NONE',  ( 17.80000000000000782, -11.11999999999999744, -17.50000000000000000 ) ) ;
#1077 = CARTESIAN_POINT ( 'NONE',  ( -28.87999999999999901, -11.00000000000000000, 7.833487943424977118 ) ) ;
#1078 = EDGE_LOOP ( 'NONE', ( #4634, #5353, #886, #4603 ) ) ;
#1079 = ORIENTED_EDGE ( 'NONE', *, *, #9210, .T. ) ;
#1080 = CIRCLE ( 'NONE', #3126, 1.620000000000001661 ) ;
#1081 = ORIENTED_EDGE ( 'NONE', *, *, #29, .F. ) ;
#1082 = DIRECTION ( 'NONE',  ( 0.000000000000000000, 0.000000000000000000, 1.000000000000000000 ) ) ;
#1083 = FACE_OUTER_BOUND ( 'NONE', #8791, .T. ) ;
#1084 = DIRECTION ( 'NONE',  ( -0.000000000000000000, -0.000000000000000000, 1.000000000000000000 ) ) ;
#1085 = EDGE_CURVE ( 'NONE', #4783, #501, #5011, .T. ) ;
#1086 = DIRECTION ( 'NONE',  ( -1.000000000000000000, 0.000000000000000000, 0.000000000000000000 ) ) ;
#1087 = ADVANCED_FACE ( 'NONE', ( #2790 ), #3449, .T. ) ;
#1088 = AXIS2_PLACEMENT_3D ( 'NONE', #5162, #8085, #9544 ) ;
#1089 = AXIS2_PLACEMENT_3D ( 'NONE', #8979, #5230, #6011 ) ;
#1090 = CARTESIAN_POINT ( 'NONE',  ( -19.00000000000000355, 12.38000000000000433, 16.12000000000000099 ) ) ;
#1091 = AXIS2_PLACEMENT_3D ( 'NONE', #4711, #7721, #6977 ) ;
#1092 = CARTESIAN_POINT ( 'NONE',  ( 21.12000000000000099, 27.00000000000000355, -14.37999999999999723 ) ) ;
#1093 = ORIENTED_EDGE ( 'NONE', *, *, #73, .T. ) ;
#1094 = CARTESIAN_POINT ( 'NONE',  ( 2.446982568354740204E-14, -12.37999999999999901, 11.00000000000000178 ) ) ;
#1095 = CARTESIAN_POINT ( 'NONE',  ( 19.68000000000000682, -12.37999999999999901, -17.50000000000000000 ) ) ;
#1096 = AXIS2_PLACEMENT_3D ( 'NONE', #7767, #7021, #9330 ) ;
#1097 = DIRECTION ( 'NONE',  ( 0.000000000000000000, 0.000000000000000000, 1.000000000000000000 ) ) ;
#1098 = AXIS2_PLACEMENT_3D ( 'NONE', #2141, #9580, #3719 ) ;
#1099 = DIRECTION ( 'NONE',  ( 0.000000000000000000, 0.000000000000000000, -1.000000000000000000 ) ) ;
#1100 = AXIS2_PLACEMENT_3D ( 'NONE', #914, #8412, #2437 ) ;
#1101 = ADVANCED_FACE ( 'NONE', ( #4322 ), #3867, .F. ) ;
#1102 = FACE_OUTER_BOUND ( 'NONE', #1013, .T. ) ;
#1103 = AXIS2_PLACEMENT_3D ( 'NONE', #4048, #308, #1826 ) ;
#1104 = AXIS2_PLACEMENT_3D ( 'NONE', #6464, #269, #7912 ) ;
#1105 = TOROIDAL_SURFACE ( 'NONE', #2818, 1.619999999999996776, 0.1199999999999999956 ) ;
#1106 = ORIENTED_EDGE ( 'NONE', *, *, #2694, .T. ) ;
#1107 = EDGE_LOOP ( 'NONE', ( #9291, #3639, #7008, #6743, #6541 ) ) ;
#1108 = FACE_OUTER_BOUND ( 'NONE', #3339, .T. ) ;
#1109 = DIRECTION ( 'NONE',  ( -1.000000000000000000, -0.000000000000000000, 0.000000000000000000 ) ) ;
#1110 = AXIS2_PLACEMENT_3D ( 'NONE', #5965, #1946, #4969 ) ;
#1111 = CARTESIAN_POINT ( 'NONE',  ( 21.12000000000000099, -10.50000000000000178, -13.00000000000000000 ) ) ;
#1112 = CIRCLE ( 'NONE', #4276, 1.619999999999998108 ) ;
#1113 = FACE_OUTER_BOUND ( 'NONE', #3398, .T. ) ;
#1114 = ORIENTED_EDGE ( 'NONE', *, *, #7805, .T. ) ;
#1115 = CIRCLE ( 'NONE', #7906, 1.499999999999998668 ) ;
#1116 = CARTESIAN_POINT ( 'NONE',  ( -19.00000000000000355, 10.50000000000000355, 16.12000000000000099 ) ) ;
#1117 = ORIENTED_EDGE ( 'NONE', *, *, #6121, .T. ) ;
#1118 = VERTEX_POINT ( 'NONE', #3077 ) ;
#1119 = FACE_OUTER_BOUND ( 'NONE', #5273, .T. ) ;
#1120 = AXIS2_PLACEMENT_3D ( 'NONE', #831, #6228, #5356 ) ;
#1121 = VERTEX_POINT ( 'NONE', #2387 ) ;
#1122 = CARTESIAN_POINT ( 'NONE',  ( 10.12534587271282582, 0.7488776537524508559, 17.50000000000000355 ) ) ;
#1123 = PRODUCT_CONTEXT ( 'NONE', #7647, 'mechanical' ) ;
#1124 = EDGE_LOOP ( 'NONE', ( #9553, #1160, #5415, #3476 ) ) ;
#1125 = AXIS2_PLACEMENT_3D ( 'NONE', #619, #5109, #2138 ) ;
#1126 = CARTESIAN_POINT ( 'NONE',  ( 10.12534587271282582, 7.748877653752450634, 17.38000000000000611 ) ) ;
#1127 = VECTOR ( 'NONE', #380, 1000.000000000000000 ) ;
#1128 = ORIENTED_EDGE ( 'NONE', *, *, #2174, .T. ) ;
#1129 = DIRECTION ( 'NONE',  ( -0.000000000000000000, 1.508455196501571429E-16, -1.000000000000000000 ) ) ;
#1130 = CARTESIAN_POINT ( 'NONE',  ( -29.00000000000000000, -10.49999999999999645, -12.50000000000000178 ) ) ;
#1131 = EDGE_LOOP ( 'NONE', ( #9220, #79, #1247, #7406 ) ) ;
#1132 = ORIENTED_EDGE ( 'NONE', *, *, #911, .F. ) ;
#1133 = CIRCLE ( 'NONE', #9015, 1.499999999999999556 ) ;
#1134 = EDGE_CURVE ( 'NONE', #8765, #9734, #4567, .T. ) ;
#1135 = CARTESIAN_POINT ( 'NONE',  ( -16.99887765375237692, 0.6246541272872884187, 16.00000000000000000 ) ) ;
#1136 = AXIS2_PLACEMENT_3D ( 'NONE', #6365, #1144, #2524 ) ;
#1137 = DIRECTION ( 'NONE',  ( 0.000000000000000000, 0.000000000000000000, 1.000000000000000000 ) ) ;
#1138 = FACE_OUTER_BOUND ( 'NONE', #4217, .T. ) ;
#1139 = CARTESIAN_POINT ( 'NONE',  ( 29.00000000000000000, 11.99999999999999822, -13.11999999999999922 ) ) ;
#1140 = EDGE_CURVE ( 'NONE', #2904, #3276, #3918, .T. ) ;
#1141 = ADVANCED_FACE ( 'NONE', ( #7625 ), #5187, .T. ) ;
#1142 = CARTESIAN_POINT ( 'NONE',  ( -29.00000000000000000, -10.49999999999999822, 15.50000000000000178 ) ) ;
#1143 = CIRCLE ( 'NONE', #7134, 0.6199999999999989964 ) ;
#1144 = DIRECTION ( 'NONE',  ( 0.000000000000000000, -1.000000000000000000, -0.000000000000000000 ) ) ;
#1145 = ADVANCED_FACE ( 'NONE', ( #5208 ), #4243, .T. ) ;
#1146 = EDGE_LOOP ( 'NONE', ( #2801, #5969, #4726, #8733, #391, #7200, #6451, #8720, #4015, #9156, #2900, #8846, #2304, #5634, #2144, #1621, #3786, #5466, #492, #4795, #2361, #1431, #1117, #5346, #5044, #2590 ) ) ;
#1147 = CARTESIAN_POINT ( 'NONE',  ( -9.874654127287220362, -6.248877653752255235, 16.11999999999999744 ) ) ;
#1148 = DIRECTION ( 'NONE',  ( -0.000000000000000000, 1.508455196501571429E-16, -1.000000000000000000 ) ) ;
#1149 = EDGE_LOOP ( 'NONE', ( #5961, #6332 ) ) ;
#1150 = LINE ( 'NONE', #4163, #9281 ) ;
#1151 = CARTESIAN_POINT ( 'NONE',  ( -7.310836984014799702E-14, 1.727922061357856087, -2.999999999999997335 ) ) ;
#1152 = CIRCLE ( 'NONE', #3834, 1.879999999999999671 ) ;
#1153 = LINE ( 'NONE', #7124, #9010 ) ;
#1154 = DIRECTION ( 'NONE',  ( 0.000000000000000000, 0.000000000000000000, -1.000000000000000000 ) ) ;
#1155 = AXIS2_PLACEMENT_3D ( 'NONE', #2526, #3652, #7503 ) ;
#1156 = AXIS2_PLACEMENT_3D ( 'NONE', #4972, #7991, #9596 ) ;
#1157 = ADVANCED_FACE ( 'NONE', ( #5304 ), #6123, .F. ) ;
#1158 = ADVANCED_FACE ( 'NONE', ( #5407 ), #9739, .T. ) ;
#1159 = ORIENTED_EDGE ( 'NONE', *, *, #6758, .T. ) ;
#1160 = ORIENTED_EDGE ( 'NONE', *, *, #3670, .T. ) ;
#1161 = DIRECTION ( 'NONE',  ( 0.000000000000000000, -1.508455196501571429E-16, 1.000000000000000000 ) ) ;
#1162 = CARTESIAN_POINT ( 'NONE',  ( 9.999999999999927169, -11.11999999999999922, -0.4999999999998998579 ) ) ;
#1163 = DIRECTION ( 'NONE',  ( 1.000000000000000000, 0.000000000000000000, -1.224646799147353207E-16 ) ) ;
#1164 = CARTESIAN_POINT ( 'NONE',  ( 24.00000000000000000, 5.749999999999999112, -13.12000000000000099 ) ) ;
#1165 = AXIS2_PLACEMENT_3D ( 'NONE', #2085, #8903, #721 ) ;
#1166 = CARTESIAN_POINT ( 'NONE',  ( 27.00000000000000355, -11.00000000000000000, 7.833487943424975342 ) ) ;
#1167 = ORIENTED_EDGE ( 'NONE', *, *, #3635, .T. ) ;
#1168 = ORIENTED_EDGE ( 'NONE', *, *, #8810, .T. ) ;
#1169 = EDGE_LOOP ( 'NONE', ( #2853, #4065, #9708, #6006 ) ) ;
#1170 = DIRECTION ( 'NONE',  ( 0.000000000000000000, -1.000000000000000000, 0.000000000000000000 ) ) ;
#1171 = ORIENTED_EDGE ( 'NONE', *, *, #5558, .T. ) ;
#1172 = DIRECTION ( 'NONE',  ( -1.000000000000000000, 0.000000000000000000, 0.000000000000000000 ) ) ;
#1173 = EDGE_LOOP ( 'NONE', ( #6594, #1953, #8776, #3095 ) ) ;
#1174 = DIRECTION ( 'NONE',  ( 0.000000000000000000, -1.000000000000000000, 0.000000000000000000 ) ) ;
#1175 = VERTEX_POINT ( 'NONE', #9726 ) ;
#1176 = DIRECTION ( 'NONE',  ( 1.000000000000000000, -0.000000000000000000, -0.000000000000000000 ) ) ;
#1177 = CIRCLE ( 'NONE', #6698, 1.880000000000001448 ) ;
#1178 = ORIENTED_EDGE ( 'NONE', *, *, #6690, .T. ) ;
#1179 = FACE_OUTER_BOUND ( 'NONE', #2105, .T. ) ;
#1180 = VERTEX_POINT ( 'NONE', #2244 ) ;
#1181 = EDGE_LOOP ( 'NONE', ( #4724, #3441, #3588, #7457 ) ) ;
#1182 = ORIENTED_EDGE ( 'NONE', *, *, #1580, .T. ) ;
#1183 = LINE ( 'NONE', #557, #5911 ) ;
#1184 = AXIS2_PLACEMENT_3D ( 'NONE', #947, #6164, #5480 ) ;
#1185 = CARTESIAN_POINT ( 'NONE',  ( 24.00000000000000000, 5.749999999999999112, -13.12000000000000099 ) ) ;
#1186 = DIRECTION ( 'NONE',  ( 1.000000000000000000, 0.000000000000000000, 0.000000000000000000 ) ) ;
#1187 = VECTOR ( 'NONE', #5573, 1000.000000000000000 ) ;
#1188 = LINE ( 'NONE', #4200, #2076 ) ;
#1189 = EDGE_CURVE ( 'NONE', #4780, #9497, #6120, .T. ) ;
#1190 = CYLINDRICAL_SURFACE ( 'NONE', #5052, 1.500000000000001332 ) ;
#1191 = DIRECTION ( 'NONE',  ( -1.000000000000000000, 0.000000000000000000, 0.000000000000000000 ) ) ;
#1192 = AXIS2_PLACEMENT_3D ( 'NONE', #2019, #8343, #5233 ) ;
#1193 = ORIENTED_EDGE ( 'NONE', *, *, #6864, .T. ) ;
#1194 = EDGE_CURVE ( 'NONE', #6002, #6603, #8414, .T. ) ;
#1195 = DIRECTION ( 'NONE',  ( 0.000000000000000000, -1.000000000000000000, -1.508455196501571429E-16 ) ) ;
#1196 = PLANE ( 'NONE',  #7483 ) ;
#1197 = CARTESIAN_POINT ( 'NONE',  ( -16.99999999999999645, -11.00000000000000000, -5.879999999999853344 ) ) ;
#1198 = DIRECTION ( 'NONE',  ( -0.000000000000000000, -1.000000000000000000, -0.000000000000000000 ) ) ;
#1199 = DIRECTION ( 'NONE',  ( 0.000000000000000000, -1.000000000000000000, -0.000000000000000000 ) ) ;
#1200 = CIRCLE ( 'NONE', #2461, 0.1200000000000003147 ) ;
#1201 = EDGE_CURVE ( 'NONE', #2209, #8722, #5497, .T. ) ;
#1202 = CARTESIAN_POINT ( 'NONE',  ( 27.00000000000000355, -12.37999999999998835, 7.833487943424975342 ) ) ;
#1203 = ORIENTED_EDGE ( 'NONE', *, *, #2863, .T. ) ;
#1204 = ORIENTED_EDGE ( 'NONE', *, *, #2715, .F. ) ;
#1205 = DIRECTION ( 'NONE',  ( -1.000000000000000000, 0.000000000000000000, 0.000000000000000000 ) ) ;
#1206 = CARTESIAN_POINT ( 'NONE',  ( 20.10000000000000853, -11.11999999999998323, -11.23041406348422733 ) ) ;
#1207 = CARTESIAN_POINT ( 'NONE',  ( 6.999999999999999112, 1.727922061357856087, 2.499999999999951594 ) ) ;
#1208 = CARTESIAN_POINT ( 'NONE',  ( -24.49999999999999645, -12.37999999999999901, 0.8210797617547740401 ) ) ;
#1209 = EDGE_CURVE ( 'NONE', #6969, #7950, #7400, .T. ) ;
#1210 = ADVANCED_FACE ( 'NONE', ( #6777 ), #2192, .F. ) ;
#1211 = CARTESIAN_POINT ( 'NONE',  ( -19.68000000000000327, -12.37999999999999901, -17.50000000000000000 ) ) ;
#1212 = DIRECTION ( 'NONE',  ( 0.000000000000000000, 0.000000000000000000, -1.000000000000000000 ) ) ;
#1213 = ORIENTED_EDGE ( 'NONE', *, *, #8809, .T. ) ;
#1214 = ORIENTED_EDGE ( 'NONE', *, *, #862, .F. ) ;
#1215 = ORIENTED_EDGE ( 'NONE', *, *, #242, .F. ) ;
#1216 = ORIENTED_EDGE ( 'NONE', *, *, #5589, .F. ) ;
#1217 = CARTESIAN_POINT ( 'NONE',  ( 21.00000000000000000, -12.38000000000000078, 15.50000000000000178 ) ) ;
#1218 = VERTEX_POINT ( 'NONE', #1452 ) ;
#1219 = DIRECTION ( 'NONE',  ( -1.000000000000000000, 0.000000000000000000, 0.000000000000000000 ) ) ;
#1220 = ORIENTED_EDGE ( 'NONE', *, *, #6514, .F. ) ;
#1221 = FACE_OUTER_BOUND ( 'NONE', #5571, .T. ) ;
#1222 = ORIENTED_EDGE ( 'NONE', *, *, #7166, .T. ) ;
#1223 = CARTESIAN_POINT ( 'NONE',  ( 28.88000000000000256, 10.49999999999999645, -13.11999999999999922 ) ) ;
#1224 = ORIENTED_EDGE ( 'NONE', *, *, #3616, .T. ) ;
#1225 = ORIENTED_EDGE ( 'NONE', *, *, #292, .F. ) ;
#1226 = DIRECTION ( 'NONE',  ( -1.000000000000000000, 0.000000000000000000, 0.000000000000000000 ) ) ;
#1227 = AXIS2_PLACEMENT_3D ( 'NONE', #2108, #2899, #8044 ) ;
#1228 = DIRECTION ( 'NONE',  ( 0.000000000000000000, 0.000000000000000000, 1.000000000000000000 ) ) ;
#1229 = DIRECTION ( 'NONE',  ( 0.000000000000000000, -1.000000000000000000, 0.000000000000000000 ) ) ;
#1230 = FILL_AREA_STYLE_COLOUR ( '', #6660 ) ;
#1231 = CARTESIAN_POINT ( 'NONE',  ( -11.62534587271282938, 7.748877653752450634, 17.38000000000000611 ) ) ;
#1232 = DIRECTION ( 'NONE',  ( -1.224646799147352961E-16, 1.000000000000000000, 0.000000000000000000 ) ) ;
#1233 = ORIENTED_EDGE ( 'NONE', *, *, #4357, .T. ) ;
#1234 = CARTESIAN_POINT ( 'NONE',  ( 20.70000000000000284, -11.11999999999998323, -11.23041406348422555 ) ) ;
#1235 = EDGE_CURVE ( 'NONE', #9204, #5072, #3134, .T. ) ;
#1236 = DIRECTION ( 'NONE',  ( 0.000000000000000000, 0.000000000000000000, -1.000000000000000000 ) ) ;
#1237 = CARTESIAN_POINT ( 'NONE',  ( -9.999999999999927169, -11.11999999999999922, -1.999999999999900746 ) ) ;
#1238 = CARTESIAN_POINT ( 'NONE',  ( -8.625345872712829376, 0.7488776537524508559, 17.38000000000000611 ) ) ;
#1239 = AXIS2_PLACEMENT_3D ( 'NONE', #111, #849, #5467 ) ;
#1240 = DIRECTION ( 'NONE',  ( -1.000000000000000000, 0.000000000000000000, 0.000000000000000000 ) ) ;
#1241 = AXIS2_PLACEMENT_3D ( 'NONE', #6488, #7286, #4175 ) ;
#1242 = EDGE_CURVE ( 'NONE', #9259, #1071, #2825, .T. ) ;
#1243 = DIRECTION ( 'NONE',  ( -0.000000000000000000, -0.000000000000000000, 1.000000000000000000 ) ) ;
#1244 = ADVANCED_FACE ( 'NONE', ( #3725 ), #6760, .T. ) ;
#1245 = DIRECTION ( 'NONE',  ( 0.000000000000000000, 0.000000000000000000, 1.000000000000000000 ) ) ;
#1246 = AXIS2_PLACEMENT_3D ( 'NONE', #8351, #9133, #75 ) ;
#1247 = ORIENTED_EDGE ( 'NONE', *, *, #9409, .F. ) ;
#1248 = VERTEX_POINT ( 'NONE', #8955 ) ;
#1249 = FACE_OUTER_BOUND ( 'NONE', #3650, .T. ) ;
#1250 = ADVANCED_FACE ( 'NONE', ( #9192 ), #3768, .T. ) ;
#1251 = AXIS2_PLACEMENT_3D ( 'NONE', #1884, #7176, #8128 ) ;
#1252 = DIRECTION ( 'NONE',  ( 0.000000000000000000, 0.000000000000000000, 1.000000000000000000 ) ) ;
#1253 = DIRECTION ( 'NONE',  ( 0.000000000000000000, 0.000000000000000000, -1.000000000000000000 ) ) ;
#1254 = CARTESIAN_POINT ( 'NONE',  ( 19.80000000000000071, -12.37999999999997414, -17.50000000000000000 ) ) ;
#1255 = CIRCLE ( 'NONE', #6773, 2.000000000000001776 ) ;
#1256 = EDGE_CURVE ( 'NONE', #5278, #1562, #5036, .T. ) ;
#1257 = LINE ( 'NONE', #5560, #478 ) ;
#1258 = EDGE_CURVE ( 'NONE', #4453, #7948, #6444, .T. ) ;
#1259 = AXIS2_PLACEMENT_3D ( 'NONE', #7366, #7267, #8011 ) ;
#1260 = ORIENTED_EDGE ( 'NONE', *, *, #5891, .F. ) ;
#1261 = AXIS2_PLACEMENT_3D ( 'NONE', #3216, #3312, #5447 ) ;
#1262 = CARTESIAN_POINT ( 'NONE',  ( -3.001122346247667938, 0.8753458727129063144, 17.38000000000000611 ) ) ;
#1263 = ORIENTED_EDGE ( 'NONE', *, *, #68, .F. ) ;
#1264 = ORIENTED_EDGE ( 'NONE', *, *, #2036, .T. ) ;
#1265 = ORIENTED_EDGE ( 'NONE', *, *, #8149, .T. ) ;
#1266 = CIRCLE ( 'NONE', #6780, 0.1199999999999998845 ) ;
#1267 = EDGE_CURVE ( 'NONE', #9433, #6694, #3457, .T. ) ;
#1268 = ORIENTED_EDGE ( 'NONE', *, *, #4524, .T. ) ;
#1269 = FACE_OUTER_BOUND ( 'NONE', #3068, .T. ) ;
#1270 = CIRCLE ( 'NONE', #6937, 0.1199999999999985800 ) ;
#1271 = CYLINDRICAL_SURFACE ( 'NONE', #5274, 0.1199999999999985800 ) ;
#1272 = ORIENTED_EDGE ( 'NONE', *, *, #8862, .T. ) ;
#1273 = AXIS2_PLACEMENT_3D ( 'NONE', #1208, #7233, #9641 ) ;
#1274 = ORIENTED_EDGE ( 'NONE', *, *, #727, .T. ) ;
#1275 = AXIS2_PLACEMENT_3D ( 'NONE', #7556, #118, #6903 ) ;
#1276 = ORIENTED_EDGE ( 'NONE', *, *, #2588, .F. ) ;
#1277 = DIRECTION ( 'NONE',  ( 0.000000000000000000, -1.000000000000000000, 0.000000000000000000 ) ) ;
#1278 = ORIENTED_EDGE ( 'NONE', *, *, #8568, .T. ) ;
#1279 = ORIENTED_EDGE ( 'NONE', *, *, #2097, .T. ) ;
#1280 = EDGE_CURVE ( 'NONE', #5863, #9063, #3168, .T. ) ;
#1281 = CARTESIAN_POINT ( 'NONE',  ( 9.874654127287220362, -6.248877653752255235, 17.38000000000000611 ) ) ;
#1282 = AXIS2_PLACEMENT_3D ( 'NONE', #4761, #6324, #322 ) ;
#1283 = CARTESIAN_POINT ( 'NONE',  ( -21.00000000000000000, -12.38000000000000078, 15.50000000000000178 ) ) ;
#1284 = DIRECTION ( 'NONE',  ( -0.000000000000000000, 0.000000000000000000, 1.000000000000000000 ) ) ;
#1285 = AXIS2_PLACEMENT_3D ( 'NONE', #6733, #7202, #7305 ) ;
#1286 = FACE_BOUND ( 'NONE', #7086, .T. ) ;
#1287 = ORIENTED_EDGE ( 'NONE', *, *, #2950, .F. ) ;
#1288 = CARTESIAN_POINT ( 'NONE',  ( -29.00000000000000000, -12.37999999999999901, -12.50000000000000178 ) ) ;
#1289 = VECTOR ( 'NONE', #9090, 1000.000000000000000 ) ;
#1290 = LINE ( 'NONE', #5188, #2246 ) ;
#1291 = VECTOR ( 'NONE', #8857, 1000.000000000000000 ) ;
#1292 = CARTESIAN_POINT ( 'NONE',  ( -29.00000000000000000, -11.11999999999999922, -12.49999999999999822 ) ) ;
#1293 = DIRECTION ( 'NONE',  ( -0.000000000000000000, 1.000000000000000000, 0.000000000000000000 ) ) ;
#1294 = DIRECTION ( 'NONE',  ( 0.000000000000000000, -1.000000000000000000, 0.000000000000000000 ) ) ;
#1295 = AXIS2_PLACEMENT_3D ( 'NONE', #9466, #7161, #8008 ) ;
#1296 = DIRECTION ( 'NONE',  ( 0.000000000000000000, 0.000000000000000000, 1.000000000000000000 ) ) ;
#1297 = CARTESIAN_POINT ( 'NONE',  ( 3.001122346247667938, -0.7446541272870949024, 16.12000000000000099 ) ) ;
#1298 = VECTOR ( 'NONE', #4950, 1000.000000000000000 ) ;
#1299 = DIRECTION ( 'NONE',  ( -0.000000000000000000, 0.000000000000000000, 1.000000000000000000 ) ) ;
#1300 = FACE_OUTER_BOUND ( 'NONE', #9111, .T. ) ;
#1301 = ORIENTED_EDGE ( 'NONE', *, *, #1201, .T. ) ;
#1302 = DIRECTION ( 'NONE',  ( 0.000000000000000000, 0.000000000000000000, 1.000000000000000000 ) ) ;
#1303 = AXIS2_PLACEMENT_3D ( 'NONE', #5288, #860, #3944 ) ;
#1304 = DIRECTION ( 'NONE',  ( 0.000000000000000000, -1.000000000000000000, 0.000000000000000000 ) ) ;
#1305 = DIRECTION ( 'NONE',  ( 0.000000000000000000, -1.508455196501571429E-16, 1.000000000000000000 ) ) ;
#1306 = AXIS2_PLACEMENT_3D ( 'NONE', #8550, #1004, #4006 ) ;
#1307 = FACE_BOUND ( 'NONE', #2320, .T. ) ;
#1308 = TOROIDAL_SURFACE ( 'NONE', #1001, 1.620000000000002549, 0.1199999999999999956 ) ;
#1309 = ADVANCED_FACE ( 'NONE', ( #274 ), #3367, .F. ) ;
#1310 = ORIENTED_EDGE ( 'NONE', *, *, #1904, .F. ) ;
#1311 = DIRECTION ( 'NONE',  ( -0.000000000000000000, -1.000000000000000000, -0.000000000000000000 ) ) ;
#1312 = EDGE_LOOP ( 'NONE', ( #7746, #4385 ) ) ;
#1313 = ORIENTED_EDGE ( 'NONE', *, *, #8435, .F. ) ;
#1314 = EDGE_LOOP ( 'NONE', ( #7598, #2614, #8953, #2551, #2015 ) ) ;
#1315 = ORIENTED_EDGE ( 'NONE', *, *, #4619, .F. ) ;
#1316 = EDGE_CURVE ( 'NONE', #2056, #6092, #8046, .T. ) ;
#1317 = DIRECTION ( 'NONE',  ( 1.000000000000000000, 0.000000000000000000, -1.224646799147353207E-16 ) ) ;
#1318 = EDGE_CURVE ( 'NONE', #7118, #295, #3624, .T. ) ;
#1319 = AXIS2_PLACEMENT_3D ( 'NONE', #590, #5901, #8915 ) ;
#1320 = ORIENTED_EDGE ( 'NONE', *, *, #8633, .F. ) ;
#1321 = FACE_BOUND ( 'NONE', #5639, .T. ) ;
#1322 = ADVANCED_FACE ( 'NONE', ( #2529 ), #5631, .F. ) ;
#1323 = ORIENTED_EDGE ( 'NONE', *, *, #6378, .T. ) ;
#1324 = DIRECTION ( 'NONE',  ( 0.000000000000000000, 0.000000000000000000, -1.000000000000000000 ) ) ;
#1325 = ORIENTED_EDGE ( 'NONE', *, *, #2958, .T. ) ;
#1326 = DIRECTION ( 'NONE',  ( 0.000000000000000000, 0.000000000000000000, 1.000000000000000000 ) ) ;
#1327 = ORIENTED_EDGE ( 'NONE', *, *, #921, .T. ) ;
#1328 = ORIENTED_EDGE ( 'NONE', *, *, #2239, .F. ) ;
#1329 = CARTESIAN_POINT ( 'NONE',  ( -3.000000000000001776, 1.727922061357856087, -7.499999999999998224 ) ) ;
#1330 = DIRECTION ( 'NONE',  ( 0.000000000000000000, 0.000000000000000000, -1.000000000000000000 ) ) ;
#1331 = DIRECTION ( 'NONE',  ( 1.000000000000000000, 0.000000000000000000, 1.224646799147352961E-16 ) ) ;
#1332 = CARTESIAN_POINT ( 'NONE',  ( -16.99887765375237692, 0.6246541272872884187, 10.50000000000001243 ) ) ;
#1333 = EDGE_CURVE ( 'NONE', #6603, #7145, #9430, .T. ) ;
#1334 = VERTEX_POINT ( 'NONE', #8552 ) ;
#1335 = EDGE_CURVE ( 'NONE', #6312, #7541, #3217, .T. ) ;
#1336 = CARTESIAN_POINT ( 'NONE',  ( -19.80000000000000071, 27.00000000000000355, -17.50000000000000000 ) ) ;
#1337 = FACE_OUTER_BOUND ( 'NONE', #9169, .T. ) ;
#1338 = AXIS2_PLACEMENT_3D ( 'NONE', #8702, #9478, #5884 ) ;
#1339 = ORIENTED_EDGE ( 'NONE', *, *, #7041, .F. ) ;
#1340 = AXIS2_PLACEMENT_3D ( 'NONE', #4094, #3557, #6184 ) ;
#1341 = CARTESIAN_POINT ( 'NONE',  ( 20.88000000000000611, -10.49999999999999822, 15.50000000000000178 ) ) ;
#1342 = CARTESIAN_POINT ( 'NONE',  ( 24.49999999999999645, -12.37999999999999901, 2.500000000000001332 ) ) ;
#1343 = CARTESIAN_POINT ( 'NONE',  ( -27.50000000000000000, 11.99999999999998757, 4.499999999999997335 ) ) ;
#1344 = DIRECTION ( 'NONE',  ( 0.000000000000000000, 0.000000000000000000, 1.000000000000000000 ) ) ;
#1345 = VERTEX_POINT ( 'NONE', #1785 ) ;
#1346 = CARTESIAN_POINT ( 'NONE',  ( -20.10000000000000853, -11.11999999999999744, -11.11041406348422811 ) ) ;
#1347 = CIRCLE ( 'NONE', #3871, 1.620000000000001661 ) ;
#1348 = LINE ( 'NONE', #671, #952 ) ;
#1349 = CIRCLE ( 'NONE', #3228, 0.1200000000000003147 ) ;
#1350 = CARTESIAN_POINT ( 'NONE',  ( -19.68000000000000682, -11.00000000000000000, -11.53041406348422626 ) ) ;
#1351 = VERTEX_POINT ( 'NONE', #6919 ) ;
#1352 = CARTESIAN_POINT ( 'NONE',  ( -3.000000000000001776, -11.11999999999999922, -5.999999999999996447 ) ) ;
#1353 = VECTOR ( 'NONE', #158, 1000.000000000000000 ) ;
#1354 = FACE_OUTER_BOUND ( 'NONE', #6182, .T. ) ;
#1355 = FACE_OUTER_BOUND ( 'NONE', #9446, .T. ) ;
#1356 = AXIS2_PLACEMENT_3D ( 'NONE', #3031, #6038, #1542 ) ;
#1357 = DIRECTION ( 'NONE',  ( 0.000000000000000000, 0.000000000000000000, -1.000000000000000000 ) ) ;
#1358 = CYLINDRICAL_SURFACE ( 'NONE', #3620, 0.1200000000000003147 ) ;
#1359 = CARTESIAN_POINT ( 'NONE',  ( -27.50000000000000000, 11.99999999999999112, -13.11999999999999922 ) ) ;
#1360 = EDGE_LOOP ( 'NONE', ( #6885, #7738, #340, #7942 ) ) ;
#1361 = EDGE_LOOP ( 'NONE', ( #9028, #9351, #9116, #9303 ) ) ;
#1362 = VERTEX_POINT ( 'NONE', #179 ) ;
#1363 = EDGE_LOOP ( 'NONE', ( #4686, #9512, #3858, #8851 ) ) ;
#1364 = CARTESIAN_POINT ( 'NONE',  ( 24.00000000000000000, 5.749999999999996447, 4.499999999999995559 ) ) ;
#1365 = ORIENTED_EDGE ( 'NONE', *, *, #2701, .F. ) ;
#1366 = EDGE_CURVE ( 'NONE', #3529, #3304, #5197, .T. ) ;
#1367 = ORIENTED_EDGE ( 'NONE', *, *, #4667, .T. ) ;
#1368 = CARTESIAN_POINT ( 'NONE',  ( -10.00000000000002665, -12.49999999999999822, -14.49999999999990230 ) ) ;
#1369 = ORIENTED_EDGE ( 'NONE', *, *, #268, .F. ) ;
#1370 = EDGE_LOOP ( 'NONE', ( #7440, #637, #2787, #1313 ) ) ;
#1371 = EDGE_CURVE ( 'NONE', #6312, #9362, #8461, .T. ) ;
#1372 = ADVANCED_FACE ( 'NONE', ( #4850 ), #7068, .F. ) ;
#1373 = ORIENTED_EDGE ( 'NONE', *, *, #6097, .T. ) ;
#1374 = DIRECTION ( 'NONE',  ( 0.000000000000000000, 0.000000000000000000, -1.000000000000000000 ) ) ;
#1375 = EDGE_LOOP ( 'NONE', ( #2110, #1666, #3690, #6343, #3586 ) ) ;
#1376 = VERTEX_POINT ( 'NONE', #6973 ) ;
#1377 = DIRECTION ( 'NONE',  ( 0.000000000000000000, -1.000000000000000000, 0.000000000000000000 ) ) ;
#1378 = EDGE_CURVE ( 'NONE', #4435, #5385, #2671, .T. ) ;
#1379 = DIRECTION ( 'NONE',  ( -1.000000000000000000, 0.000000000000000000, 0.000000000000000000 ) ) ;
#1380 = DIRECTION ( 'NONE',  ( 0.000000000000000000, 0.000000000000000000, -1.000000000000000000 ) ) ;
#1381 = VERTEX_POINT ( 'NONE', #4757 ) ;
#1382 = EDGE_LOOP ( 'NONE', ( #3708, #4550, #2763, #290, #7904, #8098, #5092, #5940 ) ) ;
#1383 = CARTESIAN_POINT ( 'NONE',  ( -10.00000000000002665, -11.11999999999999922, -14.49999999999990230 ) ) ;
#1384 = FACE_OUTER_BOUND ( 'NONE', #7356, .T. ) ;
#1385 = VECTOR ( 'NONE', #8724, 1000.000000000000000 ) ;
#1386 = ORIENTED_EDGE ( 'NONE', *, *, #9166, .F. ) ;
#1387 = LINE ( 'NONE', #4408, #4498 ) ;
#1388 = EDGE_CURVE ( 'NONE', #7642, #9421, #6766, .T. ) ;
#1389 = ADVANCED_FACE ( 'NONE', ( #2580 ), #9135, .T. ) ;
#1390 = CARTESIAN_POINT ( 'NONE',  ( 19.80000000000000071, -11.11999999999998323, -17.50000000000000000 ) ) ;
#1391 = CARTESIAN_POINT ( 'NONE',  ( 27.00000000000000355, -12.37999999999998835, 9.833487943424978894 ) ) ;
#1392 = DIRECTION ( 'NONE',  ( -1.000000000000000000, 0.000000000000000000, 0.000000000000000000 ) ) ;
#1393 = DIRECTION ( 'NONE',  ( 0.000000000000000000, 0.000000000000000000, 1.000000000000000000 ) ) ;
#1394 = CIRCLE ( 'NONE', #8030, 1.500000000000003109 ) ;
#1395 = DIRECTION ( 'NONE',  ( 0.000000000000000000, 0.000000000000000000, -1.000000000000000000 ) ) ;
#1396 = CARTESIAN_POINT ( 'NONE',  ( -21.12000000000000455, -11.00000000000000000, -11.53041406348422626 ) ) ;
#1397 = ORIENTED_EDGE ( 'NONE', *, *, #62, .F. ) ;
#1398 = FACE_BOUND ( 'NONE', #6645, .T. ) ;
#1399 = AXIS2_PLACEMENT_3D ( 'NONE', #4474, #8273, #2936 ) ;
#1400 = EDGE_CURVE ( 'NONE', #3304, #4736, #8701, .T. ) ;
#1401 = DIRECTION ( 'NONE',  ( -1.000000000000000000, -0.000000000000000000, -0.000000000000000000 ) ) ;
#1402 = AXIS2_PLACEMENT_3D ( 'NONE', #7035, #3836, #6989 ) ;
#1403 = CYLINDRICAL_SURFACE ( 'NONE', #4742, 1.499999999999999556 ) ;
#1404 = CARTESIAN_POINT ( 'NONE',  ( 21.12000000000000099, -11.00000000000000000, -11.53041406348422626 ) ) ;
#1405 = VECTOR ( 'NONE', #3478, 1000.000000000000000 ) ;
#1406 = AXIS2_PLACEMENT_3D ( 'NONE', #877, #5309, #1602 ) ;
#1407 = DIRECTION ( 'NONE',  ( -1.000000000000000000, 0.000000000000000000, 0.000000000000000000 ) ) ;
#1408 = ORIENTED_EDGE ( 'NONE', *, *, #7474, .F. ) ;
#1409 = ORIENTED_EDGE ( 'NONE', *, *, #1514, .T. ) ;
#1410 = EDGE_LOOP ( 'NONE', ( #594, #1203, #4973, #5322 ) ) ;
#1411 = ORIENTED_EDGE ( 'NONE', *, *, #5368, .F. ) ;
#1412 = DIRECTION ( 'NONE',  ( -0.000000000000000000, 1.508455196501571429E-16, -1.000000000000000000 ) ) ;
#1413 = CIRCLE ( 'NONE', #2675, 0.5000000000000004441 ) ;
#1414 = CIRCLE ( 'NONE', #6928, 1.500000000000001332 ) ;
#1415 = DIRECTION ( 'NONE',  ( 0.000000000000000000, -1.000000000000000000, 0.000000000000000000 ) ) ;
#1416 = VERTEX_POINT ( 'NONE', #2136 ) ;
#1417 = VERTEX_POINT ( 'NONE', #7171 ) ;
#1418 = CIRCLE ( 'NONE', #8054, 4.619999999999998330 ) ;
#1419 = ORIENTED_EDGE ( 'NONE', *, *, #6377, .T. ) ;
#1420 = ADVANCED_FACE ( 'NONE', ( #5734 ), #7971, .T. ) ;
#1421 = CARTESIAN_POINT ( 'NONE',  ( 29.00000000000000000, -10.49999999999999645, -14.50000000000000178 ) ) ;
#1422 = VERTEX_POINT ( 'NONE', #5050 ) ;
#1423 = VERTEX_POINT ( 'NONE', #1934 ) ;
#1424 = AXIS2_PLACEMENT_3D ( 'NONE', #1729, #7063, #4748 ) ;
#1425 = FACE_OUTER_BOUND ( 'NONE', #2165, .T. ) ;
#1426 = DIRECTION ( 'NONE',  ( 0.000000000000000000, 0.000000000000000000, -1.000000000000000000 ) ) ;
#1427 = DIRECTION ( 'NONE',  ( -0.000000000000000000, -1.000000000000000000, -0.000000000000000000 ) ) ;
#1428 = VERTEX_POINT ( 'NONE', #418 ) ;
#1429 = CIRCLE ( 'NONE', #7729, 0.1199999999999998845 ) ;
#1430 = AXIS2_PLACEMENT_3D ( 'NONE', #940, #162, #2272 ) ;
#1431 = ORIENTED_EDGE ( 'NONE', *, *, #9441, .T. ) ;
#1432 = FACE_OUTER_BOUND ( 'NONE', #4623, .T. ) ;
#1433 = EDGE_CURVE ( 'NONE', #5325, #3266, #1878, .T. ) ;
#1434 = CARTESIAN_POINT ( 'NONE',  ( -10.00000000000000178, -11.00000000000000000, -12.11999999999999744 ) ) ;
#1435 = EDGE_LOOP ( 'NONE', ( #5625, #3789, #768, #6333 ) ) ;
#1436 = DIRECTION ( 'NONE',  ( -0.000000000000000000, -0.000000000000000000, 1.000000000000000000 ) ) ;
#1437 = AXIS2_PLACEMENT_3D ( 'NONE', #3083, #9240, #2536 ) ;
#1438 = EDGE_CURVE ( 'NONE', #5563, #5703, #2080, .T. ) ;
#1439 = DIRECTION ( 'NONE',  ( 0.000000000000000000, -1.000000000000000000, 0.000000000000000000 ) ) ;
#1440 = DIRECTION ( 'NONE',  ( 0.000000000000000000, 0.000000000000000000, -1.000000000000000000 ) ) ;
#1441 = ADVANCED_FACE ( 'NONE', ( #3413 ), #8353, .T. ) ;
#1442 = CARTESIAN_POINT ( 'NONE',  ( -20.88000000000000611, -10.49999999999999822, 15.50000000000000178 ) ) ;
#1443 = AXIS2_PLACEMENT_3D ( 'NONE', #8126, #4209, #5684 ) ;
#1444 = CARTESIAN_POINT ( 'NONE',  ( 29.00000000000000000, -10.49999999999999645, -12.50000000000000178 ) ) ;
#1445 = DIRECTION ( 'NONE',  ( 1.000000000000000000, 0.000000000000000000, -1.224646799147353207E-16 ) ) ;
#1446 = AXIS2_PLACEMENT_3D ( 'NONE', #8609, #8708, #3721 ) ;
#1447 = EDGE_CURVE ( 'NONE', #1055, #5422, #7218, .T. ) ;
#1448 = LINE ( 'NONE', #4374, #6648 ) ;
#1449 = ORIENTED_EDGE ( 'NONE', *, *, #919, .F. ) ;
#1450 = CIRCLE ( 'NONE', #45, 1.804871098704547538 ) ;
#1451 = DIRECTION ( 'NONE',  ( 0.000000000000000000, 0.000000000000000000, -1.000000000000000000 ) ) ;
#1452 = CARTESIAN_POINT ( 'NONE',  ( 24.49999999999999645, -12.49999999999999822, -5.821079761754772264 ) ) ;
#1453 = CARTESIAN_POINT ( 'NONE',  ( -10.12534587271282582, 2.368877653752447632, 16.00000000000000000 ) ) ;
#1454 = AXIS2_PLACEMENT_3D ( 'NONE', #9233, #6079, #2332 ) ;
#1455 = DIRECTION ( 'NONE',  ( -0.000000000000000000, 1.000000000000000000, -0.000000000000000000 ) ) ;
#1456 = FACE_BOUND ( 'NONE', #3982, .T. ) ;
#1457 = CIRCLE ( 'NONE', #2249, 1.500000000000001332 ) ;
#1458 = ADVANCED_FACE ( 'NONE', ( #2872 ), #8849, .F. ) ;
#1459 = EDGE_CURVE ( 'NONE', #1039, #688, #6279, .T. ) ;
#1460 = AXIS2_PLACEMENT_3D ( 'NONE', #119, #3107, #9130 ) ;
#1461 = DIRECTION ( 'NONE',  ( -0.000000000000000000, -1.000000000000000000, -0.000000000000000000 ) ) ;
#1462 = VERTEX_POINT ( 'NONE', #4206 ) ;
#1463 = ORIENTED_EDGE ( 'NONE', *, *, #6566, .F. ) ;
#1464 = ORIENTED_EDGE ( 'NONE', *, *, #5959, .F. ) ;
#1465 = LINE ( 'NONE', #7489, #8184 ) ;
#1466 = CIRCLE ( 'NONE', #7776, 0.1200000000000003147 ) ;
#1467 = DIRECTION ( 'NONE',  ( 0.000000000000000000, -1.000000000000000000, 0.000000000000000000 ) ) ;
#1468 = VERTEX_POINT ( 'NONE', #1197 ) ;
#1469 = ORIENTED_EDGE ( 'NONE', *, *, #7299, .T. ) ;
#1470 = ORIENTED_EDGE ( 'NONE', *, *, #7190, .F. ) ;
#1471 = DIRECTION ( 'NONE',  ( -1.000000000000000000, -0.000000000000000000, -0.000000000000000000 ) ) ;
#1472 = ORIENTED_EDGE ( 'NONE', *, *, #5500, .F. ) ;
#1473 = ORIENTED_EDGE ( 'NONE', *, *, #5130, .F. ) ;
#1474 = AXIS2_PLACEMENT_3D ( 'NONE', #7088, #4779, #9349 ) ;
#1475 = DIRECTION ( 'NONE',  ( -1.000000000000000000, 0.000000000000000000, 0.000000000000000000 ) ) ;
#1476 = DIRECTION ( 'NONE',  ( -1.000000000000000000, 0.000000000000000000, 0.000000000000000000 ) ) ;
#1477 = DIRECTION ( 'NONE',  ( 0.000000000000000000, 0.000000000000000000, -1.000000000000000000 ) ) ;
#1478 = ORIENTED_EDGE ( 'NONE', *, *, #9640, .F. ) ;
#1479 = ORIENTED_EDGE ( 'NONE', *, *, #4419, .F. ) ;
#1480 = CIRCLE ( 'NONE', #9051, 1.620000000000000773 ) ;
#1481 = ORIENTED_EDGE ( 'NONE', *, *, #4452, .F. ) ;
#1482 = DIRECTION ( 'NONE',  ( -0.000000000000000000, 1.000000000000000000, 0.000000000000000000 ) ) ;
#1483 = DIRECTION ( 'NONE',  ( 0.000000000000000000, 0.000000000000000000, -1.000000000000000000 ) ) ;
#1484 = AXIS2_PLACEMENT_3D ( 'NONE', #6114, #8266, #1491 ) ;
#1485 = CARTESIAN_POINT ( 'NONE',  ( 24.49999999999999645, -11.11999999999999922, -7.499999999999999112 ) ) ;
#1486 = CARTESIAN_POINT ( 'NONE',  ( 25.73747625475635914, -4.250000000000000888, -13.12000000000000099 ) ) ;
#1487 = CARTESIAN_POINT ( 'NONE',  ( -16.99999999999999645, -11.11999999999999922, -7.499999999999852562 ) ) ;
#1488 = TOROIDAL_SURFACE ( 'NONE', #401, 1.619999999999999440, 0.1199999999999999956 ) ;
#1489 = EDGE_CURVE ( 'NONE', #392, #153, #7083, .T. ) ;
#1490 = DIRECTION ( 'NONE',  ( -0.000000000000000000, 1.000000000000000000, 0.000000000000000000 ) ) ;
#1491 = DIRECTION ( 'NONE',  ( 0.000000000000000000, -1.000000000000000000, -1.508455196501571429E-16 ) ) ;
#1492 = DIRECTION ( 'NONE',  ( 0.000000000000000000, 0.000000000000000000, -1.000000000000000000 ) ) ;
#1493 = LINE ( 'NONE', #2238, #1291 ) ;
#1494 = ADVANCED_FACE ( 'NONE', ( #6471 ), #2665, .T. ) ;
#1495 = CIRCLE ( 'NONE', #5590, 1.620000000000000773 ) ;
#1496 = EDGE_CURVE ( 'NONE', #5021, #5378, #7405, .T. ) ;
#1497 = ORIENTED_EDGE ( 'NONE', *, *, #2275, .T. ) ;
#1498 = DIRECTION ( 'NONE',  ( 0.000000000000000000, -1.000000000000000000, 0.000000000000000000 ) ) ;
#1499 = CARTESIAN_POINT ( 'NONE',  ( -9.874654127287220362, -6.248877653752255235, 17.38000000000000611 ) ) ;
#1500 = CARTESIAN_POINT ( 'NONE',  ( 21.12000000000000099, -10.49999999999999822, -12.49999999999999822 ) ) ;
#1501 = EDGE_CURVE ( 'NONE', #3420, #5433, #5355, .T. ) ;
#1502 = DIRECTION ( 'NONE',  ( 0.000000000000000000, 0.000000000000000000, 1.000000000000000000 ) ) ;
#1503 = AXIS2_PLACEMENT_3D ( 'NONE', #3738, #194, #3181 ) ;
#1504 = DIRECTION ( 'NONE',  ( 0.000000000000000000, 0.000000000000000000, 1.000000000000000000 ) ) ;
#1505 = DIRECTION ( 'NONE',  ( -0.000000000000000000, -0.000000000000000000, 1.000000000000000000 ) ) ;
#1506 = FACE_OUTER_BOUND ( 'NONE', #3273, .T. ) ;
#1507 = CIRCLE ( 'NONE', #3877, 1.558920238245227186 ) ;
#1508 = ORIENTED_EDGE ( 'NONE', *, *, #4368, .F. ) ;
#1509 = ORIENTED_EDGE ( 'NONE', *, *, #3844, .F. ) ;
#1510 = AXIS2_PLACEMENT_3D ( 'NONE', #9009, #7524, #2937 ) ;
#1511 = ORIENTED_EDGE ( 'NONE', *, *, #9468, .T. ) ;
#1512 = DIRECTION ( 'NONE',  ( 0.000000000000000000, -1.508455196501571429E-16, 1.000000000000000000 ) ) ;
#1513 = DIRECTION ( 'NONE',  ( -1.000000000000000000, 0.000000000000000000, 0.000000000000000000 ) ) ;
#1514 = EDGE_CURVE ( 'NONE', #530, #6240, #1150, .T. ) ;
#1515 = ADVANCED_FACE ( 'NONE', ( #9422 ), #3924, .T. ) ;
#1516 = DIRECTION ( 'NONE',  ( 0.000000000000000000, -1.000000000000000000, -1.508455196501571429E-16 ) ) ;
#1517 = CIRCLE ( 'NONE', #3384, 0.6200000000000007727 ) ;
#1518 = VERTEX_POINT ( 'NONE', #3465 ) ;
#1519 = CARTESIAN_POINT ( 'NONE',  ( -20.10000000000000853, -12.49999999999999822, -11.53041406348422626 ) ) ;
#1520 = ORIENTED_EDGE ( 'NONE', *, *, #7468, .F. ) ;
#1521 = VERTEX_POINT ( 'NONE', #122 ) ;
#1522 = CARTESIAN_POINT ( 'NONE',  ( 21.00000000000000000, -11.11999999999999744, -12.49999999999999822 ) ) ;
#1523 = EDGE_CURVE ( 'NONE', #3304, #329, #5977, .T. ) ;
#1524 = DIRECTION ( 'NONE',  ( 0.000000000000000000, 0.000000000000000000, -1.000000000000000000 ) ) ;
#1525 = CARTESIAN_POINT ( 'NONE',  ( 28.88000000000000256, -11.00000000000000000, -12.49999999999999822 ) ) ;
#1526 = ORIENTED_EDGE ( 'NONE', *, *, #8693, .T. ) ;
#1527 = ORIENTED_EDGE ( 'NONE', *, *, #683, .T. ) ;
#1528 = DIRECTION ( 'NONE',  ( 1.000000000000000000, 0.000000000000000000, -1.224646799147353207E-16 ) ) ;
#1529 = CARTESIAN_POINT ( 'NONE',  ( 21.00000000000000000, -10.49999999999999645, -14.38000000000000256 ) ) ;
#1530 = CYLINDRICAL_SURFACE ( 'NONE', #4659, 1.500000000000003109 ) ;
#1531 = DIRECTION ( 'NONE',  ( -1.000000000000000000, 0.000000000000000000, 0.000000000000000000 ) ) ;
#1532 = CARTESIAN_POINT ( 'NONE',  ( 19.00000000000000355, 10.50000000000000355, 16.12000000000000099 ) ) ;
#1533 = DIRECTION ( 'NONE',  ( 0.000000000000000000, 0.000000000000000000, 1.000000000000000000 ) ) ;
#1534 = VERTEX_POINT ( 'NONE', #764 ) ;
#1535 = DIRECTION ( 'NONE',  ( -1.000000000000000000, -0.000000000000000000, 0.000000000000000000 ) ) ;
#1536 = DIRECTION ( 'NONE',  ( 0.000000000000000000, 0.000000000000000000, -1.000000000000000000 ) ) ;
#1537 = CIRCLE ( 'NONE', #9741, 0.1200000000000003147 ) ;
#1538 = FACE_OUTER_BOUND ( 'NONE', #1617, .T. ) ;
#1539 = ORIENTED_EDGE ( 'NONE', *, *, #8440, .T. ) ;
#1540 = CARTESIAN_POINT ( 'NONE',  ( 29.00000000000000000, -10.49999999999999822, 15.50000000000000178 ) ) ;
#1541 = DIRECTION ( 'NONE',  ( 0.000000000000000000, 0.000000000000000000, -1.000000000000000000 ) ) ;
#1542 = DIRECTION ( 'NONE',  ( -1.224646799147351482E-16, 0.000000000000000000, -1.000000000000000000 ) ) ;
#1543 = AXIS2_PLACEMENT_3D ( 'NONE', #8101, #1317, #8378 ) ;
#1544 = CARTESIAN_POINT ( 'NONE',  ( 15.37887765375237770, 0.6246541272872884187, 17.38000000000000611 ) ) ;
#1545 = ADVANCED_FACE ( 'NONE', ( #7612 ), #2037, .T. ) ;
#1546 = ADVANCED_FACE ( 'NONE', ( #6865, #9673, #8214, #6720, #9042, #4462, #6111, #24, #2327, #666, #3757 ), #5153, .F. ) ;
#1547 = FACE_OUTER_BOUND ( 'NONE', #9540, .T. ) ;
#1548 = CARTESIAN_POINT ( 'NONE',  ( 24.49999999999999645, -12.49999999999999822, -7.499999999999999112 ) ) ;
#1549 = CIRCLE ( 'NONE', #6601, 1.500000000000000888 ) ;
#1550 = EDGE_CURVE ( 'NONE', #6232, #3845, #5337, .T. ) ;
#1551 = CARTESIAN_POINT ( 'NONE',  ( 9.874654127287220362, -7.748877653752257899, 16.11999999999999744 ) ) ;
#1552 = ORIENTED_EDGE ( 'NONE', *, *, #844, .F. ) ;
#1553 = EDGE_LOOP ( 'NONE', ( #1497, #2894 ) ) ;
#1554 = ORIENTED_EDGE ( 'NONE', *, *, #1622, .T. ) ;
#1555 = AXIS2_PLACEMENT_3D ( 'NONE', #1166, #5696, #1061 ) ;
#1556 = CARTESIAN_POINT ( 'NONE',  ( 21.00000000000000000, -10.49999999999999822, 15.50000000000000178 ) ) ;
#1557 = DIRECTION ( 'NONE',  ( -0.000000000000000000, -1.000000000000000000, -0.000000000000000000 ) ) ;
#1558 = EDGE_CURVE ( 'NONE', #392, #3267, #5043, .T. ) ;
#1559 = ADVANCED_FACE ( 'NONE', ( #4410 ), #8170, .F. ) ;
#1560 = AXIS2_PLACEMENT_3D ( 'NONE', #4569, #1541, #728 ) ;
#1561 = LINE ( 'NONE', #5508, #2194 ) ;
#1562 = VERTEX_POINT ( 'NONE', #2924 ) ;
#1563 = AXIS2_PLACEMENT_3D ( 'NONE', #967, #2297, #2441 ) ;
#1564 = EDGE_CURVE ( 'NONE', #6379, #979, #5507, .T. ) ;
#1565 = ORIENTED_EDGE ( 'NONE', *, *, #921, .F. ) ;
#1566 = DIRECTION ( 'NONE',  ( 0.000000000000000000, 0.000000000000000000, 1.000000000000000000 ) ) ;
#1567 = ORIENTED_EDGE ( 'NONE', *, *, #7681, .F. ) ;
#1568 = VERTEX_POINT ( 'NONE', #1390 ) ;
#1569 = AXIS2_PLACEMENT_3D ( 'NONE', #2627, #9236, #962 ) ;
#1570 = CARTESIAN_POINT ( 'NONE',  ( -19.68000000000000682, -12.37999999999999901, -11.53041406348422626 ) ) ;
#1571 = AXIS2_PLACEMENT_3D ( 'NONE', #4620, #2331, #6214 ) ;
#1572 = CIRCLE ( 'NONE', #2836, 1.499999999999999556 ) ;
#1573 = DIRECTION ( 'NONE',  ( 0.000000000000000000, 0.000000000000000000, -1.000000000000000000 ) ) ;
#1574 = CARTESIAN_POINT ( 'NONE',  ( -22.26252374524364086, -4.250000000000000888, -13.00000000000000178 ) ) ;
#1575 = EDGE_LOOP ( 'NONE', ( #5372, #9713 ) ) ;
#1576 = AXIS2_PLACEMENT_3D ( 'NONE', #4657, #2376, #3353 ) ;
#1577 = VERTEX_POINT ( 'NONE', #8995 ) ;
#1578 = CARTESIAN_POINT ( 'NONE',  ( -20.88000000000000611, -11.11999999999999922, 10.33348794342497712 ) ) ;
#1579 = AXIS2_PLACEMENT_3D ( 'NONE', #2720, #8695, #9275 ) ;
#1580 = EDGE_CURVE ( 'NONE', #7846, #2697, #8984, .T. ) ;
#1581 = LINE ( 'NONE', #7700, #995 ) ;
#1582 = TOROIDAL_SURFACE ( 'NONE', #786, 1.620000000000000773, 0.1199999999999999956 ) ;
#1583 = ADVANCED_FACE ( 'NONE', ( #6071 ), #8360, .T. ) ;
#1584 = DIRECTION ( 'NONE',  ( -0.000000000000000000, -0.000000000000000000, 1.000000000000000000 ) ) ;
#1585 = CIRCLE ( 'NONE', #5211, 1.999999999999999112 ) ;
#1586 = CARTESIAN_POINT ( 'NONE',  ( -10.00000000000002665, -12.37999999999999901, -14.49999999999990230 ) ) ;
#1587 = DIRECTION ( 'NONE',  ( -1.000000000000000000, 0.000000000000000000, 0.000000000000000000 ) ) ;
#1588 = AXIS2_PLACEMENT_3D ( 'NONE', #4690, #18, #5287 ) ;
#1589 = CARTESIAN_POINT ( 'NONE',  ( 4.621122346247669377, 0.8753458727129065364, 17.50000000000000355 ) ) ;
#1590 = DIRECTION ( 'NONE',  ( -0.000000000000000000, 1.508455196501571429E-16, -1.000000000000000000 ) ) ;
#1591 = CARTESIAN_POINT ( 'NONE',  ( -10.00000000000000178, -12.37999999999999901, -7.499999999999999112 ) ) ;
#1592 = AXIS2_PLACEMENT_3D ( 'NONE', #7285, #8136, #3584 ) ;
#1593 = CARTESIAN_POINT ( 'NONE',  ( -7.310836984014799702E-14, -11.11999999999999922, -2.999999999999997335 ) ) ;
#1594 = CIRCLE ( 'NONE', #4604, 0.1200000000000003147 ) ;
#1595 = ORIENTED_EDGE ( 'NONE', *, *, #9530, .F. ) ;
#1596 = VERTEX_POINT ( 'NONE', #8263 ) ;
#1597 = CARTESIAN_POINT ( 'NONE',  ( -16.99999999999999645, -12.37999999999999901, -7.499999999999852562 ) ) ;
#1598 = DIRECTION ( 'NONE',  ( 0.000000000000000000, 0.000000000000000000, -1.000000000000000000 ) ) ;
#1599 = DIRECTION ( 'NONE',  ( 0.000000000000000000, -1.000000000000000000, -1.508455196501571429E-16 ) ) ;
#1600 = DIRECTION ( 'NONE',  ( 0.000000000000000000, -0.000000000000000000, -1.000000000000000000 ) ) ;
#1601 = TOROIDAL_SURFACE ( 'NONE', #3658, 1.620000000000000773, 0.1199999999999999956 ) ;
#1602 = DIRECTION ( 'NONE',  ( 0.000000000000000000, 0.000000000000000000, 1.000000000000000000 ) ) ;
#1603 = CARTESIAN_POINT ( 'NONE',  ( -10.12534587271282582, 0.7488776537524508559, 16.12000000000000099 ) ) ;
#1604 = AXIS2_PLACEMENT_3D ( 'NONE', #4305, #4358, #8785 ) ;
#1605 = DIRECTION ( 'NONE',  ( 1.000000000000000000, 0.000000000000000000, 0.000000000000000000 ) ) ;
#1606 = ORIENTED_EDGE ( 'NONE', *, *, #8224, .F. ) ;
#1607 = ORIENTED_EDGE ( 'NONE', *, *, #359, .T. ) ;
#1608 = EDGE_LOOP ( 'NONE', ( #1327, #2159, #6454, #3839 ) ) ;
#1609 = CIRCLE ( 'NONE', #7447, 0.6200000000000007727 ) ;
#1610 = CARTESIAN_POINT ( 'NONE',  ( 24.49999999999999645, 1.727922061357856087, 2.500000000000001332 ) ) ;
#1611 = CARTESIAN_POINT ( 'NONE',  ( -9.999999999999927169, -11.00000000000000000, -2.119999999999900631 ) ) ;
#1612 = TOROIDAL_SURFACE ( 'NONE', #5093, 1.678920238245227292, 0.1199999999999999956 ) ;
#1613 = EDGE_CURVE ( 'NONE', #607, #149, #1418, .T. ) ;
#1614 = DIRECTION ( 'NONE',  ( -1.000000000000000000, 0.000000000000000000, 0.000000000000000000 ) ) ;
#1615 = CIRCLE ( 'NONE', #9182, 1.500000000000002220 ) ;
#1616 = ORIENTED_EDGE ( 'NONE', *, *, #1822, .T. ) ;
#1617 = EDGE_LOOP ( 'NONE', ( #2708, #1320, #4128, #6443 ) ) ;
#1618 = DIRECTION ( 'NONE',  ( 0.000000000000000000, -1.508455196501571429E-16, 1.000000000000000000 ) ) ;
#1619 = EDGE_CURVE ( 'NONE', #215, #7040, #325, .T. ) ;
#1620 = ORIENTED_EDGE ( 'NONE', *, *, #8202, .T. ) ;
#1621 = ORIENTED_EDGE ( 'NONE', *, *, #7907, .T. ) ;
#1622 = EDGE_CURVE ( 'NONE', #9647, #7296, #4894, .T. ) ;
#1623 = CIRCLE ( 'NONE', #2570, 0.1200000000000003147 ) ;
#1624 = ORIENTED_EDGE ( 'NONE', *, *, #9006, .F. ) ;
#1625 = CARTESIAN_POINT ( 'NONE',  ( 6.999999999999999112, -11.00000000000000000, 2.499999999999951594 ) ) ;
#1626 = AXIS2_PLACEMENT_3D ( 'NONE', #5423, #9117, #3189 ) ;
#1627 = CARTESIAN_POINT ( 'NONE',  ( 4.621122346247669377, 0.8753458727129065364, 17.38000000000000611 ) ) ;
#1628 = CARTESIAN_POINT ( 'NONE',  ( -16.99999999999999645, -12.49999999999999822, -9.119999999999850004 ) ) ;
#1629 = EDGE_CURVE ( 'NONE', #1416, #9164, #3854, .T. ) ;
#1630 = CIRCLE ( 'NONE', #7306, 0.1199999999999999956 ) ;
#1631 = ORIENTED_EDGE ( 'NONE', *, *, #298, .T. ) ;
#1632 = CARTESIAN_POINT ( 'NONE',  ( 21.12000000000000099, 10.49999999999999822, -14.49999999999999822 ) ) ;
#1633 = CIRCLE ( 'NONE', #2892, 0.1199999999999998845 ) ;
#1634 = DIRECTION ( 'NONE',  ( 0.000000000000000000, -1.508455196501571429E-16, 1.000000000000000000 ) ) ;
#1635 = CARTESIAN_POINT ( 'NONE',  ( 29.00000000000000000, -11.00000000000000000, -19.38000000000000966 ) ) ;
#1636 = CARTESIAN_POINT ( 'NONE',  ( 9.999999999999927169, 1.727922061357856087, 1.000000000000101030 ) ) ;
#1637 = DIRECTION ( 'NONE',  ( 0.000000000000000000, 0.000000000000000000, 1.000000000000000000 ) ) ;
#1638 = ORIENTED_EDGE ( 'NONE', *, *, #5676, .T. ) ;
#1639 = AXIS2_PLACEMENT_3D ( 'NONE', #5157, #5785, #8127 ) ;
#1640 = EDGE_CURVE ( 'NONE', #6794, #7501, #4427, .T. ) ;
#1641 = ADVANCED_FACE ( 'NONE', ( #4096 ), #9184, .T. ) ;
#1642 = CYLINDRICAL_SURFACE ( 'NONE', #4577, 1.500000000000004885 ) ;
#1643 = FACE_OUTER_BOUND ( 'NONE', #3000, .T. ) ;
#1644 = LINE ( 'NONE', #2436, #4944 ) ;
#1645 = DIRECTION ( 'NONE',  ( 0.000000000000000000, -1.000000000000000000, 0.000000000000000000 ) ) ;
#1646 = CARTESIAN_POINT ( 'NONE',  ( 20.88000000000000611, -11.00000000000000000, 10.33348794342497712 ) ) ;
#1647 = VECTOR ( 'NONE', #5711, 1000.000000000000000 ) ;
#1648 = DIRECTION ( 'NONE',  ( 1.000000000000000000, 0.000000000000000000, 1.224646799147352961E-16 ) ) ;
#1649 = DIRECTION ( 'NONE',  ( 0.000000000000000000, -0.000000000000000000, -1.000000000000000000 ) ) ;
#1650 = LINE ( 'NONE', #1694, #664 ) ;
#1651 = VERTEX_POINT ( 'NONE', #3250 ) ;
#1652 = ORIENTED_EDGE ( 'NONE', *, *, #51, .F. ) ;
#1653 = ORIENTED_EDGE ( 'NONE', *, *, #517, .F. ) ;
#1654 = AXIS2_PLACEMENT_3D ( 'NONE', #1683, #2427, #5396 ) ;
#1655 = FACE_OUTER_BOUND ( 'NONE', #5924, .T. ) ;
#1656 = CARTESIAN_POINT ( 'NONE',  ( -6.999999999999999112, -12.49999999999999822, 2.500000000000001332 ) ) ;
#1657 = VECTOR ( 'NONE', #2514, 1000.000000000000000 ) ;
#1658 = CARTESIAN_POINT ( 'NONE',  ( 6.999999999999999112, -12.49999999999999822, 2.499999999999951594 ) ) ;
#1659 = ORIENTED_EDGE ( 'NONE', *, *, #130, .F. ) ;
#1660 = CIRCLE ( 'NONE', #1812, 1.499999999999999556 ) ;
#1661 = TOROIDAL_SURFACE ( 'NONE', #7507, 1.678920238245227292, 0.1199999999999999956 ) ;
#1662 = DIRECTION ( 'NONE',  ( 0.000000000000000000, 0.000000000000000000, 1.000000000000000000 ) ) ;
#1663 = ORIENTED_EDGE ( 'NONE', *, *, #6151, .F. ) ;
#1664 = ORIENTED_EDGE ( 'NONE', *, *, #5959, .T. ) ;
#1665 = ADVANCED_FACE ( 'NONE', ( #1083 ), #6449, .T. ) ;
#1666 = ORIENTED_EDGE ( 'NONE', *, *, #7104, .T. ) ;
#1667 = CARTESIAN_POINT ( 'NONE',  ( 20.88000000000000611, -10.50000000000000000, 16.00000000000000000 ) ) ;
#1668 = AXIS2_PLACEMENT_3D ( 'NONE', #1669, #207, #3196 ) ;
#1669 = CARTESIAN_POINT ( 'NONE',  ( -19.00000000000000355, 10.50000000000000355, 10.50000000000001243 ) ) ;
#1670 = CIRCLE ( 'NONE', #9081, 0.2999999999999999334 ) ;
#1671 = ORIENTED_EDGE ( 'NONE', *, *, #1564, .F. ) ;
#1672 = EDGE_CURVE ( 'NONE', #749, #2253, #7251, .T. ) ;
#1673 = AXIS2_PLACEMENT_3D ( 'NONE', #1126, #2802, #1219 ) ;
#1674 = EDGE_CURVE ( 'NONE', #767, #1118, #5515, .T. ) ;
#1675 = ORIENTED_EDGE ( 'NONE', *, *, #3752, .T. ) ;
#1676 = LINE ( 'NONE', #8305, #7581 ) ;
#1677 = CARTESIAN_POINT ( 'NONE',  ( 20.70000000000000284, -12.37999999999997414, -11.53041406348422626 ) ) ;
#1678 = EDGE_CURVE ( 'NONE', #2333, #297, #1885, .T. ) ;
#1679 = ORIENTED_EDGE ( 'NONE', *, *, #3363, .T. ) ;
#1680 = CIRCLE ( 'NONE', #8456, 1.619999999999998996 ) ;
#1681 = DIRECTION ( 'NONE',  ( -0.000000000000000000, -1.000000000000000000, -0.000000000000000000 ) ) ;
#1682 = CARTESIAN_POINT ( 'NONE',  ( 17.80000000000000782, -12.37999999999998124, -17.50000000000000000 ) ) ;
#1683 = CARTESIAN_POINT ( 'NONE',  ( -3.001122346247667938, 0.8753458727129063144, 16.12000000000000099 ) ) ;
#1684 = CYLINDRICAL_SURFACE ( 'NONE', #3175, 1.558920238245227186 ) ;
#1685 = CARTESIAN_POINT ( 'NONE',  ( -24.00000000000000000, 4.065128901295453012, -13.12000000000000099 ) ) ;
#1686 = EDGE_CURVE ( 'NONE', #8656, #5022, #2990, .T. ) ;
#1687 = EDGE_CURVE ( 'NONE', #993, #1422, #7757, .T. ) ;
#1688 = DIRECTION ( 'NONE',  ( 0.000000000000000000, 1.000000000000000000, 0.000000000000000000 ) ) ;
#1689 = CARTESIAN_POINT ( 'NONE',  ( 25.73747625475635914, -4.250000000000001776, -13.00000000000000178 ) ) ;
#1690 = DIRECTION ( 'NONE',  ( -0.000000000000000000, -0.000000000000000000, 1.000000000000000000 ) ) ;
#1691 = DIRECTION ( 'NONE',  ( 0.000000000000000000, 0.000000000000000000, -1.000000000000000000 ) ) ;
#1692 = LINE ( 'NONE', #4710, #8382 ) ;
#1693 = CARTESIAN_POINT ( 'NONE',  ( -19.00000000000000355, 10.50000000000000355, 17.38000000000000611 ) ) ;
#1694 = CARTESIAN_POINT ( 'NONE',  ( 11.62534587271282938, 7.748877653752450634, 10.50000000000001243 ) ) ;
#1695 = EDGE_CURVE ( 'NONE', #5217, #6359, #16, .T. ) ;
#1696 = EDGE_CURVE ( 'NONE', #6887, #1175, #4743, .T. ) ;
#1697 = ORIENTED_EDGE ( 'NONE', *, *, #5064, .F. ) ;
#1698 = VERTEX_POINT ( 'NONE', #7108 ) ;
#1699 = AXIS2_PLACEMENT_3D ( 'NONE', #7996, #2158, #9700 ) ;
#1700 = DIRECTION ( 'NONE',  ( 0.000000000000000000, 0.000000000000000000, -1.000000000000000000 ) ) ;
#1701 = CARTESIAN_POINT ( 'NONE',  ( 29.00000000000000000, -10.49999999999999822, -12.49999999999999822 ) ) ;
#1702 = DIRECTION ( 'NONE',  ( 0.000000000000000000, -1.000000000000000000, 0.000000000000000000 ) ) ;
#1703 = CIRCLE ( 'NONE', #7229, 1.619999999999999885 ) ;
#1704 = ORIENTED_EDGE ( 'NONE', *, *, #1732, .T. ) ;
#1705 = DIRECTION ( 'NONE',  ( 1.000000000000000000, -0.000000000000000000, -0.000000000000000000 ) ) ;
#1706 = ORIENTED_EDGE ( 'NONE', *, *, #3302, .F. ) ;
#1707 = EDGE_LOOP ( 'NONE', ( #7851, #7139 ) ) ;
#1708 = DIRECTION ( 'NONE',  ( 0.000000000000000000, 0.000000000000000000, -1.000000000000000000 ) ) ;
#1709 = ORIENTED_EDGE ( 'NONE', *, *, #2184, .F. ) ;
#1710 = DIRECTION ( 'NONE',  ( 0.000000000000000000, 0.000000000000000000, 1.000000000000000000 ) ) ;
#1711 = CARTESIAN_POINT ( 'NONE',  ( 18.49887765375238047, 0.6246541272872884187, 16.12000000000000099 ) ) ;
#1712 = CIRCLE ( 'NONE', #1865, 0.1199999999999985800 ) ;
#1713 = VERTEX_POINT ( 'NONE', #2516 ) ;
#1714 = EDGE_LOOP ( 'NONE', ( #2699, #4320, #487, #6191 ) ) ;
#1715 = DIRECTION ( 'NONE',  ( 0.000000000000000000, -1.000000000000000000, 0.000000000000000000 ) ) ;
#1716 = AXIS2_PLACEMENT_3D ( 'NONE', #3809, #3667, #2965 ) ;
#1717 = DIRECTION ( 'NONE',  ( -0.000000000000000000, 1.000000000000000000, 0.000000000000000000 ) ) ;
#1718 = ORIENTED_EDGE ( 'NONE', *, *, #3864, .F. ) ;
#1719 = ORIENTED_EDGE ( 'NONE', *, *, #682, .F. ) ;
#1720 = TOROIDAL_SURFACE ( 'NONE', #165, 1.619999999999999885, 0.1199999999999999956 ) ;
#1721 = DIRECTION ( 'NONE',  ( -0.000000000000000000, -0.000000000000000000, 1.000000000000000000 ) ) ;
#1722 = CARTESIAN_POINT ( 'NONE',  ( 27.00000000000000355, -11.11999999999999922, 9.713487943424977900 ) ) ;
#1723 = CARTESIAN_POINT ( 'NONE',  ( 20.10000000000000853, -11.11999999999999744, -11.53041406348422626 ) ) ;
#1724 = AXIS2_PLACEMENT_3D ( 'NONE', #4842, #7855, #2662 ) ;
#1725 = CARTESIAN_POINT ( 'NONE',  ( -6.999999999999999112, -11.00000000000000000, 4.120000000000000107 ) ) ;
#1726 = EDGE_CURVE ( 'NONE', #4155, #2987, #9287, .T. ) ;
#1727 = AXIS2_PLACEMENT_3D ( 'NONE', #9286, #8608, #4211 ) ;
#1728 = AXIS2_PLACEMENT_3D ( 'NONE', #3027, #7521, #2190 ) ;
#1729 = CARTESIAN_POINT ( 'NONE',  ( 10.00000000000000178, -11.00000000000000000, -7.499999999999999112 ) ) ;
#1730 = DIRECTION ( 'NONE',  ( -0.000000000000000000, -1.000000000000000000, -0.000000000000000000 ) ) ;
#1731 = AXIS2_PLACEMENT_3D ( 'NONE', #3377, #4920, #3426 ) ;
#1733 = EDGE_LOOP ( 'NONE', ( #4781, #3412 ) ) ;
#1732 = EDGE_CURVE ( 'NONE', #1713, #69, #7722, .T. ) ;
#1734 = ADVANCED_FACE ( 'NONE', ( #8492 ), #7704, .T. ) ;
#1735 = VERTEX_POINT ( 'NONE', #6307 ) ;
#1736 = DIRECTION ( 'NONE',  ( 1.000000000000000000, 0.000000000000000000, 0.000000000000000000 ) ) ;
#1737 = CIRCLE ( 'NONE', #7266, 1.620000000000002549 ) ;
#1738 = DIRECTION ( 'NONE',  ( 0.000000000000000000, 0.000000000000000000, -1.000000000000000000 ) ) ;
#1739 = LINE ( 'NONE', #8649, #423 ) ;
#1740 = DIRECTION ( 'NONE',  ( 0.000000000000000000, 0.000000000000000000, -1.000000000000000000 ) ) ;
#1741 = EDGE_CURVE ( 'NONE', #8802, #6351, #4098, .T. ) ;
#1742 = DIRECTION ( 'NONE',  ( 1.000000000000000000, 0.000000000000000000, 4.841193211655195936E-16 ) ) ;
#1743 = AXIS2_PLACEMENT_3D ( 'NONE', #6859, #3106, #6759 ) ;
#1744 = CARTESIAN_POINT ( 'NONE',  ( 27.50000000000000000, 11.87999999999999901, -14.49999999999999822 ) ) ;
#1745 = VERTEX_POINT ( 'NONE', #8403 ) ;
#1746 = ORIENTED_EDGE ( 'NONE', *, *, #9528, .T. ) ;
#1747 = CIRCLE ( 'NONE', #3326, 0.1199999999999985800 ) ;
#1748 = DIRECTION ( 'NONE',  ( 0.000000000000000000, 0.000000000000000000, -1.000000000000000000 ) ) ;
#1749 = CARTESIAN_POINT ( 'NONE',  ( 3.000000000000001776, -11.11999999999999922, -5.999999999999996447 ) ) ;
#1750 = CIRCLE ( 'NONE', #5386, 1.500000000000002220 ) ;
#1751 = ADVANCED_FACE ( 'NONE', ( #6163 ), #8213, .T. ) ;
#1752 = ADVANCED_FACE ( 'NONE', ( #6960 ), #264, .T. ) ;
#1753 = DIRECTION ( 'NONE',  ( -2.891205793294696372E-15, 0.000000000000000000, -1.000000000000000000 ) ) ;
#1754 = TOROIDAL_SURFACE ( 'NONE', #2395, 1.619999999999998996, 0.1199999999999999956 ) ;
#1755 = ORIENTED_EDGE ( 'NONE', *, *, #561, .T. ) ;
#1756 = AXIS2_PLACEMENT_3D ( 'NONE', #1202, #9429, #1245 ) ;
#1757 = DIRECTION ( 'NONE',  ( 1.000000000000000000, 0.000000000000000000, 0.000000000000000000 ) ) ;
#1758 = ORIENTED_EDGE ( 'NONE', *, *, #2729, .F. ) ;
#1759 = ORIENTED_EDGE ( 'NONE', *, *, #9161, .F. ) ;
#1760 = CARTESIAN_POINT ( 'NONE',  ( 6.999999999999999112, -12.49999999999999822, 4.119999999999952145 ) ) ;
#1761 = ORIENTED_EDGE ( 'NONE', *, *, #5926, .T. ) ;
#1762 = DIRECTION ( 'NONE',  ( -0.000000000000000000, -0.000000000000000000, 1.000000000000000000 ) ) ;
#1763 = CIRCLE ( 'NONE', #3026, 0.6200000000000007727 ) ;
#1764 = DIRECTION ( 'NONE',  ( -0.000000000000000000, 1.000000000000000000, -0.000000000000000000 ) ) ;
#1765 = CIRCLE ( 'NONE', #4770, 0.1199999999999985800 ) ;
#1766 = DIRECTION ( 'NONE',  ( 0.000000000000000000, -1.000000000000000000, 0.000000000000000000 ) ) ;
#1767 = ORIENTED_EDGE ( 'NONE', *, *, #5389, .F. ) ;
#1768 = ORIENTED_EDGE ( 'NONE', *, *, #7831, .T. ) ;
#1769 = CARTESIAN_POINT ( 'NONE',  ( -10.00000000000002665, -11.00000000000000000, -16.11999999999990152 ) ) ;
#1770 = PLANE ( 'NONE',  #367 ) ;
#1771 = ORIENTED_EDGE ( 'NONE', *, *, #9633, .F. ) ;
#1772 = EDGE_LOOP ( 'NONE', ( #8585, #3579, #7133, #1638 ) ) ;
#1773 = CIRCLE ( 'NONE', #1303, 0.1199999999999985800 ) ;
#1774 = DIRECTION ( 'NONE',  ( -1.000000000000000000, 0.000000000000000000, 4.841193211655195936E-16 ) ) ;
#1775 = DIRECTION ( 'NONE',  ( 0.000000000000000000, 0.000000000000000000, -1.000000000000000000 ) ) ;
#1776 = DIRECTION ( 'NONE',  ( -0.000000000000000000, -1.000000000000000000, -0.000000000000000000 ) ) ;
#1777 = DIRECTION ( 'NONE',  ( -0.000000000000000000, -0.000000000000000000, 1.000000000000000000 ) ) ;
#1778 = AXIS2_PLACEMENT_3D ( 'NONE', #9563, #4240, #2806 ) ;
#1779 = CYLINDRICAL_SURFACE ( 'NONE', #1579, 0.1199999999999985800 ) ;
#1780 = CARTESIAN_POINT ( 'NONE',  ( 19.80000000000000426, 27.00000000000000355, -11.53041406348422626 ) ) ;
#1781 = DIRECTION ( 'NONE',  ( -0.000000000000000000, 1.000000000000000000, 0.000000000000000000 ) ) ;
#1782 = DIRECTION ( 'NONE',  ( 0.000000000000000000, -1.000000000000000000, -0.000000000000000000 ) ) ;
#1783 = CIRCLE ( 'NONE', #6525, 1.879999999999999671 ) ;
#1784 = EDGE_CURVE ( 'NONE', #5760, #593, #3933, .T. ) ;
#1785 = CARTESIAN_POINT ( 'NONE',  ( 10.00000000000000178, -12.37999999999999901, -3.000000000000000888 ) ) ;
#1786 = DIRECTION ( 'NONE',  ( 0.000000000000000000, -1.000000000000000000, 0.000000000000000000 ) ) ;
#1787 = ADVANCED_FACE ( 'NONE', ( #1866 ), #9366, .T. ) ;
#1788 = DIRECTION ( 'NONE',  ( 0.000000000000000000, 0.000000000000000000, -1.000000000000000000 ) ) ;
#1789 = EDGE_CURVE ( 'NONE', #8299, #7544, #484, .T. ) ;
#1790 = AXIS2_PLACEMENT_3D ( 'NONE', #1346, #2827, #7375 ) ;
#1791 = DIRECTION ( 'NONE',  ( -1.000000000000000000, 0.000000000000000000, 0.000000000000000000 ) ) ;
#1792 = ORIENTED_EDGE ( 'NONE', *, *, #2362, .T. ) ;
#1793 = VERTEX_POINT ( 'NONE', #1283 ) ;
#1794 = ORIENTED_EDGE ( 'NONE', *, *, #7386, .T. ) ;
#1795 = EDGE_CURVE ( 'NONE', #2706, #8236, #3300, .T. ) ;
#1796 = DIRECTION ( 'NONE',  ( -1.000000000000000000, -0.000000000000000000, -0.000000000000000000 ) ) ;
#1797 = DIRECTION ( 'NONE',  ( 0.000000000000000000, -1.000000000000000000, -1.508455196501571429E-16 ) ) ;
#1798 = CARTESIAN_POINT ( 'NONE',  ( -9.999999999999927169, -11.11999999999999922, -2.119999999999900631 ) ) ;
#1799 = DIRECTION ( 'NONE',  ( 0.000000000000000000, -1.508455196501571429E-16, 1.000000000000000000 ) ) ;
#1800 = EDGE_LOOP ( 'NONE', ( #2120, #7105, #507, #9616, #4914 ) ) ;
#1801 = VERTEX_POINT ( 'NONE', #7908 ) ;
#1802 = DIRECTION ( 'NONE',  ( 0.000000000000000000, -1.508455196501571429E-16, 1.000000000000000000 ) ) ;
#1803 = AXIS2_PLACEMENT_3D ( 'NONE', #5934, #1440, #3668 ) ;
#1804 = ORIENTED_EDGE ( 'NONE', *, *, #604, .F. ) ;
#1805 = ORIENTED_EDGE ( 'NONE', *, *, #2042, .T. ) ;
#1806 = CIRCLE ( 'NONE', #6545, 0.1200000000000003147 ) ;
#1807 = DIRECTION ( 'NONE',  ( 1.000000000000000000, 0.000000000000000000, 1.224646799147352961E-16 ) ) ;
#1808 = EDGE_CURVE ( 'NONE', #9734, #8765, #9439, .T. ) ;
#1809 = ORIENTED_EDGE ( 'NONE', *, *, #6315, .T. ) ;
#1810 = EDGE_CURVE ( 'NONE', #399, #1334, #1255, .T. ) ;
#1811 = DIRECTION ( 'NONE',  ( 0.000000000000000000, 0.000000000000000000, -1.000000000000000000 ) ) ;
#1812 = AXIS2_PLACEMENT_3D ( 'NONE', #1487, #765, #6765 ) ;
#1813 = FACE_OUTER_BOUND ( 'NONE', #9562, .T. ) ;
#1814 = CIRCLE ( 'NONE', #739, 0.1200000000000003147 ) ;
#1815 = ORIENTED_EDGE ( 'NONE', *, *, #3029, .T. ) ;
#1816 = EDGE_LOOP ( 'NONE', ( #5718, #3323, #6612, #341, #7916 ) ) ;
#1817 = CYLINDRICAL_SURFACE ( 'NONE', #5379, 1.499999999999999556 ) ;
#1818 = DIRECTION ( 'NONE',  ( 0.000000000000000000, -1.508455196501571429E-16, 1.000000000000000000 ) ) ;
#1819 = EDGE_LOOP ( 'NONE', ( #5826, #4874, #9648, #2758, #4840 ) ) ;
#1820 = ORIENTED_EDGE ( 'NONE', *, *, #1140, .T. ) ;
#1821 = ORIENTED_EDGE ( 'NONE', *, *, #9653, .T. ) ;
#1822 = EDGE_CURVE ( 'NONE', #8389, #1562, #2519, .T. ) ;
#1823 = AXIS2_PLACEMENT_3D ( 'NONE', #4501, #804, #8892 ) ;
#1824 = AXIS2_PLACEMENT_3D ( 'NONE', #4521, #4669, #729 ) ;
#1825 = CARTESIAN_POINT ( 'NONE',  ( -20.88000000000000611, -10.50000000000000000, 16.11999999999999744 ) ) ;
#1826 = DIRECTION ( 'NONE',  ( 0.000000000000000000, 0.000000000000000000, 1.000000000000000000 ) ) ;
#1827 = CYLINDRICAL_SURFACE ( 'NONE', #4671, 0.1199999999999985800 ) ;
#1828 = CARTESIAN_POINT ( 'NONE',  ( -9.874654127287220362, -6.248877653752255235, 17.50000000000000355 ) ) ;
#1829 = ORIENTED_EDGE ( 'NONE', *, *, #4201, .T. ) ;
#1830 = DIRECTION ( 'NONE',  ( 1.000000000000000000, 0.000000000000000000, 0.000000000000000000 ) ) ;
#1831 = VECTOR ( 'NONE', #1986, 1000.000000000000000 ) ;
#1832 = DIRECTION ( 'NONE',  ( 0.000000000000000000, -1.000000000000000000, 0.000000000000000000 ) ) ;
#1833 = EDGE_LOOP ( 'NONE', ( #1472, #6294, #7353, #4864, #440 ) ) ;
#1834 = CARTESIAN_POINT ( 'NONE',  ( -19.68000000000000682, -11.11999999999999744, -11.53041406348422626 ) ) ;
#1835 = DIRECTION ( 'NONE',  ( 0.000000000000000000, 0.000000000000000000, -1.000000000000000000 ) ) ;
#1836 = ORIENTED_EDGE ( 'NONE', *, *, #8258, .T. ) ;
#1837 = DIRECTION ( 'NONE',  ( 0.000000000000000000, -1.000000000000000000, -1.508455196501571429E-16 ) ) ;
#1838 = CARTESIAN_POINT ( 'NONE',  ( -21.00000000000000000, -12.37999999999998835, 15.50000000000000178 ) ) ;
#1839 = CARTESIAN_POINT ( 'NONE',  ( 20.88000000000000256, -10.49999999999999822, 17.38000000000000611 ) ) ;
#1840 = FACE_OUTER_BOUND ( 'NONE', #3929, .T. ) ;
#1841 = CARTESIAN_POINT ( 'NONE',  ( -24.49999999999999645, -11.00000000000000000, -9.178920238245225960 ) ) ;
#1842 = VERTEX_POINT ( 'NONE', #4149 ) ;
#1843 = EDGE_LOOP ( 'NONE', ( #4483, #7155 ) ) ;
#1844 = CARTESIAN_POINT ( 'NONE',  ( 16.99887765375237692, 0.6246541272872884187, 17.50000000000000355 ) ) ;
#1845 = LINE ( 'NONE', #7033, #7660 ) ;
#1846 = CARTESIAN_POINT ( 'NONE',  ( -24.00000000000000000, 5.749999999999999112, -13.12000000000000099 ) ) ;
#1847 = CARTESIAN_POINT ( 'NONE',  ( -16.99887765375237692, 0.6246541272872884187, 17.50000000000000355 ) ) ;
#1848 = EDGE_CURVE ( 'NONE', #4564, #9433, #6286, .T. ) ;
#1849 = DIRECTION ( 'NONE',  ( 0.000000000000000000, -1.508455196501571429E-16, 1.000000000000000000 ) ) ;
#1850 = EDGE_LOOP ( 'NONE', ( #4420, #4235, #7066, #6809 ) ) ;
#1851 = EDGE_LOOP ( 'NONE', ( #2707, #4888 ) ) ;
#1852 = DIRECTION ( 'NONE',  ( 0.000000000000000000, 0.000000000000000000, -1.000000000000000000 ) ) ;
#1853 = ORIENTED_EDGE ( 'NONE', *, *, #1991, .T. ) ;
#1854 = EDGE_CURVE ( 'NONE', #329, #6344, #7093, .T. ) ;
#1855 = EDGE_CURVE ( 'NONE', #8611, #640, #8830, .T. ) ;
#1856 = TOROIDAL_SURFACE ( 'NONE', #8181, 0.6200000000000004396, 0.1199999999999999956 ) ;
#1857 = DIRECTION ( 'NONE',  ( 0.000000000000000000, -1.000000000000000000, 0.000000000000000000 ) ) ;
#1858 = ADVANCED_FACE ( 'NONE', ( #5622 ), #9519, .T. ) ;
#1859 = DIRECTION ( 'NONE',  ( 0.000000000000000000, 0.000000000000000000, -1.000000000000000000 ) ) ;
#1860 = CYLINDRICAL_SURFACE ( 'NONE', #859, 2.000000000000001776 ) ;
#1861 = VERTEX_POINT ( 'NONE', #5772 ) ;
#1862 = AXIS2_PLACEMENT_3D ( 'NONE', #6739, #9737, #2988 ) ;
#1863 = ORIENTED_EDGE ( 'NONE', *, *, #2776, .F. ) ;
#1864 = DIRECTION ( 'NONE',  ( -0.000000000000000000, -1.000000000000000000, -0.000000000000000000 ) ) ;
#1865 = AXIS2_PLACEMENT_3D ( 'NONE', #5272, #6653, #5131 ) ;
#1866 = FACE_OUTER_BOUND ( 'NONE', #9676, .T. ) ;
#1867 = LINE ( 'NONE', #7909, #5752 ) ;
#1868 = FACE_OUTER_BOUND ( 'NONE', #6553, .T. ) ;
#1869 = AXIS2_PLACEMENT_3D ( 'NONE', #3820, #6083, #4668 ) ;
#1870 = EDGE_CURVE ( 'NONE', #4938, #6107, #2369, .T. ) ;
#1871 = EDGE_CURVE ( 'NONE', #5216, #7548, #9614, .T. ) ;
#1872 = DIRECTION ( 'NONE',  ( 1.000000000000000000, -0.000000000000000000, -0.000000000000000000 ) ) ;
#1873 = CIRCLE ( 'NONE', #7079, 1.499999999999998668 ) ;
#1874 = DIRECTION ( 'NONE',  ( -1.000000000000000000, 0.000000000000000000, 0.000000000000000000 ) ) ;
#1875 = EDGE_LOOP ( 'NONE', ( #8885, #1272 ) ) ;
#1876 = CARTESIAN_POINT ( 'NONE',  ( 3.000000000000001776, -11.00000000000000000, -7.499999999999998224 ) ) ;
#1877 = CARTESIAN_POINT ( 'NONE',  ( -16.99887765375237692, 0.6246541272872884187, 10.50000000000001243 ) ) ;
#1878 = CIRCLE ( 'NONE', #3290, 1.620000000000000329 ) ;
#1879 = CARTESIAN_POINT ( 'NONE',  ( 9.999999999999927169, 1.727922061357856087, -1.999999999999900746 ) ) ;
#1880 = DIRECTION ( 'NONE',  ( -0.000000000000000000, 1.000000000000000000, 0.000000000000000000 ) ) ;
#1881 = AXIS2_PLACEMENT_3D ( 'NONE', #5686, #8022, #424 ) ;
#1882 = CIRCLE ( 'NONE', #7883, 1.500000000000002220 ) ;
#1883 = ORIENTED_EDGE ( 'NONE', *, *, #503, .F. ) ;
#1884 = CARTESIAN_POINT ( 'NONE',  ( 20.88000000000000611, -12.37999999999999901, 10.33348794342497712 ) ) ;
#1885 = CIRCLE ( 'NONE', #4586, 1.999999999999998224 ) ;
#1886 = DIRECTION ( 'NONE',  ( -0.000000000000000000, 1.508455196501571429E-16, -1.000000000000000000 ) ) ;
#1887 = AXIS2_PLACEMENT_3D ( 'NONE', #2284, #910, #4700 ) ;
#1888 = ORIENTED_EDGE ( 'NONE', *, *, #3739, .F. ) ;
#1889 = EDGE_LOOP ( 'NONE', ( #1520, #4181, #6547, #7156 ) ) ;
#1890 = ORIENTED_EDGE ( 'NONE', *, *, #2909, .T. ) ;
#1891 = CARTESIAN_POINT ( 'NONE',  ( 11.49465412728722313, -6.248877653752255235, 17.50000000000000355 ) ) ;
#1892 = CARTESIAN_POINT ( 'NONE',  ( -10.12534587271282582, 7.748877653752450634, 10.50000000000001243 ) ) ;
#1893 = CIRCLE ( 'NONE', #5373, 1.619999999999999885 ) ;
#1894 = CARTESIAN_POINT ( 'NONE',  ( 21.00000000000000000, -12.37999999999998835, -12.50000000000000178 ) ) ;
#1895 = ORIENTED_EDGE ( 'NONE', *, *, #5146, .T. ) ;
#1896 = AXIS2_PLACEMENT_3D ( 'NONE', #2939, #681, #4273 ) ;
#1897 = DIRECTION ( 'NONE',  ( 0.000000000000000000, -1.000000000000000000, -0.000000000000000000 ) ) ;
#1898 = ORIENTED_EDGE ( 'NONE', *, *, #4745, .F. ) ;
#1899 = ORIENTED_EDGE ( 'NONE', *, *, #4032, .F. ) ;
#1900 = CARTESIAN_POINT ( 'NONE',  ( 16.99887765375237692, 2.244654127287289302, 16.12000000000000099 ) ) ;
#1901 = CIRCLE ( 'NONE', #6476, 0.1199999999999985800 ) ;
#1902 = ORIENTED_EDGE ( 'NONE', *, *, #1854, .F. ) ;
#1903 = CARTESIAN_POINT ( 'NONE',  ( 24.49999999999999645, -12.37999999999999901, 2.500000000000001332 ) ) ;
#1904 = EDGE_CURVE ( 'NONE', #9074, #3236, #6460, .T. ) ;
#1905 = ORIENTED_EDGE ( 'NONE', *, *, #5764, .T. ) ;
#1906 = CIRCLE ( 'NONE', #1443, 1.558920238245227408 ) ;
#1907 = ORIENTED_EDGE ( 'NONE', *, *, #1194, .F. ) ;
#1908 = AXIS2_PLACEMENT_3D ( 'NONE', #9582, #8176, #4470 ) ;
#1909 = ORIENTED_EDGE ( 'NONE', *, *, #9007, .T. ) ;
#1910 = EDGE_CURVE ( 'NONE', #7689, #5904, #1893, .T. ) ;
#1911 = FACE_OUTER_BOUND ( 'NONE', #8770, .T. ) ;
#1912 = EDGE_CURVE ( 'NONE', #2445, #4363, #2525, .T. ) ;
#1913 = ORIENTED_EDGE ( 'NONE', *, *, #6069, .T. ) ;
#1914 = CARTESIAN_POINT ( 'NONE',  ( -10.12534587271282582, 7.748877653752450634, 16.12000000000000099 ) ) ;
#1915 = VERTEX_POINT ( 'NONE', #1970 ) ;
#1916 = VERTEX_POINT ( 'NONE', #6458 ) ;
#1917 = AXIS2_PLACEMENT_3D ( 'NONE', #7759, #1777, #219 ) ;
#1918 = LINE ( 'NONE', #9364, #884 ) ;
#1919 = AXIS2_PLACEMENT_3D ( 'NONE', #1092, #369, #4159 ) ;
#1920 = ADVANCED_FACE ( 'NONE', ( #3560 ), #182, .T. ) ;
#1921 = DIRECTION ( 'NONE',  ( -0.000000000000000000, 1.508455196501571429E-16, -1.000000000000000000 ) ) ;
#1922 = DIRECTION ( 'NONE',  ( 0.000000000000000000, 1.000000000000000000, 0.000000000000000000 ) ) ;
#1923 = DIRECTION ( 'NONE',  ( 0.000000000000000000, -1.000000000000000000, 0.000000000000000000 ) ) ;
#1924 = CIRCLE ( 'NONE', #6971, 0.1199999999999998845 ) ;
#1925 = VERTEX_POINT ( 'NONE', #2073 ) ;
#1926 = DIRECTION ( 'NONE',  ( 0.000000000000000000, 0.000000000000000000, -1.000000000000000000 ) ) ;
#1927 = AXIS2_PLACEMENT_3D ( 'NONE', #2613, #4936, #7955 ) ;
#1928 = LINE ( 'NONE', #7116, #1298 ) ;
#1929 = VERTEX_POINT ( 'NONE', #5098 ) ;
#1930 = DIRECTION ( 'NONE',  ( 0.000000000000000000, -1.000000000000000000, 0.000000000000000000 ) ) ;
#1931 = DIRECTION ( 'NONE',  ( 1.000000000000000000, 0.000000000000000000, 0.000000000000000000 ) ) ;
#1932 = EDGE_CURVE ( 'NONE', #6101, #2013, #4263, .T. ) ;
#1933 = ADVANCED_FACE ( 'NONE', ( #7551 ), #8250, .T. ) ;
#1934 = CARTESIAN_POINT ( 'NONE',  ( 0.000000000000000000, -12.37999999999999901, -1.999999999999998224 ) ) ;
#1935 = DIRECTION ( 'NONE',  ( -0.000000000000000000, 1.000000000000000000, 0.000000000000000000 ) ) ;
#1936 = AXIS2_PLACEMENT_3D ( 'NONE', #5277, #3790, #59 ) ;
#1937 = DIRECTION ( 'NONE',  ( -0.000000000000000000, 1.000000000000000000, 1.508455196501571429E-16 ) ) ;
#1938 = CARTESIAN_POINT ( 'NONE',  ( 0.000000000000000000, -12.37999999999999901, 2.500000000000001332 ) ) ;
#1939 = AXIS2_PLACEMENT_3D ( 'NONE', #8199, #4499, #2911 ) ;
#1940 = CARTESIAN_POINT ( 'NONE',  ( -21.00000000000000355, 10.50000000000000355, 16.11999999999999744 ) ) ;
#1941 = AXIS2_PLACEMENT_3D ( 'NONE', #3335, #8524, #244 ) ;
#1942 = ORIENTED_EDGE ( 'NONE', *, *, #3059, .F. ) ;
#1943 = CARTESIAN_POINT ( 'NONE',  ( -16.99999999999999645, -11.11999999999999922, -7.499999999999852562 ) ) ;
#1944 = CARTESIAN_POINT ( 'NONE',  ( -24.49999999999999645, 1.727922061357856087, -9.058920238245224965 ) ) ;
#1945 = CARTESIAN_POINT ( 'NONE',  ( -3.000000000000001776, 1.727922061357856087, -9.000000000000000000 ) ) ;
#1946 = DIRECTION ( 'NONE',  ( -0.000000000000000000, 1.508455196501571429E-16, -1.000000000000000000 ) ) ;
#1947 = TOROIDAL_SURFACE ( 'NONE', #7790, 1.620000000000000773, 0.1199999999999999956 ) ;
#1948 = FACE_OUTER_BOUND ( 'NONE', #6748, .T. ) ;
#1949 = ORIENTED_EDGE ( 'NONE', *, *, #4702, .T. ) ;
#1950 = LINE ( 'NONE', #3487, #8265 ) ;
#1951 = EDGE_LOOP ( 'NONE', ( #7666, #7930, #2255, #9445 ) ) ;
#1952 = ORIENTED_EDGE ( 'NONE', *, *, #8323, .T. ) ;
#1953 = ORIENTED_EDGE ( 'NONE', *, *, #2119, .F. ) ;
#1954 = ORIENTED_EDGE ( 'NONE', *, *, #6493, .F. ) ;
#1955 = DIRECTION ( 'NONE',  ( 0.000000000000000000, 0.000000000000000000, 1.000000000000000000 ) ) ;
#1956 = AXIS2_PLACEMENT_3D ( 'NONE', #9671, #7561, #9621 ) ;
#1957 = ORIENTED_EDGE ( 'NONE', *, *, #1696, .F. ) ;
#1958 = CARTESIAN_POINT ( 'NONE',  ( 20.10000000000000853, -11.00000000000000000, -11.11041406348422811 ) ) ;
#1959 = VERTEX_POINT ( 'NONE', #9033 ) ;
#1960 = CARTESIAN_POINT ( 'NONE',  ( -20.10000000000000853, -12.37999999999998835, -11.11041406348422811 ) ) ;
#1961 = AXIS2_PLACEMENT_3D ( 'NONE', #3401, #7106, #2617 ) ;
#1962 = EDGE_CURVE ( 'NONE', #598, #13, #6753, .T. ) ;
#1963 = ORIENTED_EDGE ( 'NONE', *, *, #1726, .T. ) ;
#1964 = CARTESIAN_POINT ( 'NONE',  ( -16.99887765375237692, -0.8753458727127122474, 16.12000000000000099 ) ) ;
#1965 = ORIENTED_EDGE ( 'NONE', *, *, #8741, .T. ) ;
#1966 = ORIENTED_EDGE ( 'NONE', *, *, #8756, .T. ) ;
#1967 = FACE_OUTER_BOUND ( 'NONE', #847, .T. ) ;
#1968 = AXIS2_PLACEMENT_3D ( 'NONE', #4892, #5671, #9414 ) ;
#1969 = ADVANCED_FACE ( 'NONE', ( #7403 ), #5232, .T. ) ;
#1970 = CARTESIAN_POINT ( 'NONE',  ( 15.49887765375237692, 0.6246541272872886408, 17.38000000000000611 ) ) ;
#1971 = DIRECTION ( 'NONE',  ( -0.000000000000000000, -1.000000000000000000, -0.000000000000000000 ) ) ;
#1972 = ORIENTED_EDGE ( 'NONE', *, *, #4940, .T. ) ;
#1973 = CIRCLE ( 'NONE', #4664, 0.1199999999999985800 ) ;
#1974 = EDGE_CURVE ( 'NONE', #7040, #9497, #23, .T. ) ;
#1975 = CARTESIAN_POINT ( 'NONE',  ( -3.000000000000001776, -12.37999999999999901, -9.000000000000000000 ) ) ;
#1976 = ORIENTED_EDGE ( 'NONE', *, *, #4326, .T. ) ;
#1977 = DIRECTION ( 'NONE',  ( 0.000000000000000000, -1.000000000000000000, -1.508455196501571429E-16 ) ) ;
#1978 = EDGE_CURVE ( 'NONE', #243, #2155, #6295, .T. ) ;
#1979 = CARTESIAN_POINT ( 'NONE',  ( 3.001122346247667938, 0.8753458727129063144, 17.38000000000000611 ) ) ;
#1980 = AXIS2_PLACEMENT_3D ( 'NONE', #7404, #66, #3655 ) ;
#1981 = AXIS2_PLACEMENT_3D ( 'NONE', #5118, #7429, #679 ) ;
#1982 = ORIENTED_EDGE ( 'NONE', *, *, #5732, .T. ) ;
#1983 = DIRECTION ( 'NONE',  ( 0.000000000000000000, -1.000000000000000000, 0.000000000000000000 ) ) ;
#1984 = ADVANCED_FACE ( 'NONE', ( #6805 ), #4546, .F. ) ;
#1985 = DIRECTION ( 'NONE',  ( -0.000000000000000000, -1.000000000000000000, -0.000000000000000000 ) ) ;
#1986 = DIRECTION ( 'NONE',  ( -0.000000000000000000, -1.000000000000000000, -0.000000000000000000 ) ) ;
#1987 = DIRECTION ( 'NONE',  ( -1.000000000000000000, 0.000000000000000000, 0.000000000000000000 ) ) ;
#1988 = AXIS2_PLACEMENT_3D ( 'NONE', #7676, #5258, #5350 ) ;
#1989 = DIRECTION ( 'NONE',  ( -0.000000000000000000, 1.000000000000000000, 0.000000000000000000 ) ) ;
#1990 = CARTESIAN_POINT ( 'NONE',  ( -16.99999999999999645, -11.11999999999999922, -9.119999999999850004 ) ) ;
#1991 = EDGE_CURVE ( 'NONE', #260, #5219, #3654, .T. ) ;
#1992 = DIRECTION ( 'NONE',  ( 0.000000000000000000, -1.000000000000000000, 0.000000000000000000 ) ) ;
#1993 = EDGE_CURVE ( 'NONE', #6439, #4435, #9612, .T. ) ;
#1994 = ORIENTED_EDGE ( 'NONE', *, *, #8276, .T. ) ;
#1995 = ORIENTED_EDGE ( 'NONE', *, *, #5471, .F. ) ;
#1996 = CARTESIAN_POINT ( 'NONE',  ( -29.00000000000000000, -10.49999999999999822, -13.11999999999999744 ) ) ;
#1997 = DIRECTION ( 'NONE',  ( 0.000000000000000000, 0.000000000000000000, 1.000000000000000000 ) ) ;
#1998 = DIRECTION ( 'NONE',  ( -1.000000000000000000, 0.000000000000000000, 0.000000000000000000 ) ) ;
#1999 = CARTESIAN_POINT ( 'NONE',  ( -8.625345872712824047, 7.748877653752450634, 10.50000000000001243 ) ) ;
#2000 = ORIENTED_EDGE ( 'NONE', *, *, #8048, .T. ) ;
#2001 = EDGE_LOOP ( 'NONE', ( #9460, #2500, #9075, #4594 ) ) ;
#2002 = EDGE_CURVE ( 'NONE', #6702, #4564, #8220, .T. ) ;
#2003 = DIRECTION ( 'NONE',  ( 0.000000000000000000, 0.000000000000000000, 1.000000000000000000 ) ) ;
#2004 = ORIENTED_EDGE ( 'NONE', *, *, #7174, .F. ) ;
#2005 = ORIENTED_EDGE ( 'NONE', *, *, #1619, .F. ) ;
#2006 = ORIENTED_EDGE ( 'NONE', *, *, #6796, .F. ) ;
#2007 = ORIENTED_EDGE ( 'NONE', *, *, #6453, .T. ) ;
#2008 = DIRECTION ( 'NONE',  ( 0.000000000000000000, 0.000000000000000000, -1.000000000000000000 ) ) ;
#2009 = ORIENTED_EDGE ( 'NONE', *, *, #790, .T. ) ;
#2010 = CARTESIAN_POINT ( 'NONE',  ( -20.88000000000000611, -12.37999999999998835, 10.33348794342497712 ) ) ;
#2011 = ORIENTED_EDGE ( 'NONE', *, *, #4158, .F. ) ;
#2012 = DIRECTION ( 'NONE',  ( 0.000000000000000000, -1.000000000000000000, 0.000000000000000000 ) ) ;
#2013 = VERTEX_POINT ( 'NONE', #3748 ) ;
#2014 = DIRECTION ( 'NONE',  ( -1.000000000000000000, 0.000000000000000000, 0.000000000000000000 ) ) ;
#2015 = ORIENTED_EDGE ( 'NONE', *, *, #5368, .T. ) ;
#2016 = VERTEX_POINT ( 'NONE', #6710 ) ;
#2017 = CIRCLE ( 'NONE', #8021, 1.619999999999999885 ) ;
#2018 = DIRECTION ( 'NONE',  ( 0.000000000000000000, 0.000000000000000000, -1.000000000000000000 ) ) ;
#2019 = CARTESIAN_POINT ( 'NONE',  ( 9.874654127287220362, -6.248877653752255235, 17.38000000000000611 ) ) ;
#2020 = CARTESIAN_POINT ( 'NONE',  ( 22.50000000000000711, 10.49999999999999822, -14.37999999999999723 ) ) ;
#2021 = CIRCLE ( 'NONE', #4071, 1.500000000000001332 ) ;
#2022 = DIRECTION ( 'NONE',  ( -1.000000000000000000, 0.000000000000000000, 0.000000000000000000 ) ) ;
#2023 = CIRCLE ( 'NONE', #4072, 1.619999999999999885 ) ;
#2024 = ORIENTED_EDGE ( 'NONE', *, *, #5132, .F. ) ;
#2025 = DIRECTION ( 'NONE',  ( -0.000000000000000000, 1.000000000000000000, 0.000000000000000000 ) ) ;
#2026 = DIRECTION ( 'NONE',  ( 0.000000000000000000, 0.000000000000000000, 1.000000000000000000 ) ) ;
#2027 = CARTESIAN_POINT ( 'NONE',  ( -7.329206686002009974E-14, -12.37999999999999901, -4.499999999999998224 ) ) ;
#2028 = CIRCLE ( 'NONE', #3617, 1.500000000000000888 ) ;
#2029 = EDGE_CURVE ( 'NONE', #8187, #4228, #2053, .T. ) ;
#2030 = DIRECTION ( 'NONE',  ( 0.000000000000000000, 1.000000000000000000, 0.000000000000000000 ) ) ;
#2031 = AXIS2_PLACEMENT_3D ( 'NONE', #6196, #6751, #5430 ) ;
#2032 = CARTESIAN_POINT ( 'NONE',  ( -21.12000000000000455, -12.49999999999999822, -11.53041406348422626 ) ) ;
#2033 = AXIS2_PLACEMENT_3D ( 'NONE', #9393, #2640, #5644 ) ;
#2034 = CARTESIAN_POINT ( 'NONE',  ( -16.99887765375237692, 0.6246541272872884187, 16.12000000000000099 ) ) ;
#2035 = EDGE_CURVE ( 'NONE', #5091, #2016, #8302, .T. ) ;
#2036 = EDGE_CURVE ( 'NONE', #2038, #4268, #4901, .T. ) ;
#2037 = TOROIDAL_SURFACE ( 'NONE', #3142, 1.620000000000000773, 0.1199999999999999956 ) ;
#2038 = VERTEX_POINT ( 'NONE', #5330 ) ;
#2039 = AXIS2_PLACEMENT_3D ( 'NONE', #1938, #7975, #8707 ) ;
#2040 = DIRECTION ( 'NONE',  ( 0.000000000000000000, 0.000000000000000000, -1.000000000000000000 ) ) ;
#2041 = DIRECTION ( 'NONE',  ( 0.000000000000000000, 0.000000000000000000, -1.000000000000000000 ) ) ;
#2042 = EDGE_CURVE ( 'NONE', #8668, #4031, #7579, .T. ) ;
#2043 = DIRECTION ( 'NONE',  ( -0.000000000000000000, 1.000000000000000000, -0.000000000000000000 ) ) ;
#2044 = AXIS2_PLACEMENT_3D ( 'NONE', #1185, #4247, #5723 ) ;
#2045 = FACE_BOUND ( 'NONE', #8057, .T. ) ;
#2046 = CIRCLE ( 'NONE', #961, 0.5000000000000004441 ) ;
#2047 = EDGE_LOOP ( 'NONE', ( #3428, #7370 ) ) ;
#2048 = TOROIDAL_SURFACE ( 'NONE', #323, 1.619999999999998996, 0.1199999999999999956 ) ;
#2049 = PLANE ( 'NONE',  #3843 ) ;
#2050 = ORIENTED_EDGE ( 'NONE', *, *, #5611, .F. ) ;
#2051 = ORIENTED_EDGE ( 'NONE', *, *, #6986, .F. ) ;
#2052 = ORIENTED_EDGE ( 'NONE', *, *, #5194, .T. ) ;
#2053 = CIRCLE ( 'NONE', #8367, 0.1199999999999985800 ) ;
#2054 = ORIENTED_EDGE ( 'NONE', *, *, #1622, .F. ) ;
#2055 = CARTESIAN_POINT ( 'NONE',  ( 19.68000000000000327, -11.00000000000000000, -17.50000000000000000 ) ) ;
#2056 = VERTEX_POINT ( 'NONE', #9078 ) ;
#2057 = AXIS2_PLACEMENT_3D ( 'NONE', #2421, #1482, #3803 ) ;
#2058 = ADVANCED_FACE ( 'NONE', ( #2172 ), #6013, .F. ) ;
#2059 = EDGE_CURVE ( 'NONE', #2211, #979, #1585, .T. ) ;
#2060 = CARTESIAN_POINT ( 'NONE',  ( 16.99999999999999645, -12.49999999999999822, -7.499999999999852562 ) ) ;
#2061 = ORIENTED_EDGE ( 'NONE', *, *, #4929, .F. ) ;
#2062 = CIRCLE ( 'NONE', #3799, 1.684871098704545433 ) ;
#2063 = ORIENTED_EDGE ( 'NONE', *, *, #5174, .T. ) ;
#2064 = CARTESIAN_POINT ( 'NONE',  ( 29.00000000000000000, -11.11999999999999922, -12.49999999999999822 ) ) ;
#2065 = TOROIDAL_SURFACE ( 'NONE', #3319, 1.678920238245227292, 0.1199999999999999956 ) ;
#2066 = ORIENTED_EDGE ( 'NONE', *, *, #5978, .T. ) ;
#2067 = FACE_OUTER_BOUND ( 'NONE', #9656, .T. ) ;
#2068 = EDGE_LOOP ( 'NONE', ( #394, #5618, #5185, #8328 ) ) ;
#2069 = EDGE_LOOP ( 'NONE', ( #6551, #6053, #9651, #1470, #638 ) ) ;
#2070 = ORIENTED_EDGE ( 'NONE', *, *, #6884, .F. ) ;
#2071 = DIRECTION ( 'NONE',  ( 0.000000000000000000, -1.000000000000000000, 0.000000000000000000 ) ) ;
#2072 = CIRCLE ( 'NONE', #4610, 0.1200000000000003147 ) ;
#2073 = CARTESIAN_POINT ( 'NONE',  ( 29.00000000000000000, 10.49999999999999645, -14.37999999999999723 ) ) ;
#2074 = DIRECTION ( 'NONE',  ( 0.000000000000000000, 0.000000000000000000, 1.000000000000000000 ) ) ;
#2075 = ORIENTED_EDGE ( 'NONE', *, *, #4418, .T. ) ;
#2076 = VECTOR ( 'NONE', #5726, 1000.000000000000000 ) ;
#2077 = DIRECTION ( 'NONE',  ( 0.000000000000000000, 0.000000000000000000, 1.000000000000000000 ) ) ;
#2078 = VECTOR ( 'NONE', #9277, 1000.000000000000000 ) ;
#2079 = ORIENTED_EDGE ( 'NONE', *, *, #8024, .T. ) ;
#2080 = LINE ( 'NONE', #8072, #4721 ) ;
#2081 = FACE_OUTER_BOUND ( 'NONE', #6303, .T. ) ;
#2082 = VECTOR ( 'NONE', #6074, 1000.000000000000000 ) ;
#2083 = LINE ( 'NONE', #4369, #8233 ) ;
#2084 = EDGE_LOOP ( 'NONE', ( #5905, #8475, #6507, #3546 ) ) ;
#2085 = CARTESIAN_POINT ( 'NONE',  ( 0.000000000000000000, -12.49999999999999822, 2.500000000000001332 ) ) ;
#2086 = CIRCLE ( 'NONE', #9644, 1.620000000000000773 ) ;
#2087 = DIRECTION ( 'NONE',  ( -0.000000000000000000, 1.508455196501571429E-16, -1.000000000000000000 ) ) ;
#2088 = CARTESIAN_POINT ( 'NONE',  ( 6.999999999999999112, -11.11999999999999922, 0.9999999999999510392 ) ) ;
#2089 = EDGE_CURVE ( 'NONE', #9635, #3050, #8679, .T. ) ;
#2090 = EDGE_LOOP ( 'NONE', ( #2411, #2009 ) ) ;
#2091 = ORIENTED_EDGE ( 'NONE', *, *, #14, .F. ) ;
#2092 = CARTESIAN_POINT ( 'NONE',  ( 21.12000000000000099, -12.37999999999998835, -11.53041406348422626 ) ) ;
#2093 = VECTOR ( 'NONE', #9085, 1000.000000000000000 ) ;
#2094 = CARTESIAN_POINT ( 'NONE',  ( -18.61887765375237791, 0.6246541272872884187, 17.50000000000000355 ) ) ;
#2095 = CARTESIAN_POINT ( 'NONE',  ( 24.00000000000000000, -4.250000000000000888, -13.12000000000000099 ) ) ;
#2096 = LINE ( 'NONE', #7431, #3008 ) ;
#2097 = EDGE_CURVE ( 'NONE', #3336, #7726, #2210, .T. ) ;
#2098 = ADVANCED_FACE ( 'NONE', ( #6105 ), #6631, .T. ) ;
#2099 = AXIS2_PLACEMENT_3D ( 'NONE', #6319, #3166, #6220 ) ;
#2100 = FACE_BOUND ( 'NONE', #709, .T. ) ;
#2101 = VECTOR ( 'NONE', #6657, 1000.000000000000000 ) ;
#2102 = EDGE_CURVE ( 'NONE', #2744, #6524, #814, .T. ) ;
#2103 = DIRECTION ( 'NONE',  ( -1.000000000000000000, 0.000000000000000000, 0.000000000000000000 ) ) ;
#2104 = ORIENTED_EDGE ( 'NONE', *, *, #7732, .F. ) ;
#2105 = EDGE_LOOP ( 'NONE', ( #529, #996, #6275, #5909 ) ) ;
#2106 = ORIENTED_EDGE ( 'NONE', *, *, #8377, .F. ) ;
#2107 = ORIENTED_EDGE ( 'NONE', *, *, #2296, .T. ) ;
#2108 = CARTESIAN_POINT ( 'NONE',  ( 10.12534587271282582, 7.748877653752450634, 16.00000000000000355 ) ) ;
#2109 = ORIENTED_EDGE ( 'NONE', *, *, #4166, .T. ) ;
#2110 = ORIENTED_EDGE ( 'NONE', *, *, #5482, .T. ) ;
#2111 = CIRCLE ( 'NONE', #388, 0.1200000000000003147 ) ;
#2112 = VERTEX_POINT ( 'NONE', #4069 ) ;
#2113 = DIRECTION ( 'NONE',  ( 0.000000000000000000, 0.000000000000000000, -1.000000000000000000 ) ) ;
#2114 = ORIENTED_EDGE ( 'NONE', *, *, #267, .T. ) ;
#2115 = ORIENTED_EDGE ( 'NONE', *, *, #5070, .F. ) ;
#2116 = EDGE_CURVE ( 'NONE', #4363, #2846, #8519, .T. ) ;
#2117 = ORIENTED_EDGE ( 'NONE', *, *, #4265, .F. ) ;
#2118 = DIRECTION ( 'NONE',  ( 0.000000000000000000, 0.000000000000000000, -1.000000000000000000 ) ) ;
#2119 = EDGE_CURVE ( 'NONE', #5951, #430, #7422, .T. ) ;
#2120 = ORIENTED_EDGE ( 'NONE', *, *, #7780, .F. ) ;
#2121 = ORIENTED_EDGE ( 'NONE', *, *, #7480, .F. ) ;
#2122 = EDGE_LOOP ( 'NONE', ( #9370, #3648, #7310, #5332, #6666 ) ) ;
#2123 = DIRECTION ( 'NONE',  ( 0.000000000000000000, 0.000000000000000000, 1.000000000000000000 ) ) ;
#2124 = DIRECTION ( 'NONE',  ( 0.000000000000000000, -1.000000000000000000, 0.000000000000000000 ) ) ;
#2125 = CARTESIAN_POINT ( 'NONE',  ( -24.00000000000000000, 5.749999999999999112, -13.00000000000000000 ) ) ;
#2126 = ORIENTED_EDGE ( 'NONE', *, *, #8555, .F. ) ;
#2127 = AXIS2_PLACEMENT_3D ( 'NONE', #9476, #2723, #1983 ) ;
#2128 = CARTESIAN_POINT ( 'NONE',  ( -3.001122346247667938, 0.8753458727129063144, 16.12000000000000099 ) ) ;
#2129 = CARTESIAN_POINT ( 'NONE',  ( 10.00000000000002665, 1.727922061357856087, -12.99999999999990052 ) ) ;
#2130 = EDGE_CURVE ( 'NONE', #6613, #7196, #5521, .T. ) ;
#2131 = CIRCLE ( 'NONE', #8307, 1.619999999999999885 ) ;
#2132 = VERTEX_POINT ( 'NONE', #1894 ) ;
#2133 = AXIS2_PLACEMENT_3D ( 'NONE', #4679, #8332, #6790 ) ;
#2134 = DIRECTION ( 'NONE',  ( 0.000000000000000000, 0.000000000000000000, -1.000000000000000000 ) ) ;
#2135 = ORIENTED_EDGE ( 'NONE', *, *, #8922, .T. ) ;
#2136 = CARTESIAN_POINT ( 'NONE',  ( 21.50000000000000355, -11.11999999999998323, 9.833487943424977118 ) ) ;
#2137 = DIRECTION ( 'NONE',  ( -0.000000000000000000, -1.000000000000000000, -0.000000000000000000 ) ) ;
#2138 = DIRECTION ( 'NONE',  ( 0.000000000000000000, 0.000000000000000000, -1.000000000000000000 ) ) ;
#2139 = DIRECTION ( 'NONE',  ( -1.000000000000000000, 0.000000000000000000, 0.000000000000000000 ) ) ;
#2140 = AXIS2_PLACEMENT_3D ( 'NONE', #6459, #606, #1229 ) ;
#2141 = CARTESIAN_POINT ( 'NONE',  ( 17.80000000000000782, -11.11999999999999922, -19.38000000000000611 ) ) ;
#2142 = CIRCLE ( 'NONE', #4982, 0.1200000000000003147 ) ;
#2143 = CARTESIAN_POINT ( 'NONE',  ( 27.00000000000000355, 27.00000000000000355, 9.833487943424978894 ) ) ;
#2144 = ORIENTED_EDGE ( 'NONE', *, *, #503, .T. ) ;
#2145 = DIRECTION ( 'NONE',  ( 0.000000000000000000, -1.000000000000000000, 0.000000000000000000 ) ) ;
#2146 = AXIS2_PLACEMENT_3D ( 'NONE', #6999, #1070, #3104 ) ;
#2147 = CARTESIAN_POINT ( 'NONE',  ( -16.99887765375237692, 0.6246541272872884187, 17.38000000000000611 ) ) ;
#2148 = DIRECTION ( 'NONE',  ( 0.000000000000000000, -1.000000000000000000, 0.000000000000000000 ) ) ;
#2149 = AXIS2_PLACEMENT_3D ( 'NONE', #7868, #6322, #6974 ) ;
#2150 = DIRECTION ( 'NONE',  ( -0.000000000000000000, 1.000000000000000000, 0.000000000000000000 ) ) ;
#2151 = DIRECTION ( 'NONE',  ( -0.000000000000000000, 1.508455196501571429E-16, -1.000000000000000000 ) ) ;
#2152 = CIRCLE ( 'NONE', #5588, 1.879999999999999671 ) ;
#2153 = FACE_OUTER_BOUND ( 'NONE', #4215, .T. ) ;
#2154 = ORIENTED_EDGE ( 'NONE', *, *, #3752, .F. ) ;
#2155 = VERTEX_POINT ( 'NONE', #7188 ) ;
#2156 = VERTEX_POINT ( 'NONE', #895 ) ;
#2157 = ORIENTED_EDGE ( 'NONE', *, *, #2995, .F. ) ;
#2158 = DIRECTION ( 'NONE',  ( 0.000000000000000000, -1.000000000000000000, 0.000000000000000000 ) ) ;
#2159 = ORIENTED_EDGE ( 'NONE', *, *, #6010, .F. ) ;
#2160 = EDGE_CURVE ( 'NONE', #9063, #3362, #1429, .T. ) ;
#2161 = ORIENTED_EDGE ( 'NONE', *, *, #8691, .T. ) ;
#2162 = PLANE ( 'NONE',  #4561 ) ;
#2163 = ORIENTED_EDGE ( 'NONE', *, *, #7772, .F. ) ;
#2164 = ORIENTED_EDGE ( 'NONE', *, *, #5926, .F. ) ;
#2165 = EDGE_LOOP ( 'NONE', ( #2063, #1966, #5023, #2263, #8775, #2315, #5619, #2946 ) ) ;
#2166 = DIRECTION ( 'NONE',  ( 1.000000000000000000, -0.000000000000000000, -0.000000000000000000 ) ) ;
#2167 = EDGE_CURVE ( 'NONE', #6240, #2896, #3471, .T. ) ;
#2168 = VERTEX_POINT ( 'NONE', #4651 ) ;
#2169 = ORIENTED_EDGE ( 'NONE', *, *, #8321, .F. ) ;
#2170 = EDGE_CURVE ( 'NONE', #9707, #5903, #8991, .T. ) ;
#2171 = CARTESIAN_POINT ( 'NONE',  ( 29.00000000000000000, 11.99999999999999822, -14.49999999999999822 ) ) ;
#2172 = FACE_OUTER_BOUND ( 'NONE', #5967, .T. ) ;
#2173 = CARTESIAN_POINT ( 'NONE',  ( -10.00000000000002665, 1.727922061357856087, -12.99999999999990052 ) ) ;
#2174 = EDGE_CURVE ( 'NONE', #8985, #8299, #1266, .T. ) ;
#2175 = LINE ( 'NONE', #1336, #968 ) ;
#2176 = CARTESIAN_POINT ( 'NONE',  ( 22.50000000000000711, 11.88000000000000256, -14.49999999999999822 ) ) ;
#2177 = CIRCLE ( 'NONE', #5635, 1.620000000000000773 ) ;
#2178 = EDGE_LOOP ( 'NONE', ( #9606, #47, #2797, #3817 ) ) ;
#2179 = DIRECTION ( 'NONE',  ( -0.000000000000000000, 1.508455196501571429E-16, -1.000000000000000000 ) ) ;
#2180 = DIRECTION ( 'NONE',  ( -0.000000000000000000, 1.000000000000000000, 0.000000000000000000 ) ) ;
#2181 = DIRECTION ( 'NONE',  ( 0.000000000000000000, -1.000000000000000000, 0.000000000000000000 ) ) ;
#2182 = ADVANCED_FACE ( 'NONE', ( #9438 ), #3894, .T. ) ;
#2183 = CARTESIAN_POINT ( 'NONE',  ( -6.999999999999999112, -12.49999999999999822, 2.500000000000001332 ) ) ;
#2184 = EDGE_CURVE ( 'NONE', #7515, #1925, #9295, .T. ) ;
#2185 = CARTESIAN_POINT ( 'NONE',  ( 21.00000000000000355, -11.11999999999998323, 10.33348794342497712 ) ) ;
#2186 = AXIS2_PLACEMENT_3D ( 'NONE', #2147, #9436, #8134 ) ;
#2187 = DIRECTION ( 'NONE',  ( -0.000000000000000000, -1.000000000000000000, -0.000000000000000000 ) ) ;
#2188 = CYLINDRICAL_SURFACE ( 'NONE', #50, 0.1199999999999985800 ) ;
#2189 = ORIENTED_EDGE ( 'NONE', *, *, #156, .F. ) ;
#2190 = DIRECTION ( 'NONE',  ( 0.000000000000000000, 0.000000000000000000, -1.000000000000000000 ) ) ;
#2191 = AXIS2_PLACEMENT_3D ( 'NONE', #4377, #7381, #8863 ) ;
#2192 = CYLINDRICAL_SURFACE ( 'NONE', #5656, 4.499999999999998224 ) ;
#2193 = DIRECTION ( 'NONE',  ( 0.000000000000000000, 0.000000000000000000, -1.000000000000000000 ) ) ;
#2194 = VECTOR ( 'NONE', #3271, 1000.000000000000000 ) ;
#2195 = DIRECTION ( 'NONE',  ( 0.000000000000000000, 0.000000000000000000, -1.000000000000000000 ) ) ;
#2196 = DIRECTION ( 'NONE',  ( 0.000000000000000000, 0.000000000000000000, 1.000000000000000000 ) ) ;
#2197 = AXIS2_PLACEMENT_3D ( 'NONE', #227, #5491, #1738 ) ;
#2198 = AXIS2_PLACEMENT_3D ( 'NONE', #184, #830, #43 ) ;
#2199 = CARTESIAN_POINT ( 'NONE',  ( 28.88000000000000256, -11.00000000000000000, 7.833487943424975342 ) ) ;
#2200 = ORIENTED_EDGE ( 'NONE', *, *, #4702, .F. ) ;
#2201 = ORIENTED_EDGE ( 'NONE', *, *, #2656, .T. ) ;
#2202 = ORIENTED_EDGE ( 'NONE', *, *, #4213, .T. ) ;
#2203 = ORIENTED_EDGE ( 'NONE', *, *, #6033, .T. ) ;
#2204 = DIRECTION ( 'NONE',  ( 1.000000000000000000, 0.000000000000000000, 0.000000000000000000 ) ) ;
#2205 = AXIS2_PLACEMENT_3D ( 'NONE', #1722, #7058, #5437 ) ;
#2206 = TOROIDAL_SURFACE ( 'NONE', #644, 1.620000000000002549, 0.1199999999999999956 ) ;
#2207 = AXIS2_PLACEMENT_3D ( 'NONE', #4472, #677, #4518 ) ;
#2208 = DIRECTION ( 'NONE',  ( 0.000000000000000000, 0.000000000000000000, -1.000000000000000000 ) ) ;
#2209 = VERTEX_POINT ( 'NONE', #2415 ) ;
#2210 = CIRCLE ( 'NONE', #1110, 1.500000000000001332 ) ;
#2211 = VERTEX_POINT ( 'NONE', #7936 ) ;
#2212 = LINE ( 'NONE', #797, #8406 ) ;
#2213 = ORIENTED_EDGE ( 'NONE', *, *, #7766, .F. ) ;
#2214 = ORIENTED_EDGE ( 'NONE', *, *, #5175, .F. ) ;
#2215 = EDGE_CURVE ( 'NONE', #1351, #6702, #2062, .T. ) ;
#2216 = TOROIDAL_SURFACE ( 'NONE', #5213, 1.620000000000000773, 0.1199999999999999956 ) ;
#2217 = CARTESIAN_POINT ( 'NONE',  ( 24.49999999999999645, -11.00000000000000000, 0.8210797617547740401 ) ) ;
#2218 = DIRECTION ( 'NONE',  ( -4.841193211655195936E-16, -0.000000000000000000, -1.000000000000000000 ) ) ;
#2219 = LINE ( 'NONE', #6664, #4361 ) ;
#2220 = CIRCLE ( 'NONE', #5998, 1.880000000000001448 ) ;
#2221 = ADVANCED_FACE ( 'NONE', ( #8569 ), #821, .T. ) ;
#2222 = EDGE_CURVE ( 'NONE', #8187, #2744, #6305, .T. ) ;
#2223 = CIRCLE ( 'NONE', #1588, 1.678920238245226848 ) ;
#2224 = ORIENTED_EDGE ( 'NONE', *, *, #5796, .F. ) ;
#2225 = CARTESIAN_POINT ( 'NONE',  ( -9.999999999999927169, -11.11999999999999922, 1.120000000000100915 ) ) ;
#2226 = DIRECTION ( 'NONE',  ( 0.000000000000000000, 0.000000000000000000, -1.000000000000000000 ) ) ;
#2227 = CIRCLE ( 'NONE', #827, 4.620000000000000107 ) ;
#2228 = EDGE_CURVE ( 'NONE', #2896, #4740, #6337, .T. ) ;
#2229 = DIRECTION ( 'NONE',  ( -1.000000000000000000, 0.000000000000000000, 0.000000000000000000 ) ) ;
#2230 = AXIS2_PLACEMENT_3D ( 'NONE', #4576, #5412, #7680 ) ;
#2231 = CARTESIAN_POINT ( 'NONE',  ( 21.50000000000000355, 27.00000000000000355, 9.833487943424977118 ) ) ;
#2232 = CARTESIAN_POINT ( 'NONE',  ( -10.00000000000002665, -12.49999999999999822, -16.11999999999990152 ) ) ;
#2233 = CARTESIAN_POINT ( 'NONE',  ( 28.88000000000000256, -10.49999999999999645, -14.50000000000000178 ) ) ;
#2234 = AXIS2_PLACEMENT_3D ( 'NONE', #6224, #9238, #1740 ) ;
#2235 = DIRECTION ( 'NONE',  ( 0.000000000000000000, 0.000000000000000000, -1.000000000000000000 ) ) ;
#2236 = CARTESIAN_POINT ( 'NONE',  ( 9.874654127287220362, -6.248877653752255235, 16.00000000000000000 ) ) ;
#2237 = TOROIDAL_SURFACE ( 'NONE', #6317, 0.4199999999999990408, 0.1199999999999999956 ) ;
#2238 = CARTESIAN_POINT ( 'NONE',  ( 29.00000000000000000, 11.99999999999999822, -14.37999999999999901 ) ) ;
#2239 = EDGE_CURVE ( 'NONE', #1021, #215, #7587, .T. ) ;
#2240 = ADVANCED_FACE ( 'NONE', ( #2637 ), #1403, .F. ) ;
#2241 = ORIENTED_EDGE ( 'NONE', *, *, #4766, .F. ) ;
#2242 = AXIS2_PLACEMENT_3D ( 'NONE', #866, #6113, #817 ) ;
#2243 = CARTESIAN_POINT ( 'NONE',  ( 2.428612866367529932E-14, -11.11999999999999922, 7.880000000000001670 ) ) ;
#2244 = CARTESIAN_POINT ( 'NONE',  ( -1.501122346247666606, 0.8753458727129063144, 17.38000000000000611 ) ) ;
#2245 = CARTESIAN_POINT ( 'NONE',  ( -21.12000000000000099, -10.49999999999999822, -13.11999999999999922 ) ) ;
#2246 = VECTOR ( 'NONE', #2022, 1000.000000000000000 ) ;
#2247 = DIRECTION ( 'NONE',  ( 0.000000000000000000, -1.508455196501571429E-16, 1.000000000000000000 ) ) ;
#2248 = FACE_BOUND ( 'NONE', #3150, .T. ) ;
#2249 = AXIS2_PLACEMENT_3D ( 'NONE', #562, #8692, #1923 ) ;
#2250 = LINE ( 'NONE', #9060, #4442 ) ;
#2251 = AXIS2_PLACEMENT_3D ( 'NONE', #5046, #3663, #1483 ) ;
#2252 = CYLINDRICAL_SURFACE ( 'NONE', #1010, 1.617476254756360587 ) ;
#2253 = VERTEX_POINT ( 'NONE', #5896 ) ;
#2254 = ORIENTED_EDGE ( 'NONE', *, *, #5953, .F. ) ;
#2255 = ORIENTED_EDGE ( 'NONE', *, *, #9252, .T. ) ;
#2256 = DIRECTION ( 'NONE',  ( 0.000000000000000000, -1.000000000000000000, 0.000000000000000000 ) ) ;
#2257 = DIRECTION ( 'NONE',  ( -1.000000000000000000, 0.000000000000000000, 0.000000000000000000 ) ) ;
#2258 = AXIS2_PLACEMENT_3D ( 'NONE', #5227, #6848, #5324 ) ;
#2259 = VERTEX_POINT ( 'NONE', #4426 ) ;
#2260 = DIRECTION ( 'NONE',  ( 0.000000000000000000, -1.508455196501571429E-16, 1.000000000000000000 ) ) ;
#2261 = VERTEX_POINT ( 'NONE', #3684 ) ;
#2262 = DIRECTION ( 'NONE',  ( 0.000000000000000000, -1.000000000000000000, 0.000000000000000000 ) ) ;
#2263 = ORIENTED_EDGE ( 'NONE', *, *, #2624, .T. ) ;
#2264 = ORIENTED_EDGE ( 'NONE', *, *, #5732, .F. ) ;
#2265 = ORIENTED_EDGE ( 'NONE', *, *, #3361, .F. ) ;
#2266 = CARTESIAN_POINT ( 'NONE',  ( 17.80000000000000782, -12.37999999999998124, -19.50000000000000000 ) ) ;
#2267 = DIRECTION ( 'NONE',  ( -0.000000000000000000, -0.000000000000000000, 1.000000000000000000 ) ) ;
#2268 = DIRECTION ( 'NONE',  ( -0.000000000000000000, 1.000000000000000000, 0.000000000000000000 ) ) ;
#2269 = ORIENTED_EDGE ( 'NONE', *, *, #3813, .F. ) ;
#2270 = AXIS2_PLACEMENT_3D ( 'NONE', #8218, #1989, #1393 ) ;
#2271 = EDGE_CURVE ( 'NONE', #15, #3362, #4272, .T. ) ;
#2272 = DIRECTION ( 'NONE',  ( -1.000000000000000000, 0.000000000000000000, 0.000000000000000000 ) ) ;
#2273 = DIRECTION ( 'NONE',  ( -1.000000000000000000, -0.000000000000000000, -4.841193211655195936E-16 ) ) ;
#2274 = CIRCLE ( 'NONE', #4171, 1.620000000000000773 ) ;
#2275 = EDGE_CURVE ( 'NONE', #149, #607, #338, .T. ) ;
#2276 = ADVANCED_FACE ( 'NONE', ( #5944 ), #588, .T. ) ;
#2277 = DIRECTION ( 'NONE',  ( 0.000000000000000000, -1.000000000000000000, 0.000000000000000000 ) ) ;
#2278 = DIRECTION ( 'NONE',  ( 0.000000000000000000, 0.000000000000000000, -1.000000000000000000 ) ) ;
#2279 = AXIS2_PLACEMENT_3D ( 'NONE', #2777, #5779, #3666 ) ;
#2280 = CARTESIAN_POINT ( 'NONE',  ( 16.99999999999999645, -11.11999999999999922, -7.499999999999852562 ) ) ;
#2281 = ORIENTED_EDGE ( 'NONE', *, *, #1235, .T. ) ;
#2282 = CARTESIAN_POINT ( 'NONE',  ( 0.000000000000000000, -12.37999999999999901, 2.500000000000001332 ) ) ;
#2283 = EDGE_CURVE ( 'NONE', #5323, #5741, #5685, .T. ) ;
#2284 = CARTESIAN_POINT ( 'NONE',  ( 6.999999999999999112, -12.37999999999999901, 2.499999999999951594 ) ) ;
#2285 = DIRECTION ( 'NONE',  ( 0.000000000000000000, 0.000000000000000000, 1.000000000000000000 ) ) ;
#2286 = CIRCLE ( 'NONE', #3712, 1.500000000000004885 ) ;
#2287 = EDGE_CURVE ( 'NONE', #9431, #4769, #4440, .T. ) ;
#2288 = EDGE_CURVE ( 'NONE', #3090, #932, #2689, .T. ) ;
#2289 = ORIENTED_EDGE ( 'NONE', *, *, #5192, .T. ) ;
#2290 = DIRECTION ( 'NONE',  ( 0.000000000000000000, 0.000000000000000000, 1.000000000000000000 ) ) ;
#2291 = CARTESIAN_POINT ( 'NONE',  ( -24.49999999999999645, -11.11999999999999922, -7.499999999999999112 ) ) ;
#2292 = CARTESIAN_POINT ( 'NONE',  ( -10.12534587271282582, 9.368877653752452517, 16.12000000000000099 ) ) ;
#2293 = CARTESIAN_POINT ( 'NONE',  ( -20.87999999999999190, -11.00000000000000000, 15.50000000000000178 ) ) ;
#2294 = AXIS2_PLACEMENT_3D ( 'NONE', #8839, #2663, #8689 ) ;
#2295 = CIRCLE ( 'NONE', #7815, 1.558920238245227408 ) ;
#2296 = EDGE_CURVE ( 'NONE', #7487, #9736, #2096, .T. ) ;
#2297 = DIRECTION ( 'NONE',  ( 0.000000000000000000, -1.508455196501571429E-16, 1.000000000000000000 ) ) ;
#2298 = CARTESIAN_POINT ( 'NONE',  ( 24.49999999999999645, -12.37999999999999901, -9.058920238245224965 ) ) ;
#2299 = DIRECTION ( 'NONE',  ( -0.000000000000000000, -0.000000000000000000, 1.000000000000000000 ) ) ;
#2300 = CIRCLE ( 'NONE', #9694, 0.1200000000000003147 ) ;
#2301 = EDGE_LOOP ( 'NONE', ( #4636, #2808 ) ) ;
#2302 = ORIENTED_EDGE ( 'NONE', *, *, #2407, .T. ) ;
#2303 = CIRCLE ( 'NONE', #2775, 0.1199999999999985800 ) ;
#2304 = ORIENTED_EDGE ( 'NONE', *, *, #3552, .T. ) ;
#2305 = DIRECTION ( 'NONE',  ( 0.000000000000000000, 0.000000000000000000, -1.000000000000000000 ) ) ;
#2306 = DIRECTION ( 'NONE',  ( 0.000000000000000000, 0.000000000000000000, 1.000000000000000000 ) ) ;
#2307 = AXIS2_PLACEMENT_3D ( 'NONE', #3443, #446, #8826 ) ;
#2308 = EDGE_CURVE ( 'NONE', #7182, #1577, #2220, .T. ) ;
#2309 = EDGE_CURVE ( 'NONE', #6379, #1055, #6638, .T. ) ;
#2310 = DIRECTION ( 'NONE',  ( 0.000000000000000000, -1.000000000000000000, 0.000000000000000000 ) ) ;
#2311 = VECTOR ( 'NONE', #1198, 1000.000000000000000 ) ;
#2312 = ORIENTED_EDGE ( 'NONE', *, *, #695, .T. ) ;
#2313 = VERTEX_POINT ( 'NONE', #8088 ) ;
#2314 = CARTESIAN_POINT ( 'NONE',  ( 6.999999999999999112, -11.00000000000000000, 4.119999999999952145 ) ) ;
#2315 = ORIENTED_EDGE ( 'NONE', *, *, #3418, .T. ) ;
#2316 = ORIENTED_EDGE ( 'NONE', *, *, #5307, .F. ) ;
#2317 = CARTESIAN_POINT ( 'NONE',  ( -19.68000000000000682, -12.49999999999999822, -17.50000000000000000 ) ) ;
#2318 = DIRECTION ( 'NONE',  ( 0.000000000000000000, -1.000000000000000000, 0.000000000000000000 ) ) ;
#2319 = DIRECTION ( 'NONE',  ( 7.302723057389411073E-32, -1.000000000000000000, -1.508455196501571429E-16 ) ) ;
#2320 = EDGE_LOOP ( 'NONE', ( #2704, #1972 ) ) ;
#2321 = EDGE_LOOP ( 'NONE', ( #9155, #6896, #3433, #2747, #5716 ) ) ;
#2322 = ORIENTED_EDGE ( 'NONE', *, *, #5424, .F. ) ;
#2323 = EDGE_LOOP ( 'NONE', ( #2114, #7788, #496, #4886 ) ) ;
#2324 = DIRECTION ( 'NONE',  ( 0.000000000000000000, -1.000000000000000000, -0.000000000000000000 ) ) ;
#2325 = CARTESIAN_POINT ( 'NONE',  ( -21.50000000000000711, -12.37999999999996703, 9.833487943424977118 ) ) ;
#2326 = CARTESIAN_POINT ( 'NONE',  ( -16.99999999999999645, -11.11999999999999922, -8.999999999999852562 ) ) ;
#2327 = FACE_BOUND ( 'NONE', #6447, .T. ) ;
#2328 = FACE_OUTER_BOUND ( 'NONE', #7451, .T. ) ;
#2329 = CARTESIAN_POINT ( 'NONE',  ( 10.00000000000000178, -12.49999999999999822, -2.880000000000000782 ) ) ;
#2330 = DIRECTION ( 'NONE',  ( 0.000000000000000000, -1.000000000000000000, 0.000000000000000000 ) ) ;
#2331 = DIRECTION ( 'NONE',  ( 0.000000000000000000, -1.000000000000000000, -0.000000000000000000 ) ) ;
#2332 = DIRECTION ( 'NONE',  ( 0.000000000000000000, 0.000000000000000000, -1.000000000000000000 ) ) ;
#2333 = VERTEX_POINT ( 'NONE', #1254 ) ;
#2334 = DIRECTION ( 'NONE',  ( 0.000000000000000000, 0.000000000000000000, -1.000000000000000000 ) ) ;
#2335 = EDGE_CURVE ( 'NONE', #1468, #7295, #2382, .T. ) ;
#2336 = DIRECTION ( 'NONE',  ( 0.000000000000000000, 0.000000000000000000, -1.000000000000000000 ) ) ;
#2337 = FACE_OUTER_BOUND ( 'NONE', #256, .T. ) ;
#2338 = AXIS2_PLACEMENT_3D ( 'NONE', #291, #6288, #2605 ) ;
#2339 = DIRECTION ( 'NONE',  ( 0.000000000000000000, 0.000000000000000000, -1.000000000000000000 ) ) ;
#2340 = EDGE_CURVE ( 'NONE', #4193, #189, #34, .T. ) ;
#2341 = FACE_OUTER_BOUND ( 'NONE', #5754, .T. ) ;
#2342 = ADVANCED_FACE ( 'NONE', ( #3481 ), #8762, .T. ) ;
#2343 = DIRECTION ( 'NONE',  ( -1.000000000000000000, 0.000000000000000000, 0.000000000000000000 ) ) ;
#2344 = AXIS2_PLACEMENT_3D ( 'NONE', #1610, #100, #4678 ) ;
#2345 = CARTESIAN_POINT ( 'NONE',  ( 24.49999999999999645, -12.37999999999999901, -7.499999999999999112 ) ) ;
#2346 = ORIENTED_EDGE ( 'NONE', *, *, #7434, .F. ) ;
#2347 = ORIENTED_EDGE ( 'NONE', *, *, #9089, .F. ) ;
#2348 = ORIENTED_EDGE ( 'NONE', *, *, #3791, .T. ) ;
#2349 = ADVANCED_FACE ( 'NONE', ( #535 ), #5794, .T. ) ;
#2350 = AXIS2_PLACEMENT_3D ( 'NONE', #3427, #4821, #6432 ) ;
#2351 = DIRECTION ( 'NONE',  ( 0.000000000000000000, 0.000000000000000000, -1.000000000000000000 ) ) ;
#2352 = DIRECTION ( 'NONE',  ( 0.000000000000000000, 0.000000000000000000, -1.000000000000000000 ) ) ;
#2353 = DIRECTION ( 'NONE',  ( 0.000000000000000000, 0.000000000000000000, -1.000000000000000000 ) ) ;
#2354 = AXIS2_PLACEMENT_3D ( 'NONE', #5452, #9239, #3916 ) ;
#2355 = ORIENTED_EDGE ( 'NONE', *, *, #4826, .F. ) ;
#2356 = EDGE_LOOP ( 'NONE', ( #715, #1607, #8970, #2203, #7532, #4648 ) ) ;
#2357 = CARTESIAN_POINT ( 'NONE',  ( 8.254654127287219367, -6.248877653752255235, 17.38000000000000611 ) ) ;
#2358 = ORIENTED_EDGE ( 'NONE', *, *, #9517, .F. ) ;
#2359 = ORIENTED_EDGE ( 'NONE', *, *, #2694, .F. ) ;
#2360 = ADVANCED_FACE ( 'NONE', ( #3535 ), #3480, .T. ) ;
#2361 = ORIENTED_EDGE ( 'NONE', *, *, #8825, .T. ) ;
#2362 = EDGE_CURVE ( 'NONE', #4223, #8426, #9547, .T. ) ;
#2363 = CARTESIAN_POINT ( 'NONE',  ( -10.00000000000000178, -11.11999999999999922, -7.499999999999999112 ) ) ;
#2364 = CIRCLE ( 'NONE', #6141, 1.499999999999999556 ) ;
#2365 = CIRCLE ( 'NONE', #5360, 1.678920238245226848 ) ;
#2366 = DIRECTION ( 'NONE',  ( 0.000000000000000000, 0.000000000000000000, -1.000000000000000000 ) ) ;
#2367 = FACE_OUTER_BOUND ( 'NONE', #5267, .T. ) ;
#2368 = ORIENTED_EDGE ( 'NONE', *, *, #7953, .T. ) ;
#2369 = CIRCLE ( 'NONE', #7263, 0.1200000000000003147 ) ;
#2370 = VERTEX_POINT ( 'NONE', #7383 ) ;
#2371 = DIRECTION ( 'NONE',  ( -0.000000000000000000, -0.000000000000000000, 1.000000000000000000 ) ) ;
#2372 = AXIS2_PLACEMENT_3D ( 'NONE', #6616, #5100, #2773 ) ;
#2373 = DIRECTION ( 'NONE',  ( 1.000000000000000000, -0.000000000000000000, -0.000000000000000000 ) ) ;
#2374 = DIRECTION ( 'NONE',  ( -0.000000000000000000, 0.000000000000000000, 1.000000000000000000 ) ) ;
#2375 = AXIS2_PLACEMENT_3D ( 'NONE', #4449, #8891, #8200 ) ;
#2376 = DIRECTION ( 'NONE',  ( 0.000000000000000000, -1.508455196501571429E-16, 1.000000000000000000 ) ) ;
#2377 = DIRECTION ( 'NONE',  ( 0.000000000000000000, 0.000000000000000000, -1.000000000000000000 ) ) ;
#2378 = TOROIDAL_SURFACE ( 'NONE', #1275, 4.619999999999998330, 0.1199999999999999956 ) ;
#2379 = DIRECTION ( 'NONE',  ( 0.000000000000000000, 0.000000000000000000, 1.000000000000000000 ) ) ;
#2380 = CARTESIAN_POINT ( 'NONE',  ( -16.99999999999999645, 1.727922061357856087, -5.999999999999853451 ) ) ;
#2381 = CARTESIAN_POINT ( 'NONE',  ( -9.999999999999927169, -11.11999999999999922, -0.4999999999998998579 ) ) ;
#2382 = CIRCLE ( 'NONE', #5529, 1.619999999999998108 ) ;
#2383 = CARTESIAN_POINT ( 'NONE',  ( 29.00000000000000000, -12.49999999999999822, -12.50000000000000178 ) ) ;
#2384 = AXIS2_PLACEMENT_3D ( 'NONE', #6926, #969, #7775 ) ;
#2385 = DIRECTION ( 'NONE',  ( -5.811872027389895469E-16, 0.000000000000000000, 1.000000000000000000 ) ) ;
#2386 = CARTESIAN_POINT ( 'NONE',  ( -20.88000000000000611, -11.00000000000000000, 10.33348794342497712 ) ) ;
#2387 = CARTESIAN_POINT ( 'NONE',  ( -20.88000000000000256, 10.50000000000000355, 16.00000000000000355 ) ) ;
#2388 = FACE_OUTER_BOUND ( 'NONE', #7398, .T. ) ;
#2389 = VECTOR ( 'NONE', #4572, 1000.000000000000000 ) ;
#2390 = CARTESIAN_POINT ( 'NONE',  ( 0.000000000000000000, -11.11999999999999922, 2.500000000000001332 ) ) ;
#2391 = AXIS2_PLACEMENT_3D ( 'NONE', #425, #7978, #2586 ) ;
#2392 = CARTESIAN_POINT ( 'NONE',  ( 29.00000000000000000, -10.49999999999999822, 17.50000000000000355 ) ) ;
#2393 = ADVANCED_FACE ( 'NONE', ( #633 ), #6176, .F. ) ;
#2394 = LINE ( 'NONE', #6272, #5069 ) ;
#2395 = AXIS2_PLACEMENT_3D ( 'NONE', #2280, #8354, #4557 ) ;
#2396 = ORIENTED_EDGE ( 'NONE', *, *, #5095, .F. ) ;
#2397 = ORIENTED_EDGE ( 'NONE', *, *, #9089, .T. ) ;
#2398 = ORIENTED_EDGE ( 'NONE', *, *, #851, .F. ) ;
#2399 = CIRCLE ( 'NONE', #2557, 0.4199999999999984857 ) ;
#2400 = EDGE_CURVE ( 'NONE', #2489, #1745, #500, .T. ) ;
#2401 = CARTESIAN_POINT ( 'NONE',  ( -10.12534587271282582, 2.248877653752447969, 16.12000000000000099 ) ) ;
#2402 = CARTESIAN_POINT ( 'NONE',  ( -20.70000000000000284, -11.11999999999999389, -11.11041406348422633 ) ) ;
#2403 = EDGE_CURVE ( 'NONE', #1039, #5133, #8229, .T. ) ;
#2404 =( GEOMETRIC_REPRESENTATION_CONTEXT ( 3 ) GLOBAL_UNCERTAINTY_ASSIGNED_CONTEXT ( ( #428 ) ) GLOBAL_UNIT_ASSIGNED_CONTEXT ( ( #513, #3562, #3404 ) ) REPRESENTATION_CONTEXT ( 'NONE', 'WORKASPACE' ) );
#2405 = DIRECTION ( 'NONE',  ( 0.000000000000000000, 0.000000000000000000, -1.000000000000000000 ) ) ;
#2406 = CIRCLE ( 'NONE', #4467, 0.1199999999999985800 ) ;
#2407 = EDGE_CURVE ( 'NONE', #7848, #5279, #9148, .T. ) ;
#2408 = ORIENTED_EDGE ( 'NONE', *, *, #697, .F. ) ;
#2409 = CARTESIAN_POINT ( 'NONE',  ( -16.99887765375237692, 0.6246541272872884187, 17.38000000000000611 ) ) ;
#2410 = EDGE_LOOP ( 'NONE', ( #3956, #6895 ) ) ;
#2411 = ORIENTED_EDGE ( 'NONE', *, *, #3176, .T. ) ;
#2412 = ORIENTED_EDGE ( 'NONE', *, *, #1822, .F. ) ;
#2413 = CARTESIAN_POINT ( 'NONE',  ( 2.428612866367529932E-14, -11.11999999999999922, 8.000000000000001776 ) ) ;
#2414 = CIRCLE ( 'NONE', #5108, 0.4200000000000002620 ) ;
#2415 = CARTESIAN_POINT ( 'NONE',  ( 19.00000000000000355, 12.38000000000000078, 16.00000000000000355 ) ) ;
#2416 = DIRECTION ( 'NONE',  ( 0.000000000000000000, 0.000000000000000000, -1.000000000000000000 ) ) ;
#2417 = CIRCLE ( 'NONE', #3685, 1.500000000000002220 ) ;
#2418 = ADVANCED_FACE ( 'NONE', ( #9011 ), #2979, .F. ) ;
#2419 = EDGE_LOOP ( 'NONE', ( #2281, #3600 ) ) ;
#2420 = EDGE_CURVE ( 'NONE', #1735, #8802, #4670, .T. ) ;
#2421 = CARTESIAN_POINT ( 'NONE',  ( 10.00000000000002665, -12.37999999999999901, -14.49999999999990230 ) ) ;
#2422 = AXIS2_PLACEMENT_3D ( 'NONE', #5461, #1757, #286 ) ;
#2423 = FACE_OUTER_BOUND ( 'NONE', #3517, .T. ) ;
#2424 = ORIENTED_EDGE ( 'NONE', *, *, #572, .F. ) ;
#2425 = CARTESIAN_POINT ( 'NONE',  ( -20.10000000000000853, -11.00000000000000000, -11.53041406348422626 ) ) ;
#2426 = CARTESIAN_POINT ( 'NONE',  ( 28.88000000000000256, -12.37999999999999901, 15.50000000000000178 ) ) ;
#2427 = DIRECTION ( 'NONE',  ( 0.000000000000000000, -1.508455196501571429E-16, 1.000000000000000000 ) ) ;
#2428 = AXIS2_PLACEMENT_3D ( 'NONE', #524, #5110, #1240 ) ;
#2429 = DIRECTION ( 'NONE',  ( 0.000000000000000000, -1.000000000000000000, 0.000000000000000000 ) ) ;
#2430 = ORIENTED_EDGE ( 'NONE', *, *, #9682, .F. ) ;
#2431 = EDGE_CURVE ( 'NONE', #430, #5951, #3317, .T. ) ;
#2432 = ADVANCED_FACE ( 'NONE', ( #5410 ), #972, .T. ) ;
#2433 = DIRECTION ( 'NONE',  ( -0.000000000000000000, -1.000000000000000000, -0.000000000000000000 ) ) ;
#2434 = CARTESIAN_POINT ( 'NONE',  ( 29.00000000000000000, -10.49999999999999822, -12.49999999999999822 ) ) ;
#2435 = VERTEX_POINT ( 'NONE', #8415 ) ;
#2436 = CARTESIAN_POINT ( 'NONE',  ( -18.49887765375238047, 0.6246541272872886408, 10.50000000000001243 ) ) ;
#2437 = DIRECTION ( 'NONE',  ( 0.000000000000000000, 0.000000000000000000, 1.000000000000000000 ) ) ;
#2438 = CARTESIAN_POINT ( 'NONE',  ( 24.49999999999999645, -12.49999999999999822, 2.500000000000001332 ) ) ;
#2439 = DIRECTION ( 'NONE',  ( 0.000000000000000000, -1.000000000000000000, 0.000000000000000000 ) ) ;
#2440 = DIRECTION ( 'NONE',  ( 0.000000000000000000, -1.000000000000000000, -0.000000000000000000 ) ) ;
#2441 = DIRECTION ( 'NONE',  ( 0.000000000000000000, -1.000000000000000000, -1.508455196501571429E-16 ) ) ;
#2442 = AXIS2_PLACEMENT_3D ( 'NONE', #7216, #4161, #8070 ) ;
#2443 = DIRECTION ( 'NONE',  ( 1.224646799147439735E-16, 0.000000000000000000, -1.000000000000000000 ) ) ;
#2444 = ORIENTED_EDGE ( 'NONE', *, *, #2639, .T. ) ;
#2445 = VERTEX_POINT ( 'NONE', #3033 ) ;
#2446 = AXIS2_PLACEMENT_3D ( 'NONE', #6908, #4658, #8450 ) ;
#2447 = CARTESIAN_POINT ( 'NONE',  ( 24.00000000000000000, -2.632523745243643187, 4.499999999999995559 ) ) ;
#2448 = CARTESIAN_POINT ( 'NONE',  ( -3.001122346247667938, 0.8753458727129063144, 10.50000000000001243 ) ) ;
#2449 = AXIS2_PLACEMENT_3D ( 'NONE', #2425, #945, #6958 ) ;
#2450 = EDGE_CURVE ( 'NONE', #4231, #5426, #7107, .T. ) ;
#2451 = CARTESIAN_POINT ( 'NONE',  ( 20.88000000000000256, -10.50000000000000000, 16.11999999999999744 ) ) ;
#2452 = ORIENTED_EDGE ( 'NONE', *, *, #9181, .F. ) ;
#2453 = CIRCLE ( 'NONE', #4513, 1.617476254756361476 ) ;
#2454 = CIRCLE ( 'NONE', #105, 1.619999999999999885 ) ;
#2455 = VERTEX_POINT ( 'NONE', #3079 ) ;
#2456 = ORIENTED_EDGE ( 'NONE', *, *, #9333, .F. ) ;
#2457 = DIRECTION ( 'NONE',  ( 0.000000000000000000, -1.000000000000000000, 0.000000000000000000 ) ) ;
#2458 = EDGE_LOOP ( 'NONE', ( #3553, #5474, #9208, #2641 ) ) ;
#2459 = CARTESIAN_POINT ( 'NONE',  ( 21.50000000000000355, -11.11999999999999744, 10.33348794342497712 ) ) ;
#2460 = EDGE_CURVE ( 'NONE', #1428, #9053, #9619, .T. ) ;
#2461 = AXIS2_PLACEMENT_3D ( 'NONE', #9056, #5943, #916 ) ;
#2462 = ORIENTED_EDGE ( 'NONE', *, *, #6075, .F. ) ;
#2463 = EDGE_CURVE ( 'NONE', #3779, #6156, #1115, .T. ) ;
#2464 = DIRECTION ( 'NONE',  ( 0.000000000000000000, 0.000000000000000000, -1.000000000000000000 ) ) ;
#2465 = ADVANCED_FACE ( 'NONE', ( #181 ), #917, .F. ) ;
#2466 = LINE ( 'NONE', #164, #6662 ) ;
#2467 = ORIENTED_EDGE ( 'NONE', *, *, #4820, .F. ) ;
#2468 = EDGE_LOOP ( 'NONE', ( #3386, #236 ) ) ;
#2469 = VERTEX_POINT ( 'NONE', #6880 ) ;
#2470 = CYLINDRICAL_SURFACE ( 'NONE', #4810, 1.500000000000000444 ) ;
#2471 = EDGE_CURVE ( 'NONE', #6887, #384, #6155, .T. ) ;
#2472 = DIRECTION ( 'NONE',  ( -0.000000000000000000, 1.000000000000000000, 0.000000000000000000 ) ) ;
#2473 = FACE_OUTER_BOUND ( 'NONE', #9350, .T. ) ;
#2474 = CARTESIAN_POINT ( 'NONE',  ( 29.00000000000000000, -10.49999999999999645, -14.38000000000000256 ) ) ;
#2475 = ORIENTED_EDGE ( 'NONE', *, *, #3062, .F. ) ;
#2476 = FACE_OUTER_BOUND ( 'NONE', #3490, .T. ) ;
#2477 = CARTESIAN_POINT ( 'NONE',  ( -11.62534587271282938, 7.748877653752450634, 10.50000000000001243 ) ) ;
#2478 = ORIENTED_EDGE ( 'NONE', *, *, #2828, .F. ) ;
#2479 = CARTESIAN_POINT ( 'NONE',  ( 21.00000000000000355, -12.37999999999998835, 10.33348794342497712 ) ) ;
#2480 = DIRECTION ( 'NONE',  ( 0.000000000000000000, -1.000000000000000000, 0.000000000000000000 ) ) ;
#2481 = EDGE_CURVE ( 'NONE', #6156, #3779, #3161, .T. ) ;
#2482 = EDGE_CURVE ( 'NONE', #1915, #5807, #7593, .T. ) ;
#2483 = DIRECTION ( 'NONE',  ( 0.000000000000000000, -1.000000000000000000, 0.000000000000000000 ) ) ;
#2484 = DIRECTION ( 'NONE',  ( 0.000000000000000000, 0.000000000000000000, 1.000000000000000000 ) ) ;
#2485 = FACE_OUTER_BOUND ( 'NONE', #1772, .T. ) ;
#2486 = VERTEX_POINT ( 'NONE', #3772 ) ;
#2487 = CYLINDRICAL_SURFACE ( 'NONE', #5817, 0.1199999999999985800 ) ;
#2488 = CARTESIAN_POINT ( 'NONE',  ( 10.12534587271282582, 0.7488776537524508559, 16.12000000000000099 ) ) ;
#2489 = VERTEX_POINT ( 'NONE', #6779 ) ;
#2490 = VERTEX_POINT ( 'NONE', #6832 ) ;
#2491 = EDGE_LOOP ( 'NONE', ( #2781, #7094 ) ) ;
#2492 = TOROIDAL_SURFACE ( 'NONE', #142, 1.620000000000000773, 0.1199999999999999956 ) ;
#2493 = DIRECTION ( 'NONE',  ( -1.000000000000000000, -0.000000000000000000, 0.000000000000000000 ) ) ;
#2494 = FACE_OUTER_BOUND ( 'NONE', #2849, .T. ) ;
#2495 = AXIS2_PLACEMENT_3D ( 'NONE', #7781, #1796, #9294 ) ;
#2496 = AXIS2_PLACEMENT_3D ( 'NONE', #1658, #6235, #6845 ) ;
#2497 = DIRECTION ( 'NONE',  ( 0.000000000000000000, -1.000000000000000000, 0.000000000000000000 ) ) ;
#2498 = ORIENTED_EDGE ( 'NONE', *, *, #8617, .T. ) ;
#2499 = VERTEX_POINT ( 'NONE', #2293 ) ;
#2500 = ORIENTED_EDGE ( 'NONE', *, *, #4490, .T. ) ;
#2501 = FACE_OUTER_BOUND ( 'NONE', #5223, .T. ) ;
#2502 = AXIS2_PLACEMENT_3D ( 'NONE', #7576, #6728, #3030 ) ;
#2503 = CIRCLE ( 'NONE', #1239, 0.1200000000000003147 ) ;
#2504 = DIRECTION ( 'NONE',  ( 0.000000000000000000, -1.000000000000000000, 0.000000000000000000 ) ) ;
#2505 = VECTOR ( 'NONE', #8959, 1000.000000000000000 ) ;
#2506 = EDGE_LOOP ( 'NONE', ( #7180, #3296 ) ) ;
#2507 = DIRECTION ( 'NONE',  ( 0.000000000000000000, 1.000000000000000000, 0.000000000000000000 ) ) ;
#2508 = VECTOR ( 'NONE', #7716, 1000.000000000000000 ) ;
#2509 = EDGE_CURVE ( 'NONE', #5649, #3050, #6086, .T. ) ;
#2510 = DIRECTION ( 'NONE',  ( -0.000000000000000000, -0.000000000000000000, 1.000000000000000000 ) ) ;
#2511 = ORIENTED_EDGE ( 'NONE', *, *, #6615, .T. ) ;
#2512 = AXIS2_PLACEMENT_3D ( 'NONE', #2677, #8752, #2630 ) ;
#2513 = EDGE_LOOP ( 'NONE', ( #3137, #2004, #3701, #4194 ) ) ;
#2514 = DIRECTION ( 'NONE',  ( -1.000000000000000000, 0.000000000000000000, 0.000000000000000000 ) ) ;
#2515 = EDGE_CURVE ( 'NONE', #5811, #2259, #6956, .T. ) ;
#2516 = CARTESIAN_POINT ( 'NONE',  ( 3.000000000000001776, -12.37999999999999901, -5.999999999999996447 ) ) ;
#2517 = DIRECTION ( 'NONE',  ( 0.000000000000000000, -1.000000000000000000, 0.000000000000000000 ) ) ;
#2518 = EDGE_CURVE ( 'NONE', #4769, #9431, #5691, .T. ) ;
#2519 = CIRCLE ( 'NONE', #805, 0.1200000000000003147 ) ;
#2520 = LINE ( 'NONE', #6910, #5545 ) ;
#2521 = TOROIDAL_SURFACE ( 'NONE', #9145, 1.880000000000000115, 0.1199999999999999956 ) ;
#2522 = DIRECTION ( 'NONE',  ( -0.000000000000000000, 1.000000000000000000, -0.000000000000000000 ) ) ;
#2523 = EDGE_CURVE ( 'NONE', #993, #7632, #9378, .T. ) ;
#2524 = DIRECTION ( 'NONE',  ( 0.000000000000000000, 0.000000000000000000, 1.000000000000000000 ) ) ;
#2525 = CIRCLE ( 'NONE', #3309, 1.500000000000001332 ) ;
#2526 = CARTESIAN_POINT ( 'NONE',  ( 24.00000000000000000, -4.250000000000000888, -13.12000000000000099 ) ) ;
#2527 = CARTESIAN_POINT ( 'NONE',  ( -21.12000000000000099, -12.49999999999999822, -11.53041406348422626 ) ) ;
#2528 = AXIS2_PLACEMENT_3D ( 'NONE', #4551, #8441, #3011 ) ;
#2529 = FACE_OUTER_BOUND ( 'NONE', #7396, .T. ) ;
#2530 = DIRECTION ( 'NONE',  ( 5.811872027389895469E-16, 0.000000000000000000, -1.000000000000000000 ) ) ;
#2531 = CARTESIAN_POINT ( 'NONE',  ( -21.00000000000000000, 10.50000000000000355, 17.38000000000000611 ) ) ;
#2532 = AXIS2_PLACEMENT_3D ( 'NONE', #5308, #6923, #1502 ) ;
#2533 = DIRECTION ( 'NONE',  ( 0.000000000000000000, -1.000000000000000000, -1.508455196501571429E-16 ) ) ;
#2534 = AXIS2_PLACEMENT_3D ( 'NONE', #9617, #3606, #9523 ) ;
#2535 = ADVANCED_FACE ( 'NONE', ( #5494 ), #7275, .T. ) ;
#2536 = DIRECTION ( 'NONE',  ( -1.000000000000000000, 0.000000000000000000, 0.000000000000000000 ) ) ;
#2537 = ADVANCED_FACE ( 'NONE', ( #2485 ), #9332, .F. ) ;
#2538 = ORIENTED_EDGE ( 'NONE', *, *, #4543, .F. ) ;
#2539 = EDGE_LOOP ( 'NONE', ( #773, #7964, #2945, #3127 ) ) ;
#2540 = TOROIDAL_SURFACE ( 'NONE', #7753, 1.804871098704546650, 0.1199999999999999956 ) ;
#2541 = CARTESIAN_POINT ( 'NONE',  ( 29.00000000000000000, -11.11999999999999922, -19.38000000000000966 ) ) ;
#2542 = CARTESIAN_POINT ( 'NONE',  ( 2.428612866367529932E-14, 1.727922061357856087, 9.500000000000001776 ) ) ;
#2543 = VECTOR ( 'NONE', #2012, 1000.000000000000000 ) ;
#2544 = CARTESIAN_POINT ( 'NONE',  ( -24.49999999999999645, -12.37999999999999901, -7.499999999999999112 ) ) ;
#2545 = ORIENTED_EDGE ( 'NONE', *, *, #6695, .T. ) ;
#2546 = CIRCLE ( 'NONE', #8537, 2.000000000000000000 ) ;
#2547 = EDGE_LOOP ( 'NONE', ( #7921, #8003 ) ) ;
#2548 = EDGE_CURVE ( 'NONE', #8144, #4839, #4121, .T. ) ;
#2549 = AXIS2_PLACEMENT_3D ( 'NONE', #3578, #5838, #4516 ) ;
#2550 = DIRECTION ( 'NONE',  ( 0.000000000000000000, 0.000000000000000000, 1.000000000000000000 ) ) ;
#2551 = ORIENTED_EDGE ( 'NONE', *, *, #900, .T. ) ;
#2552 = ORIENTED_EDGE ( 'NONE', *, *, #4142, .T. ) ;
#2553 = LINE ( 'NONE', #3192, #6330 ) ;
#2554 = ORIENTED_EDGE ( 'NONE', *, *, #5145, .F. ) ;
#2555 = DIRECTION ( 'NONE',  ( 0.000000000000000000, -1.000000000000000000, 0.000000000000000000 ) ) ;
#2556 = DIRECTION ( 'NONE',  ( -0.000000000000000000, -0.000000000000000000, 1.000000000000000000 ) ) ;
#2557 = AXIS2_PLACEMENT_3D ( 'NONE', #7862, #7813, #7967 ) ;
#2558 = ORIENTED_EDGE ( 'NONE', *, *, #625, .F. ) ;
#2559 = CARTESIAN_POINT ( 'NONE',  ( 24.49999999999999645, -11.11999999999999922, -7.499999999999999112 ) ) ;
#2560 = ORIENTED_EDGE ( 'NONE', *, *, #8610, .F. ) ;
#2561 = ORIENTED_EDGE ( 'NONE', *, *, #6015, .F. ) ;
#2562 = DIRECTION ( 'NONE',  ( 0.000000000000000000, 1.508455196501571429E-16, -1.000000000000000000 ) ) ;
#2563 = FACE_OUTER_BOUND ( 'NONE', #627, .T. ) ;
#2564 = EDGE_LOOP ( 'NONE', ( #6511, #3920, #1942, #7142 ) ) ;
#2565 = ORIENTED_EDGE ( 'NONE', *, *, #9633, .T. ) ;
#2566 = CIRCLE ( 'NONE', #8103, 1.500000000000001332 ) ;
#2567 = CARTESIAN_POINT ( 'NONE',  ( 10.00000000000000178, 1.727922061357856087, -11.99999999999999645 ) ) ;
#2568 = DIRECTION ( 'NONE',  ( 0.000000000000000000, 0.000000000000000000, 1.000000000000000000 ) ) ;
#2569 = DIRECTION ( 'NONE',  ( 0.000000000000000000, 0.000000000000000000, -1.000000000000000000 ) ) ;
#2570 = AXIS2_PLACEMENT_3D ( 'NONE', #3257, #4107, #9328 ) ;
#2571 = DIRECTION ( 'NONE',  ( 0.000000000000000000, 0.000000000000000000, 1.000000000000000000 ) ) ;
#2572 = CIRCLE ( 'NONE', #5256, 0.1200000000000003147 ) ;
#2573 = DIRECTION ( 'NONE',  ( -0.000000000000000000, -0.000000000000000000, 1.000000000000000000 ) ) ;
#2574 = FACE_OUTER_BOUND ( 'NONE', #8284, .T. ) ;
#2575 = EDGE_CURVE ( 'NONE', #870, #1362, #1747, .T. ) ;
#2576 = EDGE_CURVE ( 'NONE', #8529, #7344, #978, .T. ) ;
#2577 = DIRECTION ( 'NONE',  ( -0.000000000000000000, -0.000000000000000000, 1.000000000000000000 ) ) ;
#2578 = CARTESIAN_POINT ( 'NONE',  ( -29.00000000000000000, 10.49999999999999112, -13.11999999999999922 ) ) ;
#2579 = CIRCLE ( 'NONE', #1006, 0.1200000000000003147 ) ;
#2580 = FACE_OUTER_BOUND ( 'NONE', #4935, .T. ) ;
#2581 = DIRECTION ( 'NONE',  ( 0.000000000000000000, 0.000000000000000000, 1.000000000000000000 ) ) ;
#2582 = ADVANCED_FACE ( 'NONE', ( #4059 ), #2540, .T. ) ;
#2583 = DIRECTION ( 'NONE',  ( 0.000000000000000000, 0.000000000000000000, -1.000000000000000000 ) ) ;
#2584 = CARTESIAN_POINT ( 'NONE',  ( 24.49999999999999645, -12.37999999999999901, -7.499999999999999112 ) ) ;
#2585 = AXIS2_PLACEMENT_3D ( 'NONE', #5312, #3085, #9062 ) ;
#2586 = DIRECTION ( 'NONE',  ( 0.000000000000000000, 0.000000000000000000, 1.000000000000000000 ) ) ;
#2587 = EDGE_CURVE ( 'NONE', #8419, #3239, #7913, .T. ) ;
#2588 = EDGE_CURVE ( 'NONE', #7487, #2435, #5536, .T. ) ;
#2589 = EDGE_LOOP ( 'NONE', ( #2169, #246, #2397, #5602 ) ) ;
#2590 = ORIENTED_EDGE ( 'NONE', *, *, #1447, .T. ) ;
#2591 = ORIENTED_EDGE ( 'NONE', *, *, #1640, .T. ) ;
#2592 = DIRECTION ( 'NONE',  ( 0.000000000000000000, -1.000000000000000000, 0.000000000000000000 ) ) ;
#2593 = DIRECTION ( 'NONE',  ( -1.000000000000000000, -0.000000000000000000, 0.000000000000000000 ) ) ;
#2594 = EDGE_CURVE ( 'NONE', #9386, #924, #1153, .T. ) ;
#2595 = DIRECTION ( 'NONE',  ( -1.000000000000000000, 0.000000000000000000, 0.000000000000000000 ) ) ;
#2596 = AXIS2_PLACEMENT_3D ( 'NONE', #7511, #3756, #5291 ) ;
#2597 = CARTESIAN_POINT ( 'NONE',  ( -7.329206686002009974E-14, -12.49999999999999822, -2.879999999999997673 ) ) ;
#2598 = DIRECTION ( 'NONE',  ( 0.000000000000000000, -1.000000000000000000, -0.000000000000000000 ) ) ;
#2599 = AXIS2_PLACEMENT_3D ( 'NONE', #2027, #3573, #4207 ) ;
#2600 = ORIENTED_EDGE ( 'NONE', *, *, #4872, .F. ) ;
#2601 = ORIENTED_EDGE ( 'NONE', *, *, #7988, .T. ) ;
#2602 = AXIS2_PLACEMENT_3D ( 'NONE', #1656, #4584, #144 ) ;
#2603 = DIRECTION ( 'NONE',  ( 0.000000000000000000, 0.000000000000000000, -1.000000000000000000 ) ) ;
#2604 = ORIENTED_EDGE ( 'NONE', *, *, #2340, .T. ) ;
#2605 = DIRECTION ( 'NONE',  ( 0.000000000000000000, 0.000000000000000000, 1.000000000000000000 ) ) ;
#2606 = ADVANCED_FACE ( 'NONE', ( #3415 ), #509, .T. ) ;
#2607 = EDGE_CURVE ( 'NONE', #1929, #8765, #6480, .T. ) ;
#2608 = EDGE_LOOP ( 'NONE', ( #2612, #7491, #6057, #376 ) ) ;
#2609 = AXIS2_PLACEMENT_3D ( 'NONE', #6257, #4049, #1637 ) ;
#2610 = DIRECTION ( 'NONE',  ( 0.000000000000000000, -0.000000000000000000, 1.000000000000000000 ) ) ;
#2611 = AXIS2_PLACEMENT_3D ( 'NONE', #1701, #6429, #4068 ) ;
#2612 = ORIENTED_EDGE ( 'NONE', *, *, #2119, .T. ) ;
#2613 = CARTESIAN_POINT ( 'NONE',  ( 9.999999999999927169, -11.11999999999999922, -0.4999999999998998579 ) ) ;
#2614 = ORIENTED_EDGE ( 'NONE', *, *, #1523, .T. ) ;
#2615 = AXIS2_PLACEMENT_3D ( 'NONE', #9034, #2268, #5284 ) ;
#2616 = CIRCLE ( 'NONE', #8761, 0.1200000000000003147 ) ;
#2617 = DIRECTION ( 'NONE',  ( 0.000000000000000000, 0.000000000000000000, -1.000000000000000000 ) ) ;
#2618 = DIRECTION ( 'NONE',  ( -0.000000000000000000, 0.000000000000000000, 1.000000000000000000 ) ) ;
#2619 = CARTESIAN_POINT ( 'NONE',  ( -6.999999999999999112, -12.37999999999999901, 4.120000000000000107 ) ) ;
#2620 = LINE ( 'NONE', #950, #6803 ) ;
#2621 = DIRECTION ( 'NONE',  ( 0.000000000000000000, 0.000000000000000000, -1.000000000000000000 ) ) ;
#2622 = AXIS2_PLACEMENT_3D ( 'NONE', #4957, #521, #5830 ) ;
#2623 = CARTESIAN_POINT ( 'NONE',  ( 9.999999999999927169, -11.11999999999999922, -1.999999999999900746 ) ) ;
#2624 = EDGE_CURVE ( 'NONE', #2489, #3931, #8506, .T. ) ;
#2625 = DIRECTION ( 'NONE',  ( 0.000000000000000000, -1.000000000000000000, 0.000000000000000000 ) ) ;
#2626 = DIRECTION ( 'NONE',  ( 0.000000000000000000, 0.000000000000000000, -1.000000000000000000 ) ) ;
#2627 = CARTESIAN_POINT ( 'NONE',  ( 22.19512890129545468, 5.749999999999999112, -13.12000000000000099 ) ) ;
#2628 = CARTESIAN_POINT ( 'NONE',  ( -20.10000000000000853, -12.37999999999998835, -11.53041406348422626 ) ) ;
#2629 = DIRECTION ( 'NONE',  ( -0.000000000000000000, -0.000000000000000000, 1.000000000000000000 ) ) ;
#2630 = DIRECTION ( 'NONE',  ( -1.000000000000000000, 0.000000000000000000, 0.000000000000000000 ) ) ;
#2631 = FACE_OUTER_BOUND ( 'NONE', #1819, .T. ) ;
#2632 = EDGE_CURVE ( 'NONE', #785, #1381, #1692, .T. ) ;
#2633 = VERTEX_POINT ( 'NONE', #7770 ) ;
#2634 = ORIENTED_EDGE ( 'NONE', *, *, #267, .F. ) ;
#2635 = CARTESIAN_POINT ( 'NONE',  ( 9.874654127287220362, -6.248877653752255235, 17.38000000000000611 ) ) ;
#2636 = CARTESIAN_POINT ( 'NONE',  ( -10.12534587271282582, 0.7488776537524508559, 16.12000000000000099 ) ) ;
#2637 = FACE_OUTER_BOUND ( 'NONE', #3484, .T. ) ;
#2638 = EDGE_CURVE ( 'NONE', #8985, #161, #9307, .T. ) ;
#2639 = EDGE_CURVE ( 'NONE', #5167, #7546, #2227, .T. ) ;
#2640 = DIRECTION ( 'NONE',  ( -1.000000000000000000, 0.000000000000000000, 0.000000000000000000 ) ) ;
#2641 = ORIENTED_EDGE ( 'NONE', *, *, #8172, .F. ) ;
#2642 = CIRCLE ( 'NONE', #925, 2.000000000000000888 ) ;
#2643 = ADVANCED_FACE ( 'NONE', ( #7821 ), #6314, .T. ) ;
#2644 = LINE ( 'NONE', #3275, #705 ) ;
#2645 = ORIENTED_EDGE ( 'NONE', *, *, #5239, .T. ) ;
#2646 = ORIENTED_EDGE ( 'NONE', *, *, #5226, .F. ) ;
#2647 = CARTESIAN_POINT ( 'NONE',  ( 24.49999999999999645, -11.00000000000000000, -5.821079761754772264 ) ) ;
#2648 = ORIENTED_EDGE ( 'NONE', *, *, #1674, .T. ) ;
#2649 = DIRECTION ( 'NONE',  ( 1.000000000000000000, 0.000000000000000000, -1.224646799147353207E-16 ) ) ;
#2650 = AXIS2_PLACEMENT_3D ( 'NONE', #4719, #3226, #9390 ) ;
#2651 = CARTESIAN_POINT ( 'NONE',  ( -27.50000000000000000, 10.49999999999999112, -13.00000000000000000 ) ) ;
#2652 = ORIENTED_EDGE ( 'NONE', *, *, #4233, .T. ) ;
#2653 = DIRECTION ( 'NONE',  ( 1.000000000000000000, 0.000000000000000000, 1.224646799147352961E-16 ) ) ;
#2654 = ADVANCED_FACE ( 'NONE', ( #573 ), #3014, .T. ) ;
#2655 = CARTESIAN_POINT ( 'NONE',  ( 19.00000000000000355, 12.50000000000000178, 16.12000000000000099 ) ) ;
#2656 = EDGE_CURVE ( 'NONE', #6785, #3945, #5074, .T. ) ;
#2657 = ORIENTED_EDGE ( 'NONE', *, *, #7062, .T. ) ;
#2658 = VERTEX_POINT ( 'NONE', #7274 ) ;
#2659 = AXIS2_PLACEMENT_3D ( 'NONE', #1499, #88, #7121 ) ;
#2660 = DIRECTION ( 'NONE',  ( -1.000000000000000000, 0.000000000000000000, 0.000000000000000000 ) ) ;
#2661 = CIRCLE ( 'NONE', #3764, 0.1199999999999985800 ) ;
#2662 = DIRECTION ( 'NONE',  ( 0.000000000000000000, 0.000000000000000000, 1.000000000000000000 ) ) ;
#2663 = DIRECTION ( 'NONE',  ( 1.000000000000000000, 0.000000000000000000, 1.224646799147352961E-16 ) ) ;
#2664 = FACE_OUTER_BOUND ( 'NONE', #2356, .T. ) ;
#2665 = TOROIDAL_SURFACE ( 'NONE', #317, 1.619999999999996776, 0.1199999999999999956 ) ;
#2666 = DIRECTION ( 'NONE',  ( 0.000000000000000000, -1.000000000000000000, 0.000000000000000000 ) ) ;
#2667 = VECTOR ( 'NONE', #3173, 1000.000000000000000 ) ;
#2668 = CARTESIAN_POINT ( 'NONE',  ( -7.329206686002009974E-14, -11.00000000000000000, -6.119999999999998330 ) ) ;
#2669 = PLANE ( 'NONE',  #378 ) ;
#2670 = FACE_OUTER_BOUND ( 'NONE', #1363, .T. ) ;
#2671 = CIRCLE ( 'NONE', #2197, 1.879999999999999671 ) ;
#2672 = ORIENTED_EDGE ( 'NONE', *, *, #790, .F. ) ;
#2673 = CARTESIAN_POINT ( 'NONE',  ( 10.12534587271282582, 0.7488776537524508559, 16.12000000000000099 ) ) ;
#2674 = DIRECTION ( 'NONE',  ( 0.000000000000000000, 0.000000000000000000, -1.000000000000000000 ) ) ;
#2675 = AXIS2_PLACEMENT_3D ( 'NONE', #3526, #8268, #5251 ) ;
#2676 = CIRCLE ( 'NONE', #21, 0.1200000000000003147 ) ;
#2677 = CARTESIAN_POINT ( 'NONE',  ( 3.001122346247667938, 0.8753458727129063144, 17.38000000000000611 ) ) ;
#2678 = AXIS2_PLACEMENT_3D ( 'NONE', #3949, #9319, #8594 ) ;
#2679 = CIRCLE ( 'NONE', #1259, 0.2999999999999999334 ) ;
#2680 = ORIENTED_EDGE ( 'NONE', *, *, #156, .T. ) ;
#2681 = ORIENTED_EDGE ( 'NONE', *, *, #306, .F. ) ;
#2682 = CARTESIAN_POINT ( 'NONE',  ( -10.00000000000002665, -11.00000000000000000, -14.49999999999990230 ) ) ;
#2683 = DIRECTION ( 'NONE',  ( -0.000000000000000000, -1.000000000000000000, -0.000000000000000000 ) ) ;
#2684 = CARTESIAN_POINT ( 'NONE',  ( -8.505345872712830158, 0.7488776537524510779, 17.38000000000000611 ) ) ;
#2685 = EDGE_CURVE ( 'NONE', #8131, #1065, #3486, .T. ) ;
#2686 = AXIS2_PLACEMENT_3D ( 'NONE', #6953, #2371, #2961 ) ;
#2687 = DIRECTION ( 'NONE',  ( 0.000000000000000000, 0.000000000000000000, -1.000000000000000000 ) ) ;
#2688 = ORIENTED_EDGE ( 'NONE', *, *, #2991, .T. ) ;
#2689 = CIRCLE ( 'NONE', #966, 1.620000000000001661 ) ;
#2690 = DIRECTION ( 'NONE',  ( 0.000000000000000000, -1.000000000000000000, 0.000000000000000000 ) ) ;
#2691 = EDGE_CURVE ( 'NONE', #2038, #4453, #40, .T. ) ;
#2692 = VERTEX_POINT ( 'NONE', #468 ) ;
#2693 = VERTEX_POINT ( 'NONE', #3618 ) ;
#2694 = EDGE_CURVE ( 'NONE', #924, #6150, #9628, .T. ) ;
#2695 = ORIENTED_EDGE ( 'NONE', *, *, #1629, .F. ) ;
#2696 = AXIS2_PLACEMENT_3D ( 'NONE', #1548, #5763, #7250 ) ;
#2697 = VERTEX_POINT ( 'NONE', #5886 ) ;
#2698 = LINE ( 'NONE', #6998, #4701 ) ;
#2699 = ORIENTED_EDGE ( 'NONE', *, *, #434, .F. ) ;
#2700 = AXIS2_PLACEMENT_3D ( 'NONE', #5833, #8850, #8705 ) ;
#2701 = EDGE_CURVE ( 'NONE', #6192, #8780, #2072, .T. ) ;
#2702 = CARTESIAN_POINT ( 'NONE',  ( -7.309367407855822930E-14, -11.00000000000000000, -2.879999999999997673 ) ) ;
#2703 = AXIS2_PLACEMENT_3D ( 'NONE', #1054, #4811, #9538 ) ;
#2704 = ORIENTED_EDGE ( 'NONE', *, *, #7605, .T. ) ;
#2705 = DIRECTION ( 'NONE',  ( 0.000000000000000000, -1.508455196501571429E-16, 1.000000000000000000 ) ) ;
#2706 = VERTEX_POINT ( 'NONE', #5053 ) ;
#2707 = ORIENTED_EDGE ( 'NONE', *, *, #379, .T. ) ;
#2708 = ORIENTED_EDGE ( 'NONE', *, *, #8755, .T. ) ;
#2709 = ORIENTED_EDGE ( 'NONE', *, *, #1870, .F. ) ;
#2710 = LINE ( 'NONE', #7312, #4012 ) ;
#2711 = CIRCLE ( 'NONE', #1136, 1.500000000000000888 ) ;
#2712 = DIRECTION ( 'NONE',  ( 1.000000000000000000, 0.000000000000000000, 0.000000000000000000 ) ) ;
#2713 = DIRECTION ( 'NONE',  ( -1.000000000000000000, 0.000000000000000000, 0.000000000000000000 ) ) ;
#2714 = EDGE_LOOP ( 'NONE', ( #6353, #152, #4120, #7000, #703 ) ) ;
#2715 = EDGE_CURVE ( 'NONE', #9487, #2846, #347, .T. ) ;
#2716 = CARTESIAN_POINT ( 'NONE',  ( 21.00000000000000000, -10.49999999999999822, -12.49999999999999822 ) ) ;
#2717 = ADVANCED_FACE ( 'NONE', ( #8901 ), #3170, .T. ) ;
#2718 = ORIENTED_EDGE ( 'NONE', *, *, #753, .T. ) ;
#2719 = TOROIDAL_SURFACE ( 'NONE', #685, 1.620000000000000773, 0.1199999999999999956 ) ;
#2720 = CARTESIAN_POINT ( 'NONE',  ( 19.68000000000000682, -12.37999999999998835, -11.53041406348422626 ) ) ;
#2721 = AXIS2_PLACEMENT_3D ( 'NONE', #9262, #7153, #4192 ) ;
#2722 = PLANE ( 'NONE',  #6654 ) ;
#2723 = DIRECTION ( 'NONE',  ( 0.000000000000000000, -1.508455196501571429E-16, 1.000000000000000000 ) ) ;
#2724 = DIRECTION ( 'NONE',  ( -0.000000000000000000, 1.000000000000000000, 0.000000000000000000 ) ) ;
#2725 = FACE_OUTER_BOUND ( 'NONE', #1107, .T. ) ;
#2726 = AXIS2_PLACEMENT_3D ( 'NONE', #8731, #5617, #4739 ) ;
#2727 = ADVANCED_FACE ( 'NONE', ( #9533 ), #5155, .T. ) ;
#2728 = LINE ( 'NONE', #8796, #6160 ) ;
#2729 = EDGE_CURVE ( 'NONE', #5527, #3101, #3653, .T. ) ;
#2730 = DIRECTION ( 'NONE',  ( -1.000000000000000000, 0.000000000000000000, 0.000000000000000000 ) ) ;
#2731 = DIRECTION ( 'NONE',  ( -0.000000000000000000, 1.000000000000000000, -0.000000000000000000 ) ) ;
#2732 = AXIS2_PLACEMENT_3D ( 'NONE', #4204, #3462, #2123 ) ;
#2733 = CARTESIAN_POINT ( 'NONE',  ( -20.10000000000000853, -11.11999999999999744, -11.11041406348422811 ) ) ;
#2734 = TOROIDAL_SURFACE ( 'NONE', #1156, 1.678920238245227292, 0.1199999999999999956 ) ;
#2735 = EDGE_LOOP ( 'NONE', ( #6289, #8158, #2819, #7694 ) ) ;
#2736 = ORIENTED_EDGE ( 'NONE', *, *, #5897, .F. ) ;
#2737 = LINE ( 'NONE', #1996, #3469 ) ;
#2738 = ADVANCED_FACE ( 'NONE', ( #3525 ), #2779, .F. ) ;
#2739 = CARTESIAN_POINT ( 'NONE',  ( -27.00000000000000355, -11.00000000000000000, 9.713487943424976123 ) ) ;
#2740 = CARTESIAN_POINT ( 'NONE',  ( -24.49999999999999645, -11.11999999999999922, -7.499999999999999112 ) ) ;
#2741 = DIRECTION ( 'NONE',  ( 1.000000000000000000, 0.000000000000000000, -0.000000000000000000 ) ) ;
#2742 = AXIS2_PLACEMENT_3D ( 'NONE', #8029, #2789, #4170 ) ;
#2743 = DIRECTION ( 'NONE',  ( 0.000000000000000000, 0.000000000000000000, -1.000000000000000000 ) ) ;
#2744 = VERTEX_POINT ( 'NONE', #1238 ) ;
#2745 = CARTESIAN_POINT ( 'NONE',  ( -21.12000000000000099, -12.37999999999998835, -12.50000000000000178 ) ) ;
#2746 = ORIENTED_EDGE ( 'NONE', *, *, #1629, .T. ) ;
#2747 = ORIENTED_EDGE ( 'NONE', *, *, #2222, .T. ) ;
#2748 = ORIENTED_EDGE ( 'NONE', *, *, #697, .T. ) ;
#2749 = ORIENTED_EDGE ( 'NONE', *, *, #7468, .T. ) ;
#2750 = EDGE_CURVE ( 'NONE', #6945, #9620, #2728, .T. ) ;
#2751 = CARTESIAN_POINT ( 'NONE',  ( -3.000000000000001776, -11.11999999999999922, -9.000000000000000000 ) ) ;
#2752 = VECTOR ( 'NONE', #7611, 1000.000000000000000 ) ;
#2753 = DIRECTION ( 'NONE',  ( 0.000000000000000000, 0.000000000000000000, -1.000000000000000000 ) ) ;
#2754 = ORIENTED_EDGE ( 'NONE', *, *, #1335, .T. ) ;
#2755 = ORIENTED_EDGE ( 'NONE', *, *, #988, .F. ) ;
#2756 = DIRECTION ( 'NONE',  ( 0.000000000000000000, -1.000000000000000000, 0.000000000000000000 ) ) ;
#2757 = AXIS2_PLACEMENT_3D ( 'NONE', #8539, #4796, #6254 ) ;
#2758 = ORIENTED_EDGE ( 'NONE', *, *, #1209, .F. ) ;
#2759 = LINE ( 'NONE', #3554, #2101 ) ;
#2760 = EDGE_LOOP ( 'NONE', ( #5078, #1995, #2601, #2672 ) ) ;
#2761 = ORIENTED_EDGE ( 'NONE', *, *, #7962, .T. ) ;
#2762 = EDGE_CURVE ( 'NONE', #4193, #8426, #1906, .T. ) ;
#2763 = ORIENTED_EDGE ( 'NONE', *, *, #8407, .T. ) ;
#2764 = DIRECTION ( 'NONE',  ( -1.000000000000000000, 0.000000000000000000, 0.000000000000000000 ) ) ;
#2765 = CIRCLE ( 'NONE', #4505, 4.619999999999998330 ) ;
#2766 = DIRECTION ( 'NONE',  ( 0.000000000000000000, -1.000000000000000000, 0.000000000000000000 ) ) ;
#2767 = CARTESIAN_POINT ( 'NONE',  ( 28.88000000000000256, -10.49999999999999822, -13.00000000000000000 ) ) ;
#2768 = AXIS2_PLACEMENT_3D ( 'NONE', #1892, #7186, #3270 ) ;
#2769 = DIRECTION ( 'NONE',  ( 1.000000000000000000, -0.000000000000000000, -4.841193211655195936E-16 ) ) ;
#2770 = ADVANCED_FACE ( 'NONE', ( #6676 ), #2826, .T. ) ;
#2771 = EDGE_CURVE ( 'NONE', #5385, #704, #2083, .T. ) ;
#2772 = ORIENTED_EDGE ( 'NONE', *, *, #1974, .T. ) ;
#2773 = DIRECTION ( 'NONE',  ( 0.000000000000000000, 0.000000000000000000, 1.000000000000000000 ) ) ;
#2774 = FACE_OUTER_BOUND ( 'NONE', #8781, .T. ) ;
#2775 = AXIS2_PLACEMENT_3D ( 'NONE', #4851, #6920, #180 ) ;
#2776 = EDGE_CURVE ( 'NONE', #7785, #3445, #986, .T. ) ;
#2777 = CARTESIAN_POINT ( 'NONE',  ( -9.999999999999927169, -12.37999999999999901, -0.4999999999998998579 ) ) ;
#2778 = LINE ( 'NONE', #1343, #3406 ) ;
#2779 = CYLINDRICAL_SURFACE ( 'NONE', #197, 1.500000000000001332 ) ;
#2780 = AXIS2_PLACEMENT_3D ( 'NONE', #5107, #8125, #618 ) ;
#2781 = ORIENTED_EDGE ( 'NONE', *, *, #4691, .T. ) ;
#2782 = CYLINDRICAL_SURFACE ( 'NONE', #5890, 0.4999999999999987232 ) ;
#2783 = PLANE ( 'NONE',  #8823 ) ;
#2784 = CYLINDRICAL_SURFACE ( 'NONE', #2391, 0.1200000000000003147 ) ;
#2785 = ADVANCED_FACE ( 'NONE', ( #3716 ), #908, .T. ) ;
#2786 = ADVANCED_FACE ( 'NONE', ( #4660 ), #8703, .T. ) ;
#2787 = ORIENTED_EDGE ( 'NONE', *, *, #8270, .F. ) ;
#2788 = ORIENTED_EDGE ( 'NONE', *, *, #8980, .T. ) ;
#2789 = DIRECTION ( 'NONE',  ( -0.000000000000000000, 1.000000000000000000, 0.000000000000000000 ) ) ;
#2790 = FACE_OUTER_BOUND ( 'NONE', #504, .T. ) ;
#2791 = CARTESIAN_POINT ( 'NONE',  ( 21.50000000000000355, -11.11999999999999744, 9.833487943424977118 ) ) ;
#2792 = DIRECTION ( 'NONE',  ( -0.000000000000000000, -1.000000000000000000, -0.000000000000000000 ) ) ;
#2793 = FACE_OUTER_BOUND ( 'NONE', #2323, .T. ) ;
#2794 = ORIENTED_EDGE ( 'NONE', *, *, #4524, .F. ) ;
#2795 = LINE ( 'NONE', #6492, #9502 ) ;
#2796 = ORIENTED_EDGE ( 'NONE', *, *, #3262, .F. ) ;
#2797 = ORIENTED_EDGE ( 'NONE', *, *, #7519, .F. ) ;
#2798 = ORIENTED_EDGE ( 'NONE', *, *, #5962, .F. ) ;
#2799 = EDGE_LOOP ( 'NONE', ( #2289, #551 ) ) ;
#2800 = DIRECTION ( 'NONE',  ( -1.000000000000000000, 0.000000000000000000, 0.000000000000000000 ) ) ;
#2801 = ORIENTED_EDGE ( 'NONE', *, *, #556, .T. ) ;
#2802 = DIRECTION ( 'NONE',  ( 0.000000000000000000, 0.000000000000000000, -1.000000000000000000 ) ) ;
#2803 = ORIENTED_EDGE ( 'NONE', *, *, #8581, .T. ) ;
#2804 = LINE ( 'NONE', #4984, #2543 ) ;
#2805 = ORIENTED_EDGE ( 'NONE', *, *, #5897, .T. ) ;
#2806 = DIRECTION ( 'NONE',  ( 0.000000000000000000, 0.000000000000000000, 1.000000000000000000 ) ) ;
#2807 = EDGE_LOOP ( 'NONE', ( #6218, #2322, #2201, #7051 ) ) ;
#2808 = ORIENTED_EDGE ( 'NONE', *, *, #7474, .T. ) ;
#2809 = DIRECTION ( 'NONE',  ( 0.000000000000000000, 0.000000000000000000, -1.000000000000000000 ) ) ;
#2810 = AXIS2_PLACEMENT_3D ( 'NONE', #3781, #9157, #8423 ) ;
#2811 = DIRECTION ( 'NONE',  ( 1.000000000000000000, 0.000000000000000000, 3.154042683594198572E-16 ) ) ;
#2812 = CARTESIAN_POINT ( 'NONE',  ( -20.70000000000000284, -11.00000000000000000, -11.11041406348422633 ) ) ;
#2813 = DIRECTION ( 'NONE',  ( 0.000000000000000000, -1.000000000000000000, 0.000000000000000000 ) ) ;
#2814 = EDGE_CURVE ( 'NONE', #2499, #4041, #4617, .T. ) ;
#2815 = CARTESIAN_POINT ( 'NONE',  ( -10.12534587271282582, 6.248877653752447969, 16.12000000000000099 ) ) ;
#2816 = CIRCLE ( 'NONE', #4236, 1.500000000000000888 ) ;
#2817 = DIRECTION ( 'NONE',  ( 0.000000000000000000, -1.000000000000000000, 0.000000000000000000 ) ) ;
#2818 = AXIS2_PLACEMENT_3D ( 'NONE', #7495, #2260, #1516 ) ;
#2819 = ORIENTED_EDGE ( 'NONE', *, *, #957, .F. ) ;
#2820 = EDGE_CURVE ( 'NONE', #704, #8668, #9675, .T. ) ;
#2821 = CYLINDRICAL_SURFACE ( 'NONE', #92, 2.000000000000000000 ) ;
#2822 = EDGE_LOOP ( 'NONE', ( #5193, #1982, #8709, #7641 ) ) ;
#2823 = DIRECTION ( 'NONE',  ( 0.000000000000000000, 0.000000000000000000, 1.000000000000000000 ) ) ;
#2824 = CARTESIAN_POINT ( 'NONE',  ( -21.50000000000000355, -12.49999999999999822, 10.33348794342497712 ) ) ;
#2825 = CIRCLE ( 'NONE', #1399, 0.1199999999999985800 ) ;
#2826 = PLANE ( 'NONE',  #2700 ) ;
#2827 = DIRECTION ( 'NONE',  ( 1.000000000000000000, -0.000000000000000000, 0.000000000000000000 ) ) ;
#2828 = EDGE_CURVE ( 'NONE', #6253, #7501, #8860, .T. ) ;
#2829 = AXIS2_PLACEMENT_3D ( 'NONE', #1693, #3081, #5411 ) ;
#2830 = CARTESIAN_POINT ( 'NONE',  ( -6.999999999999999112, -12.37999999999999901, 1.000000000000001776 ) ) ;
#2831 = AXIS2_PLACEMENT_3D ( 'NONE', #5829, #570, #6624 ) ;
#2832 = ORIENTED_EDGE ( 'NONE', *, *, #117, .F. ) ;
#2833 = ORIENTED_EDGE ( 'NONE', *, *, #5127, .F. ) ;
#2834 = CARTESIAN_POINT ( 'NONE',  ( 2.428612866367529932E-14, -12.37999999999999901, 9.500000000000001776 ) ) ;
#2835 = CIRCLE ( 'NONE', #3776, 0.1200000000000003147 ) ;
#2836 = AXIS2_PLACEMENT_3D ( 'NONE', #4756, #7765, #7817 ) ;
#2837 = DIRECTION ( 'NONE',  ( -1.000000000000000000, 0.000000000000000000, 0.000000000000000000 ) ) ;
#2838 = DIRECTION ( 'NONE',  ( 0.000000000000000000, 0.000000000000000000, -1.000000000000000000 ) ) ;
#2839 = EDGE_CURVE ( 'NONE', #8010, #6621, #7602, .T. ) ;
#2840 = ADVANCED_FACE ( 'NONE', ( #28 ), #4922, .T. ) ;
#2841 = CARTESIAN_POINT ( 'NONE',  ( 29.00000000000000000, -12.49999999999999822, 15.50000000000000178 ) ) ;
#2842 = ORIENTED_EDGE ( 'NONE', *, *, #9346, .T. ) ;
#2843 = VECTOR ( 'NONE', #1872, 1000.000000000000000 ) ;
#2844 = CIRCLE ( 'NONE', #8807, 0.1199999999999985800 ) ;
#2845 = ORIENTED_EDGE ( 'NONE', *, *, #2463, .F. ) ;
#2846 = VERTEX_POINT ( 'NONE', #1589 ) ;
#2847 = ORIENTED_EDGE ( 'NONE', *, *, #8790, .F. ) ;
#2848 = AXIS2_PLACEMENT_3D ( 'NONE', #11, #653, #6663 ) ;
#2849 = EDGE_LOOP ( 'NONE', ( #1957, #7358, #8040, #3746 ) ) ;
#2850 = LINE ( 'NONE', #8148, #3268 ) ;
#2851 = CIRCLE ( 'NONE', #9151, 1.500000000000004885 ) ;
#2852 = CARTESIAN_POINT ( 'NONE',  ( 24.49999999999999645, 1.727922061357856087, 0.9410797617547741467 ) ) ;
#2853 = ORIENTED_EDGE ( 'NONE', *, *, #9634, .F. ) ;
#2854 = VECTOR ( 'NONE', #3123, 1000.000000000000000 ) ;
#2855 = ORIENTED_EDGE ( 'NONE', *, *, #7559, .T. ) ;
#2856 = AXIS2_PLACEMENT_3D ( 'NONE', #448, #5088, #7529 ) ;
#2857 = ORIENTED_EDGE ( 'NONE', *, *, #8741, .F. ) ;
#2858 = CARTESIAN_POINT ( 'NONE',  ( -22.50000000000000711, 11.87999999999999545, -13.00000000000000000 ) ) ;
#2859 = EDGE_LOOP ( 'NONE', ( #6467, #4433, #5032, #9594, #3625 ) ) ;
#2860 = ORIENTED_EDGE ( 'NONE', *, *, #8875, .F. ) ;
#2861 = DIRECTION ( 'NONE',  ( -0.000000000000000000, 1.508455196501571429E-16, -1.000000000000000000 ) ) ;
#2862 = AXIS2_PLACEMENT_3D ( 'NONE', #1052, #3219, #5450 ) ;
#2863 = EDGE_CURVE ( 'NONE', #4350, #6439, #6963, .T. ) ;
#2864 = DIRECTION ( 'NONE',  ( 0.000000000000000000, -1.000000000000000000, 0.000000000000000000 ) ) ;
#2865 = CARTESIAN_POINT ( 'NONE',  ( 21.00000000000000000, 10.49999999999999822, -13.11999999999999922 ) ) ;
#2866 = CIRCLE ( 'NONE', #5079, 1.379999999999999227 ) ;
#2867 = DIRECTION ( 'NONE',  ( -0.000000000000000000, 1.000000000000000000, -0.000000000000000000 ) ) ;
#2868 = CARTESIAN_POINT ( 'NONE',  ( -19.80000000000000071, -12.37999999999997414, -17.50000000000000000 ) ) ;
#2869 = CIRCLE ( 'NONE', #6169, 0.1200000000000003147 ) ;
#2870 = EDGE_LOOP ( 'NONE', ( #7804, #5017, #5757, #1652 ) ) ;
#2871 = PLANE ( 'NONE',  #8740 ) ;
#2872 = FACE_OUTER_BOUND ( 'NONE', #1435, .T. ) ;
#2873 = DIRECTION ( 'NONE',  ( 0.000000000000000000, 0.000000000000000000, 1.000000000000000000 ) ) ;
#2874 = CIRCLE ( 'NONE', #528, 0.1200000000000003147 ) ;
#2875 = DIRECTION ( 'NONE',  ( 0.000000000000000000, 1.000000000000000000, 0.000000000000000000 ) ) ;
#2876 = FACE_OUTER_BOUND ( 'NONE', #86, .T. ) ;
#2877 = AXIS2_PLACEMENT_3D ( 'NONE', #9039, #6761, #811 ) ;
#2878 = DIRECTION ( 'NONE',  ( 0.000000000000000000, -1.508455196501571429E-16, 1.000000000000000000 ) ) ;
#2879 = DIRECTION ( 'NONE',  ( 0.000000000000000000, 0.000000000000000000, 1.000000000000000000 ) ) ;
#2880 = ORIENTED_EDGE ( 'NONE', *, *, #662, .F. ) ;
#2881 = ORIENTED_EDGE ( 'NONE', *, *, #4745, .T. ) ;
#2882 = CYLINDRICAL_SURFACE ( 'NONE', #8665, 0.1200000000000003147 ) ;
#2883 = AXIS2_PLACEMENT_3D ( 'NONE', #4392, #2906, #7397 ) ;
#2884 = EDGE_CURVE ( 'NONE', #8131, #260, #1133, .T. ) ;
#2885 = FACE_OUTER_BOUND ( 'NONE', #3475, .T. ) ;
#2886 = DIRECTION ( 'NONE',  ( 0.000000000000000000, 0.000000000000000000, 1.000000000000000000 ) ) ;
#2887 = DIRECTION ( 'NONE',  ( 0.000000000000000000, 0.000000000000000000, -1.000000000000000000 ) ) ;
#2888 = CIRCLE ( 'NONE', #2732, 1.558920238245227408 ) ;
#2889 = EDGE_CURVE ( 'NONE', #6312, #1248, #8240, .T. ) ;
#2890 = DIRECTION ( 'NONE',  ( 0.000000000000000000, -1.000000000000000000, 0.000000000000000000 ) ) ;
#2891 = EDGE_CURVE ( 'NONE', #5863, #4952, #4455, .T. ) ;
#2892 = AXIS2_PLACEMENT_3D ( 'NONE', #9248, #4868, #4725 ) ;
#2893 = CARTESIAN_POINT ( 'NONE',  ( -3.001122346247667938, 2.495345872712907642, 16.00000000000000000 ) ) ;
#2894 = ORIENTED_EDGE ( 'NONE', *, *, #1613, .T. ) ;
#2895 = ORIENTED_EDGE ( 'NONE', *, *, #8942, .F. ) ;
#2896 = VERTEX_POINT ( 'NONE', #8949 ) ;
#2897 = EDGE_CURVE ( 'NONE', #993, #3489, #6167, .T. ) ;
#2898 = ORIENTED_EDGE ( 'NONE', *, *, #1640, .F. ) ;
#2899 = DIRECTION ( 'NONE',  ( 0.000000000000000000, -1.508455196501571429E-16, 1.000000000000000000 ) ) ;
#2900 = ORIENTED_EDGE ( 'NONE', *, *, #7369, .T. ) ;
#2901 = ORIENTED_EDGE ( 'NONE', *, *, #7681, .T. ) ;
#2902 = CARTESIAN_POINT ( 'NONE',  ( 0.000000000000000000, -11.11999999999999922, 2.500000000000001332 ) ) ;
#2903 = AXIS2_PLACEMENT_3D ( 'NONE', #7845, #818, #6820 ) ;
#2904 = VERTEX_POINT ( 'NONE', #5198 ) ;
#2905 = EDGE_LOOP ( 'NONE', ( #3178, #2604, #506, #4441 ) ) ;
#2906 = DIRECTION ( 'NONE',  ( -1.224646799147352961E-16, 1.000000000000000000, 0.000000000000000000 ) ) ;
#2907 = VERTEX_POINT ( 'NONE', #5979 ) ;
#2908 = EDGE_LOOP ( 'NONE', ( #7450, #4383, #8188, #7692 ) ) ;
#2909 = EDGE_CURVE ( 'NONE', #7515, #9386, #5397, .T. ) ;
#2910 = ADVANCED_FACE ( 'NONE', ( #5247 ), #1754, .T. ) ;
#2911 = DIRECTION ( 'NONE',  ( 0.000000000000000000, 0.000000000000000000, -1.000000000000000000 ) ) ;
#2912 = CARTESIAN_POINT ( 'NONE',  ( -20.88000000000000611, -12.49999999999999822, 10.33348794342497712 ) ) ;
#2913 = LINE ( 'NONE', #5184, #3718 ) ;
#2914 = VERTEX_POINT ( 'NONE', #3067 ) ;
#2915 = CIRCLE ( 'NONE', #5740, 1.380000000000004556 ) ;
#2916 = ORIENTED_EDGE ( 'NONE', *, *, #85, .T. ) ;
#2917 = FACE_OUTER_BOUND ( 'NONE', #7665, .T. ) ;
#2918 = DIRECTION ( 'NONE',  ( -0.000000000000000000, -1.000000000000000000, -0.000000000000000000 ) ) ;
#2919 = AXIS2_PLACEMENT_3D ( 'NONE', #1723, #2517, #2569 ) ;
#2920 = ORIENTED_EDGE ( 'NONE', *, *, #5653, .T. ) ;
#2921 = VECTOR ( 'NONE', #1864, 1000.000000000000000 ) ;
#2922 = DIRECTION ( 'NONE',  ( 0.000000000000000000, 0.000000000000000000, 1.000000000000000000 ) ) ;
#2923 = ORIENTED_EDGE ( 'NONE', *, *, #7653, .T. ) ;
#2924 = CARTESIAN_POINT ( 'NONE',  ( 24.49999999999999645, -12.49999999999999822, 4.178920238245228624 ) ) ;
#2925 = CARTESIAN_POINT ( 'NONE',  ( -17.80000000000000782, -11.11999999999999744, -17.50000000000000000 ) ) ;
#2926 = DIRECTION ( 'NONE',  ( -0.000000000000000000, 1.508455196501571429E-16, -1.000000000000000000 ) ) ;
#2927 = CYLINDRICAL_SURFACE ( 'NONE', #5731, 2.000000000000000000 ) ;
#2928 = TOROIDAL_SURFACE ( 'NONE', #8445, 1.678920238245227292, 0.1199999999999999956 ) ;
#2929 = CARTESIAN_POINT ( 'NONE',  ( 21.00000000000000000, 27.00000000000000355, -11.53041406348422626 ) ) ;
#2930 = AXIS2_PLACEMENT_3D ( 'NONE', #2989, #7490, #7687 ) ;
#2931 = PRODUCT_RELATED_PRODUCT_CATEGORY ( 'part', '', ( #8026 ) ) ;
#2932 = DIRECTION ( 'NONE',  ( 0.000000000000000000, 0.000000000000000000, -1.000000000000000000 ) ) ;
#2933 = EDGE_LOOP ( 'NONE', ( #5552, #8920, #9222, #1064 ) ) ;
#2934 = DIRECTION ( 'NONE',  ( -1.000000000000000000, 0.000000000000000000, 0.000000000000000000 ) ) ;
#2935 = CIRCLE ( 'NONE', #3231, 1.500000000000003109 ) ;
#2936 = DIRECTION ( 'NONE',  ( 0.000000000000000000, 0.000000000000000000, -1.000000000000000000 ) ) ;
#2937 = DIRECTION ( 'NONE',  ( 0.000000000000000000, 0.000000000000000000, -1.000000000000000000 ) ) ;
#2938 = CIRCLE ( 'NONE', #4990, 1.620000000000001661 ) ;
#2939 = CARTESIAN_POINT ( 'NONE',  ( -27.00000000000000355, -11.00000000000000000, 7.833487943424977118 ) ) ;
#2940 = FACE_BOUND ( 'NONE', #1553, .T. ) ;
#2941 = EDGE_CURVE ( 'NONE', #9498, #5217, #78, .T. ) ;
#2942 = CYLINDRICAL_SURFACE ( 'NONE', #8570, 0.2999999999999999334 ) ;
#2943 = ORIENTED_EDGE ( 'NONE', *, *, #6573, .T. ) ;
#2944 = VERTEX_POINT ( 'NONE', #2329 ) ;
#2945 = ORIENTED_EDGE ( 'NONE', *, *, #1134, .F. ) ;
#2946 = ORIENTED_EDGE ( 'NONE', *, *, #3010, .T. ) ;
#2947 = DIRECTION ( 'NONE',  ( 0.000000000000000000, -1.000000000000000000, 0.000000000000000000 ) ) ;
#2948 = EDGE_CURVE ( 'NONE', #9500, #9525, #3662, .T. ) ;
#2949 = FACE_BOUND ( 'NONE', #7818, .T. ) ;
#2950 = EDGE_CURVE ( 'NONE', #4333, #749, #3301, .T. ) ;
#2951 = ORIENTED_EDGE ( 'NONE', *, *, #5609, .F. ) ;
#2952 = DIRECTION ( 'NONE',  ( 0.000000000000000000, 0.000000000000000000, -1.000000000000000000 ) ) ;
#2953 = ORIENTED_EDGE ( 'NONE', *, *, #9273, .F. ) ;
#2954 = ORIENTED_EDGE ( 'NONE', *, *, #4167, .F. ) ;
#2955 = PLANE ( 'NONE',  #1089 ) ;
#2956 = DIRECTION ( 'NONE',  ( 0.000000000000000000, -1.000000000000000000, 0.000000000000000000 ) ) ;
#2957 = ORIENTED_EDGE ( 'NONE', *, *, #1855, .F. ) ;
#2958 = EDGE_CURVE ( 'NONE', #4134, #5138, #7123, .T. ) ;
#2959 = ORIENTED_EDGE ( 'NONE', *, *, #6327, .F. ) ;
#2960 = ADVANCED_FACE ( 'NONE', ( #7013 ), #6962, .F. ) ;
#2961 = DIRECTION ( 'NONE',  ( 1.000000000000000000, 0.000000000000000000, 0.000000000000000000 ) ) ;
#2962 = DIRECTION ( 'NONE',  ( -1.224646799147352961E-16, 1.000000000000000000, 0.000000000000000000 ) ) ;
#2963 = AXIS2_PLACEMENT_3D ( 'NONE', #6650, #3494, #2800 ) ;
#2964 = DIRECTION ( 'NONE',  ( 0.000000000000000000, -0.000000000000000000, -1.000000000000000000 ) ) ;
#2965 = DIRECTION ( 'NONE',  ( 0.000000000000000000, -1.000000000000000000, 0.000000000000000000 ) ) ;
#2966 = DIRECTION ( 'NONE',  ( -0.000000000000000000, 1.000000000000000000, 0.000000000000000000 ) ) ;
#2967 = CARTESIAN_POINT ( 'NONE',  ( 20.10000000000000853, -11.11999999999999389, -11.11041406348422633 ) ) ;
#2968 = ORIENTED_EDGE ( 'NONE', *, *, #8967, .F. ) ;
#2969 = DIRECTION ( 'NONE',  ( 4.841193211655195936E-16, -0.000000000000000000, 1.000000000000000000 ) ) ;
#2970 = CIRCLE ( 'NONE', #8488, 1.879999999999999671 ) ;
#2971 = CARTESIAN_POINT ( 'NONE',  ( -10.00000000000000178, -12.37999999999999901, -7.499999999999999112 ) ) ;
#2972 = EDGE_LOOP ( 'NONE', ( #8674, #8935, #1367, #5124 ) ) ;
#2973 = CARTESIAN_POINT ( 'NONE',  ( -29.00000000000000000, -10.49999999999999822, -12.49999999999999822 ) ) ;
#2974 = VERTEX_POINT ( 'NONE', #4844 ) ;
#2975 = CARTESIAN_POINT ( 'NONE',  ( 22.26252374524364086, -4.250000000000000888, -13.12000000000000099 ) ) ;
#2976 = DIRECTION ( 'NONE',  ( 0.000000000000000000, 0.000000000000000000, -1.000000000000000000 ) ) ;
#2977 = CARTESIAN_POINT ( 'NONE',  ( 20.88000000000000611, -12.50000000000000000, 15.50000000000000178 ) ) ;
#2978 = CIRCLE ( 'NONE', #8498, 1.619999999999999885 ) ;
#2979 = CYLINDRICAL_SURFACE ( 'NONE', #5067, 1.684871098704546322 ) ;
#2980 = DIRECTION ( 'NONE',  ( 0.000000000000000000, 0.000000000000000000, -1.000000000000000000 ) ) ;
#2981 = AXIS2_PLACEMENT_3D ( 'NONE', #5106, #1985, #1236 ) ;
#2982 = DIRECTION ( 'NONE',  ( 1.000000000000000000, 0.000000000000000000, -2.891205793294695977E-15 ) ) ;
#2983 = CIRCLE ( 'NONE', #7718, 1.500000000000001332 ) ;
#2984 = DIRECTION ( 'NONE',  ( -0.000000000000000000, -1.000000000000000000, -0.000000000000000000 ) ) ;
#2985 = VERTEX_POINT ( 'NONE', #2474 ) ;
#2986 = EDGE_LOOP ( 'NONE', ( #3881, #8655 ) ) ;
#2987 = VERTEX_POINT ( 'NONE', #1725 ) ;
#2988 = DIRECTION ( 'NONE',  ( 0.000000000000000000, 0.000000000000000000, 1.000000000000000000 ) ) ;
#2989 = CARTESIAN_POINT ( 'NONE',  ( 16.99887765375237692, 0.6246541272872884187, 16.00000000000000000 ) ) ;
#2990 = CIRCLE ( 'NONE', #5202, 1.500000000000001332 ) ;
#2991 = EDGE_CURVE ( 'NONE', #6509, #2370, #6258, .T. ) ;
#2992 = TOROIDAL_SURFACE ( 'NONE', #6927, 1.678920238245227292, 0.1199999999999999956 ) ;
#2993 = AXIS2_PLACEMENT_3D ( 'NONE', #8803, #1161, #431 ) ;
#2994 = FACE_BOUND ( 'NONE', #1875, .T. ) ;
#2995 = EDGE_CURVE ( 'NONE', #2744, #8187, #5862, .T. ) ;
#2996 = EDGE_CURVE ( 'NONE', #7726, #4363, #5481, .T. ) ;
#2997 = AXIS2_PLACEMENT_3D ( 'NONE', #3601, #1921, #5040 ) ;
#2998 = ORIENTED_EDGE ( 'NONE', *, *, #4339, .F. ) ;
#2999 = CARTESIAN_POINT ( 'NONE',  ( 19.80000000000000071, 27.00000000000000355, -17.50000000000000000 ) ) ;
#3000 = EDGE_LOOP ( 'NONE', ( #6229, #1768, #9260, #1056 ) ) ;
#3001 = ORIENTED_EDGE ( 'NONE', *, *, #2607, .T. ) ;
#3002 = CIRCLE ( 'NONE', #4429, 1.619999999999999885 ) ;
#3003 = CYLINDRICAL_SURFACE ( 'NONE', #7237, 1.499999999999999556 ) ;
#3004 = ADVANCED_FACE ( 'NONE', ( #1868 ), #4050, .T. ) ;
#3005 = CARTESIAN_POINT ( 'NONE',  ( -27.00000000000000355, -11.11999999999999744, 7.833487943424977118 ) ) ;
#3006 = CARTESIAN_POINT ( 'NONE',  ( 20.88000000000000256, -10.50000000000000178, 16.00000000000000000 ) ) ;
#3007 = ORIENTED_EDGE ( 'NONE', *, *, #5584, .F. ) ;
#3008 = VECTOR ( 'NONE', #2741, 1000.000000000000000 ) ;
#3009 = ORIENTED_EDGE ( 'NONE', *, *, #7682, .T. ) ;
#3010 = EDGE_CURVE ( 'NONE', #8058, #6647, #1043, .T. ) ;
#3011 = DIRECTION ( 'NONE',  ( 0.000000000000000000, -1.000000000000000000, -1.508455196501571429E-16 ) ) ;
#3012 = EDGE_CURVE ( 'NONE', #6351, #3420, #2520, .T. ) ;
#3013 = CARTESIAN_POINT ( 'NONE',  ( -27.50000000000000000, 10.49999999999999112, -14.37999999999999723 ) ) ;
#3014 = TOROIDAL_SURFACE ( 'NONE', #4279, 1.620000000000000773, 0.1199999999999999956 ) ;
#3015 = AXIS2_PLACEMENT_3D ( 'NONE', #4674, #9196, #2443 ) ;
#3016 = EDGE_CURVE ( 'NONE', #5123, #7026, #2546, .T. ) ;
#3017 = VERTEX_POINT ( 'NONE', #9321 ) ;
#3018 = DIRECTION ( 'NONE',  ( 1.000000000000000000, 0.000000000000000000, 0.000000000000000000 ) ) ;
#3019 = CARTESIAN_POINT ( 'NONE',  ( 9.999999999999927169, -12.37999999999999901, -1.999999999999900746 ) ) ;
#3020 = CARTESIAN_POINT ( 'NONE',  ( -28.88000000000000256, 10.49999999999999112, -14.37999999999999723 ) ) ;
#3021 = CARTESIAN_POINT ( 'NONE',  ( -19.00000000000000355, 12.50000000000000178, 16.12000000000000099 ) ) ;
#3022 = CARTESIAN_POINT ( 'NONE',  ( -6.999999999999999112, -11.11999999999999922, 2.500000000000001332 ) ) ;
#3023 = VECTOR ( 'NONE', #1886, 1000.000000000000000 ) ;
#3024 = DIRECTION ( 'NONE',  ( -0.000000000000000000, 1.000000000000000000, 0.000000000000000000 ) ) ;
#3025 = ORIENTED_EDGE ( 'NONE', *, *, #1459, .T. ) ;
#3026 = AXIS2_PLACEMENT_3D ( 'NONE', #2716, #7315, #5673 ) ;
#3027 = CARTESIAN_POINT ( 'NONE',  ( 27.50000000000000000, 11.87999999999999901, -14.37999999999999901 ) ) ;
#3028 = ADVANCED_FACE ( 'NONE', ( #8597 ), #1684, .F. ) ;
#3029 = EDGE_CURVE ( 'NONE', #9683, #6694, #1450, .T. ) ;
#3030 = DIRECTION ( 'NONE',  ( 0.000000000000000000, 0.000000000000000000, 1.000000000000000000 ) ) ;
#3031 = CARTESIAN_POINT ( 'NONE',  ( 5.657868212060771615E-16, -11.11999999999999922, 7.120000000000000995 ) ) ;
#3032 = AXIS2_PLACEMENT_3D ( 'NONE', #9188, #4662, #955 ) ;
#3033 = CARTESIAN_POINT ( 'NONE',  ( 1.501122346247666606, 0.8753458727129065364, 17.38000000000000611 ) ) ;
#3034 = CARTESIAN_POINT ( 'NONE',  ( -28.87999999999999901, -11.11999999999999922, 15.50000000000000178 ) ) ;
#3035 = AXIS2_PLACEMENT_3D ( 'NONE', #6171, #315, #9143 ) ;
#3036 = CARTESIAN_POINT ( 'NONE',  ( -24.00000000000000000, -2.632523745243640523, -14.50000000000000000 ) ) ;
#3037 = AXIS2_PLACEMENT_3D ( 'NONE', #8067, #6576, #6527 ) ;
#3038 = DIRECTION ( 'NONE',  ( 0.000000000000000000, 0.000000000000000000, -1.000000000000000000 ) ) ;
#3039 = ORIENTED_EDGE ( 'NONE', *, *, #362, .F. ) ;
#3040 = ORIENTED_EDGE ( 'NONE', *, *, #6185, .T. ) ;
#3041 = ORIENTED_EDGE ( 'NONE', *, *, #6572, .F. ) ;
#3042 = DIRECTION ( 'NONE',  ( 0.000000000000000000, -1.000000000000000000, 0.000000000000000000 ) ) ;
#3043 = CARTESIAN_POINT ( 'NONE',  ( -11.62534587271282405, 0.7488776537524510779, 17.38000000000000611 ) ) ;
#3044 = CIRCLE ( 'NONE', #6671, 0.1200000000000003147 ) ;
#3045 = CIRCLE ( 'NONE', #4785, 0.1200000000000003147 ) ;
#3046 = DIRECTION ( 'NONE',  ( 0.000000000000000000, 0.000000000000000000, 1.000000000000000000 ) ) ;
#3047 = ORIENTED_EDGE ( 'NONE', *, *, #27, .F. ) ;
#3048 = ORIENTED_EDGE ( 'NONE', *, *, #1371, .F. ) ;
#3049 = VERTEX_POINT ( 'NONE', #9229 ) ;
#3050 = VERTEX_POINT ( 'NONE', #3253 ) ;
#3051 = ORIENTED_EDGE ( 'NONE', *, *, #4765, .T. ) ;
#3052 = CIRCLE ( 'NONE', #8894, 1.620000000000000773 ) ;
#3053 = CARTESIAN_POINT ( 'NONE',  ( -27.50000000000000000, 11.87999999999999545, -13.11999999999999922 ) ) ;
#3054 = CARTESIAN_POINT ( 'NONE',  ( -21.00000000000000000, -12.37999999999998835, -12.50000000000000178 ) ) ;
#3055 = CARTESIAN_POINT ( 'NONE',  ( 24.00000000000000000, -4.250000000000000888, -13.12000000000000099 ) ) ;
#3056 = CIRCLE ( 'NONE', #6529, 1.500000000000001332 ) ;
#3057 = VERTEX_POINT ( 'NONE', #4099 ) ;
#3058 = DIRECTION ( 'NONE',  ( 0.000000000000000000, -0.000000000000000000, 1.000000000000000000 ) ) ;
#3059 = EDGE_CURVE ( 'NONE', #4393, #7631, #515, .T. ) ;
#3060 = CARTESIAN_POINT ( 'NONE',  ( -24.00000000000000000, -4.250000000000000888, -14.50000000000000000 ) ) ;
#3061 = FACE_OUTER_BOUND ( 'NONE', #5176, .T. ) ;
#3062 = EDGE_CURVE ( 'NONE', #4870, #1417, #7706, .T. ) ;
#3063 = DIRECTION ( 'NONE',  ( 0.000000000000000000, -0.000000000000000000, 1.000000000000000000 ) ) ;
#3064 = CARTESIAN_POINT ( 'NONE',  ( 8.505345872712830158, 0.7488776537524508559, 17.50000000000000355 ) ) ;
#3065 = CIRCLE ( 'NONE', #8587, 1.558920238245226519 ) ;
#3066 = EDGE_CURVE ( 'NONE', #7702, #4350, #2620, .T. ) ;
#3067 = CARTESIAN_POINT ( 'NONE',  ( 10.00000000000002665, -12.37999999999999901, -12.99999999999990052 ) ) ;
#3068 = EDGE_LOOP ( 'NONE', ( #8647, #3570, #6950, #3337, #4459 ) ) ;
#3069 = DIRECTION ( 'NONE',  ( -0.000000000000000000, 1.000000000000000000, -0.000000000000000000 ) ) ;
#3070 = CYLINDRICAL_SURFACE ( 'NONE', #486, 1.500000000000000888 ) ;
#3071 = EDGE_CURVE ( 'NONE', #1423, #6192, #5238, .T. ) ;
#3072 = FACE_OUTER_BOUND ( 'NONE', #7745, .T. ) ;
#3073 = AXIS2_PLACEMENT_3D ( 'NONE', #9237, #6223, #1691 ) ;
#3074 = TOROIDAL_SURFACE ( 'NONE', #8596, 0.4199999999999990408, 0.1199999999999999956 ) ;
#3075 = EDGE_LOOP ( 'NONE', ( #2860, #1820, #6578, #3605 ) ) ;
#3076 = DIRECTION ( 'NONE',  ( -1.000000000000000000, -0.000000000000000000, -0.000000000000000000 ) ) ;
#3077 = CARTESIAN_POINT ( 'NONE',  ( 8.505345872712823052, 7.748877653752450634, 17.50000000000000355 ) ) ;
#3078 = LINE ( 'NONE', #6084, #6558 ) ;
#3079 = CARTESIAN_POINT ( 'NONE',  ( -19.68000000000000682, -12.49999999999999822, -11.53041406348422626 ) ) ;
#3080 = CIRCLE ( 'NONE', #2140, 1.617476254756360587 ) ;
#3081 = DIRECTION ( 'NONE',  ( 0.000000000000000000, 0.000000000000000000, -1.000000000000000000 ) ) ;
#3082 = EDGE_CURVE ( 'NONE', #3445, #1596, #9315, .T. ) ;
#3083 = CARTESIAN_POINT ( 'NONE',  ( 10.12534587271282582, 0.7488776537524508559, 17.38000000000000611 ) ) ;
#3084 = EDGE_CURVE ( 'NONE', #933, #8058, #6323, .T. ) ;
#3085 = DIRECTION ( 'NONE',  ( 0.000000000000000000, -1.508455196501571429E-16, 1.000000000000000000 ) ) ;
#3086 = CIRCLE ( 'NONE', #1192, 1.500000000000003109 ) ;
#3087 = ORIENTED_EDGE ( 'NONE', *, *, #3303, .F. ) ;
#3088 = ORIENTED_EDGE ( 'NONE', *, *, #5848, .T. ) ;
#3089 = AXIS2_PLACEMENT_3D ( 'NONE', #6637, #3583, #1997 ) ;
#3090 = VERTEX_POINT ( 'NONE', #7212 ) ;
#3091 = CARTESIAN_POINT ( 'NONE',  ( 17.80000000000000782, 27.00000000000000355, -19.50000000000000000 ) ) ;
#3092 = DIRECTION ( 'NONE',  ( -0.000000000000000000, -1.000000000000000000, -0.000000000000000000 ) ) ;
#3093 = CARTESIAN_POINT ( 'NONE',  ( -16.99999999999999645, -11.11999999999999922, -5.879999999999853344 ) ) ;
#3094 = CIRCLE ( 'NONE', #902, 0.2999999999999999334 ) ;
#3095 = ORIENTED_EDGE ( 'NONE', *, *, #2639, .F. ) ;
#3096 = ORIENTED_EDGE ( 'NONE', *, *, #8581, .F. ) ;
#3097 = ORIENTED_EDGE ( 'NONE', *, *, #6016, .T. ) ;
#3098 = DIRECTION ( 'NONE',  ( -0.000000000000000000, -0.000000000000000000, 1.000000000000000000 ) ) ;
#3099 = ORIENTED_EDGE ( 'NONE', *, *, #9715, .F. ) ;
#3100 = ORIENTED_EDGE ( 'NONE', *, *, #656, .F. ) ;
#3101 = VERTEX_POINT ( 'NONE', #1975 ) ;
#3102 = DIRECTION ( 'NONE',  ( -1.000000000000000000, -0.000000000000000000, -0.000000000000000000 ) ) ;
#3103 = DIRECTION ( 'NONE',  ( 0.000000000000000000, 0.000000000000000000, -1.000000000000000000 ) ) ;
#3104 = DIRECTION ( 'NONE',  ( 0.000000000000000000, 0.000000000000000000, 1.000000000000000000 ) ) ;
#3105 = EDGE_LOOP ( 'NONE', ( #6236, #8848, #5650, #9279 ) ) ;
#3106 = DIRECTION ( 'NONE',  ( 1.000000000000000000, -0.000000000000000000, -4.841193211655195936E-16 ) ) ;
#3107 = DIRECTION ( 'NONE',  ( -0.000000000000000000, -0.000000000000000000, 1.000000000000000000 ) ) ;
#3108 = DIRECTION ( 'NONE',  ( 1.000000000000000000, -1.224646799147352961E-16, -1.847324828052840849E-32 ) ) ;
#3109 = DIRECTION ( 'NONE',  ( 0.000000000000000000, 0.000000000000000000, -1.000000000000000000 ) ) ;
#3110 = FACE_OUTER_BOUND ( 'NONE', #8122, .T. ) ;
#3111 = ADVANCED_FACE ( 'NONE', ( #3514, #1286, #2664 ), #6461, .F. ) ;
#3112 = DIRECTION ( 'NONE',  ( 0.000000000000000000, 0.000000000000000000, 1.000000000000000000 ) ) ;
#3113 = CARTESIAN_POINT ( 'NONE',  ( 10.00000000000002665, -11.00000000000000000, -12.87999999999990131 ) ) ;
#3114 = CYLINDRICAL_SURFACE ( 'NONE', #8395, 1.500000000000000888 ) ;
#3115 = EDGE_CURVE ( 'NONE', #295, #8297, #1188, .T. ) ;
#3116 = EDGE_CURVE ( 'NONE', #1568, #5916, #8738, .T. ) ;
#3117 = ORIENTED_EDGE ( 'NONE', *, *, #7034, .F. ) ;
#3118 = DIRECTION ( 'NONE',  ( 0.000000000000000000, 0.000000000000000000, 1.000000000000000000 ) ) ;
#3119 = DIRECTION ( 'NONE',  ( 0.000000000000000000, 0.000000000000000000, -1.000000000000000000 ) ) ;
#3120 = DIRECTION ( 'NONE',  ( 0.000000000000000000, -1.000000000000000000, 0.000000000000000000 ) ) ;
#3121 = AXIS2_PLACEMENT_3D ( 'NONE', #1903, #4033, #6244 ) ;
#3122 = EDGE_CURVE ( 'NONE', #6565, #5759, #355, .T. ) ;
#3123 = DIRECTION ( 'NONE',  ( -7.302723057389412168E-32, 1.000000000000000000, 1.508455196501571429E-16 ) ) ;
#3124 = LINE ( 'NONE', #8464, #5039 ) ;
#3125 = DIRECTION ( 'NONE',  ( 0.000000000000000000, -1.000000000000000000, 0.000000000000000000 ) ) ;
#3126 = AXIS2_PLACEMENT_3D ( 'NONE', #742, #4533, #6094 ) ;
#3127 = ORIENTED_EDGE ( 'NONE', *, *, #2607, .F. ) ;
#3128 = ORIENTED_EDGE ( 'NONE', *, *, #3358, .F. ) ;
#3129 = ORIENTED_EDGE ( 'NONE', *, *, #4348, .F. ) ;
#3130 = DIRECTION ( 'NONE',  ( 0.000000000000000000, 0.000000000000000000, 1.000000000000000000 ) ) ;
#3131 = CARTESIAN_POINT ( 'NONE',  ( -7.329206686002009974E-14, 1.727922061357856087, -4.499999999999998224 ) ) ;
#3132 = ADVANCED_FACE ( 'NONE', ( #457 ), #7365, .F. ) ;
#3133 = EDGE_CURVE ( 'NONE', #5527, #8144, #7128, .T. ) ;
#3134 = CIRCLE ( 'NONE', #7075, 1.619999999999996554 ) ;
#3135 = DIRECTION ( 'NONE',  ( -1.000000000000000000, -0.000000000000000000, 0.000000000000000000 ) ) ;
#3136 = CIRCLE ( 'NONE', #1241, 0.1199999999999998845 ) ;
#3137 = ORIENTED_EDGE ( 'NONE', *, *, #6967, .F. ) ;
#3138 = DIRECTION ( 'NONE',  ( 0.000000000000000000, -1.000000000000000000, -1.508455196501571429E-16 ) ) ;
#3139 = EDGE_LOOP ( 'NONE', ( #1301, #6839, #9598, #5620, #7078, #4542 ) ) ;
#3140 = ORIENTED_EDGE ( 'NONE', *, *, #4275, .T. ) ;
#3141 = ORIENTED_EDGE ( 'NONE', *, *, #9206, .F. ) ;
#3142 = AXIS2_PLACEMENT_3D ( 'NONE', #6673, #1439, #3109 ) ;
#3143 = ORIENTED_EDGE ( 'NONE', *, *, #556, .F. ) ;
#3144 = CARTESIAN_POINT ( 'NONE',  ( -20.70000000000000284, -12.49999999999999822, -11.11041406348422633 ) ) ;
#3145 = AXIS2_PLACEMENT_3D ( 'NONE', #6271, #7927, #1053 ) ;
#3146 = EDGE_CURVE ( 'NONE', #9293, #951, #1763, .T. ) ;
#3147 = VECTOR ( 'NONE', #5303, 1000.000000000000000 ) ;
#3148 = DIRECTION ( 'NONE',  ( 0.000000000000000000, -1.000000000000000000, 0.000000000000000000 ) ) ;
#3149 = AXIS2_PLACEMENT_3D ( 'NONE', #1486, #5479, #3208 ) ;
#3150 = EDGE_LOOP ( 'NONE', ( #9539, #836 ) ) ;
#3151 = FACE_OUTER_BOUND ( 'NONE', #8489, .T. ) ;
#3152 = AXIS2_PLACEMENT_3D ( 'NONE', #8408, #7668, #7014 ) ;
#3153 = CARTESIAN_POINT ( 'NONE',  ( 5.510910596163088569E-16, -12.37999999999999901, 7.000000000000000888 ) ) ;
#3154 = DIRECTION ( 'NONE',  ( -0.000000000000000000, -1.000000000000000000, -0.000000000000000000 ) ) ;
#3155 = AXIS2_PLACEMENT_3D ( 'NONE', #3704, #1524, #1476 ) ;
#3156 = DIRECTION ( 'NONE',  ( 0.000000000000000000, -1.000000000000000000, 0.000000000000000000 ) ) ;
#3157 = DIRECTION ( 'NONE',  ( -1.000000000000000000, -0.000000000000000000, 0.000000000000000000 ) ) ;
#3158 = AXIS2_PLACEMENT_3D ( 'NONE', #258, #299, #4085 ) ;
#3159 = DIRECTION ( 'NONE',  ( 1.000000000000000000, 0.000000000000000000, -0.000000000000000000 ) ) ;
#3160 = DIRECTION ( 'NONE',  ( -0.000000000000000000, 1.508455196501571429E-16, -1.000000000000000000 ) ) ;
#3161 = CIRCLE ( 'NONE', #8687, 1.499999999999998668 ) ;
#3162 = DIRECTION ( 'NONE',  ( -0.000000000000000000, 1.000000000000000000, -0.000000000000000000 ) ) ;
#3163 = MANIFOLD_SOLID_BREP ( 'Fillet3', #7300 ) ;
#3164 = AXIS2_PLACEMENT_3D ( 'NONE', #2488, #6978, #5496 ) ;
#3165 = EDGE_CURVE ( 'NONE', #4251, #7785, #1457, .T. ) ;
#3166 = DIRECTION ( 'NONE',  ( 0.000000000000000000, -1.000000000000000000, -0.000000000000000000 ) ) ;
#3167 = CARTESIAN_POINT ( 'NONE',  ( -7.309367407855822930E-14, -11.11999999999999922, -2.879999999999997673 ) ) ;
#3168 = LINE ( 'NONE', #1879, #2508 ) ;
#3169 = FACE_OUTER_BOUND ( 'NONE', #8897, .T. ) ;
#3170 = TOROIDAL_SURFACE ( 'NONE', #1125, 1.620000000000000773, 0.1199999999999999956 ) ;
#3171 = CARTESIAN_POINT ( 'NONE',  ( -24.00000000000000000, -2.632523745243643187, 4.499999999999995559 ) ) ;
#3172 = CIRCLE ( 'NONE', #8087, 4.619999999999998330 ) ;
#3173 = DIRECTION ( 'NONE',  ( -1.000000000000000000, -0.000000000000000000, -0.000000000000000000 ) ) ;
#3174 = DIRECTION ( 'NONE',  ( -0.000000000000000000, 1.000000000000000000, 0.000000000000000000 ) ) ;
#3175 = AXIS2_PLACEMENT_3D ( 'NONE', #6212, #4896, #4001 ) ;
#3176 = EDGE_CURVE ( 'NONE', #331, #9065, #3515, .T. ) ;
#3177 = EDGE_LOOP ( 'NONE', ( #5321, #6942, #5077, #4965 ) ) ;
#3178 = ORIENTED_EDGE ( 'NONE', *, *, #2762, .F. ) ;
#3179 = VECTOR ( 'NONE', #6715, 1000.000000000000000 ) ;
#3180 = CYLINDRICAL_SURFACE ( 'NONE', #2344, 1.558920238245227186 ) ;
#3181 = DIRECTION ( 'NONE',  ( 0.000000000000000000, 0.000000000000000000, 1.000000000000000000 ) ) ;
#3182 = ADVANCED_FACE ( 'NONE', ( #4927 ), #9178, .T. ) ;
#3183 = EDGE_CURVE ( 'NONE', #6344, #5087, #365, .T. ) ;
#3184 = AXIS2_PLACEMENT_3D ( 'NONE', #6293, #9047, #769 ) ;
#3185 = ORIENTED_EDGE ( 'NONE', *, *, #5374, .T. ) ;
#3186 = FACE_OUTER_BOUND ( 'NONE', #9247, .T. ) ;
#3187 = TOROIDAL_SURFACE ( 'NONE', #8711, 0.6199999999999995515, 0.1199999999999999956 ) ;
#3188 = EDGE_CURVE ( 'NONE', #3101, #4839, #2874, .T. ) ;
#3189 = DIRECTION ( 'NONE',  ( -1.000000000000000000, 0.000000000000000000, -0.000000000000000000 ) ) ;
#3190 = EDGE_LOOP ( 'NONE', ( #6737, #2895, #8538, #7039 ) ) ;
#3191 = ORIENTED_EDGE ( 'NONE', *, *, #4760, .T. ) ;
#3192 = CARTESIAN_POINT ( 'NONE',  ( -19.68000000000000682, -11.00000000000000000, -11.53041406348422626 ) ) ;
#3193 = VERTEX_POINT ( 'NONE', #6241 ) ;
#3194 = DIRECTION ( 'NONE',  ( -0.000000000000000000, -0.000000000000000000, -1.000000000000000000 ) ) ;
#3195 = CIRCLE ( 'NONE', #4473, 0.1199999999999985800 ) ;
#3196 = DIRECTION ( 'NONE',  ( 1.000000000000000000, 0.000000000000000000, 0.000000000000000000 ) ) ;
#3197 = CIRCLE ( 'NONE', #5104, 1.500000000000000666 ) ;
#3198 = ORIENTED_EDGE ( 'NONE', *, *, #5722, .T. ) ;
#3199 = DIRECTION ( 'NONE',  ( 0.000000000000000000, 0.000000000000000000, -1.000000000000000000 ) ) ;
#3200 = CIRCLE ( 'NONE', #8725, 0.1199999999999985800 ) ;
#3201 = EDGE_CURVE ( 'NONE', #61, #7846, #1924, .T. ) ;
#3202 = CARTESIAN_POINT ( 'NONE',  ( 20.70000000000000284, -12.37999999999998835, -11.53041406348422626 ) ) ;
#3203 = EDGE_CURVE ( 'NONE', #6670, #438, #4136, .T. ) ;
#3204 = ORIENTED_EDGE ( 'NONE', *, *, #3203, .T. ) ;
#3205 = VERTEX_POINT ( 'NONE', #4873 ) ;
#3206 = EDGE_LOOP ( 'NONE', ( #824, #9627, #8934, #1386 ) ) ;
#3207 = CARTESIAN_POINT ( 'NONE',  ( 27.50000000000000000, 11.99999999999999645, -14.37999999999999723 ) ) ;
#3208 = DIRECTION ( 'NONE',  ( -1.000000000000000000, 0.000000000000000000, 0.000000000000000000 ) ) ;
#3209 = FACE_OUTER_BOUND ( 'NONE', #8872, .T. ) ;
#3210 = CARTESIAN_POINT ( 'NONE',  ( 4.501122346247669270, 0.8753458727129063144, 10.50000000000001243 ) ) ;
#3211 = DIRECTION ( 'NONE',  ( 0.000000000000000000, 0.000000000000000000, -1.000000000000000000 ) ) ;
#3212 = DIRECTION ( 'NONE',  ( 0.000000000000000000, 0.000000000000000000, -1.000000000000000000 ) ) ;
#3213 = ORIENTED_EDGE ( 'NONE', *, *, #1855, .T. ) ;
#3214 = AXIS2_PLACEMENT_3D ( 'NONE', #6023, #8350, #2229 ) ;
#3215 = CARTESIAN_POINT ( 'NONE',  ( 10.12534587271282582, 9.368877653752452517, 16.12000000000000099 ) ) ;
#3216 = CARTESIAN_POINT ( 'NONE',  ( 29.00000000000000000, 12.50000000000000000, 17.50000000000000355 ) ) ;
#3217 = LINE ( 'NONE', #7867, #3774 ) ;
#3218 = CARTESIAN_POINT ( 'NONE',  ( -28.87999999999999901, 11.99999999999999822, -14.37999999999999901 ) ) ;
#3219 = DIRECTION ( 'NONE',  ( -1.000000000000000000, -0.000000000000000000, 0.000000000000000000 ) ) ;
#3220 = CARTESIAN_POINT ( 'NONE',  ( -24.49999999999999645, -12.37999999999999901, 0.9410797617547741467 ) ) ;
#3221 = AXIS2_PLACEMENT_3D ( 'NONE', #7208, #7905, #357 ) ;
#3222 = DIRECTION ( 'NONE',  ( 0.000000000000000000, 0.000000000000000000, 1.000000000000000000 ) ) ;
#3223 = ORIENTED_EDGE ( 'NONE', *, *, #553, .T. ) ;
#3224 = ORIENTED_EDGE ( 'NONE', *, *, #3302, .T. ) ;
#3225 = AXIS2_PLACEMENT_3D ( 'NONE', #6026, #9043, #2278 ) ;
#3226 = DIRECTION ( 'NONE',  ( 0.000000000000000000, 0.000000000000000000, -1.000000000000000000 ) ) ;
#3227 = CARTESIAN_POINT ( 'NONE',  ( -9.999999999999927169, -12.37999999999999901, 1.120000000000100915 ) ) ;
#3228 = AXIS2_PLACEMENT_3D ( 'NONE', #7135, #2493, #6382 ) ;
#3229 = EDGE_CURVE ( 'NONE', #5923, #5662, #2553, .T. ) ;
#3230 = FACE_OUTER_BOUND ( 'NONE', #6655, .T. ) ;
#3231 = AXIS2_PLACEMENT_3D ( 'NONE', #937, #2556, #114 ) ;
#3232 = VECTOR ( 'NONE', #631, 1000.000000000000000 ) ;
#3233 = LINE ( 'NONE', #4178, #4647 ) ;
#3234 = ADVANCED_FACE ( 'NONE', ( #1119 ), #8625, .F. ) ;
#3235 = EDGE_LOOP ( 'NONE', ( #7399, #4689, #2408, #1463 ) ) ;
#3236 = VERTEX_POINT ( 'NONE', #2647 ) ;
#3237 = ADVANCED_FACE ( 'NONE', ( #8527 ), #2719, .T. ) ;
#3238 = DIRECTION ( 'NONE',  ( -5.811872027389895469E-16, -0.000000000000000000, 1.000000000000000000 ) ) ;
#3239 = VERTEX_POINT ( 'NONE', #4182 ) ;
#3240 = LINE ( 'NONE', #7095, #8334 ) ;
#3241 = AXIS2_PLACEMENT_3D ( 'NONE', #1500, #3868, #3726 ) ;
#3242 = ADVANCED_FACE ( 'NONE', ( #7839 ), #4931, .T. ) ;
#3243 = ORIENTED_EDGE ( 'NONE', *, *, #6378, .F. ) ;
#3244 = DIRECTION ( 'NONE',  ( -0.000000000000000000, 1.000000000000000000, 0.000000000000000000 ) ) ;
#3245 = DIRECTION ( 'NONE',  ( -1.000000000000000000, -0.000000000000000000, -0.000000000000000000 ) ) ;
#3246 = ORIENTED_EDGE ( 'NONE', *, *, #2275, .F. ) ;
#3247 = VERTEX_POINT ( 'NONE', #4076 ) ;
#3248 = ORIENTED_EDGE ( 'NONE', *, *, #3908, .T. ) ;
#3249 = DIRECTION ( 'NONE',  ( -1.000000000000000000, -0.000000000000000000, 0.000000000000000000 ) ) ;
#3250 = CARTESIAN_POINT ( 'NONE',  ( -15.37887765375237770, 0.6246541272872886408, 17.50000000000000355 ) ) ;
#3251 = CYLINDRICAL_SURFACE ( 'NONE', #2609, 0.1199999999999985800 ) ;
#3252 = EDGE_CURVE ( 'NONE', #7632, #5501, #5871, .T. ) ;
#3253 = CARTESIAN_POINT ( 'NONE',  ( -24.00000000000000000, 7.434871098704545211, -14.50000000000000000 ) ) ;
#3254 = ADVANCED_FACE ( 'NONE', ( #6193 ), #8248, .T. ) ;
#3255 = CARTESIAN_POINT ( 'NONE',  ( 16.99999999999999645, -11.11999999999999922, -7.499999999999852562 ) ) ;
#3256 = DIRECTION ( 'NONE',  ( -1.000000000000000000, 0.000000000000000000, 0.000000000000000000 ) ) ;
#3257 = CARTESIAN_POINT ( 'NONE',  ( 21.50000000000000355, -11.11999999999999922, 9.713487943424976123 ) ) ;
#3258 = CARTESIAN_POINT ( 'NONE',  ( -21.11999999999999744, -10.49999999999999822, -12.49999999999999822 ) ) ;
#3259 = DIRECTION ( 'NONE',  ( -0.000000000000000000, -1.000000000000000000, -0.000000000000000000 ) ) ;
#3260 = DIRECTION ( 'NONE',  ( 0.000000000000000000, 0.000000000000000000, 1.000000000000000000 ) ) ;
#3261 = CARTESIAN_POINT ( 'NONE',  ( -10.12534587271282582, 7.748877653752450634, 17.50000000000000355 ) ) ;
#3262 = EDGE_CURVE ( 'NONE', #5974, #4231, #7887, .T. ) ;
#3263 = CIRCLE ( 'NONE', #2031, 1.499999999999998668 ) ;
#3264 = FACE_OUTER_BOUND ( 'NONE', #7438, .T. ) ;
#3265 = CARTESIAN_POINT ( 'NONE',  ( 10.00000000000002665, -11.11999999999999922, -14.49999999999990230 ) ) ;
#3266 = VERTEX_POINT ( 'NONE', #1760 ) ;
#3267 = VERTEX_POINT ( 'NONE', #3278 ) ;
#3268 = VECTOR ( 'NONE', #4386, 1000.000000000000000 ) ;
#3269 = CARTESIAN_POINT ( 'NONE',  ( -24.49999999999999645, -12.37999999999999901, -7.499999999999999112 ) ) ;
#3270 = DIRECTION ( 'NONE',  ( 1.000000000000000000, 0.000000000000000000, 0.000000000000000000 ) ) ;
#3271 = DIRECTION ( 'NONE',  ( -1.000000000000000000, 0.000000000000000000, 0.000000000000000000 ) ) ;
#3272 = VECTOR ( 'NONE', #5457, 1000.000000000000000 ) ;
#3273 = EDGE_LOOP ( 'NONE', ( #8102, #8578, #4592, #7997 ) ) ;
#3274 = CIRCLE ( 'NONE', #9589, 0.1199999999999985800 ) ;
#3275 = CARTESIAN_POINT ( 'NONE',  ( 21.00000000000000000, -10.49999999999998934, 17.38000000000000611 ) ) ;
#3276 = VERTEX_POINT ( 'NONE', #3388 ) ;
#3277 = ORIENTED_EDGE ( 'NONE', *, *, #4519, .F. ) ;
#3278 = CARTESIAN_POINT ( 'NONE',  ( 10.00000000000000178, -11.11999999999999922, -11.99999999999999645 ) ) ;
#3279 = ORIENTED_EDGE ( 'NONE', *, *, #4148, .T. ) ;
#3280 = ADVANCED_FACE ( 'NONE', ( #9211 ), #3976, .T. ) ;
#3281 = DIRECTION ( 'NONE',  ( -0.000000000000000000, -0.000000000000000000, 1.000000000000000000 ) ) ;
#3282 = EDGE_LOOP ( 'NONE', ( #9118, #6838, #3657, #2749 ) ) ;
#3283 = TOROIDAL_SURFACE ( 'NONE', #8812, 1.804871098704546650, 0.1199999999999999956 ) ;
#3284 = LINE ( 'NONE', #8480, #5297 ) ;
#3285 = CIRCLE ( 'NONE', #4246, 1.619999999999996554 ) ;
#3286 = EDGE_CURVE ( 'NONE', #6846, #763, #4464, .T. ) ;
#3287 = CARTESIAN_POINT ( 'NONE',  ( 1.501122346247666606, 0.8753458727129065364, 16.12000000000000099 ) ) ;
#3288 = EDGE_CURVE ( 'NONE', #4409, #1428, #6028, .T. ) ;
#3289 = CARTESIAN_POINT ( 'NONE',  ( -25.80487109870454887, 5.749999999999999112, -13.12000000000000099 ) ) ;
#3290 = AXIS2_PLACEMENT_3D ( 'NONE', #4956, #8015, #2026 ) ;
#3291 = DIRECTION ( 'NONE',  ( -0.000000000000000000, 1.000000000000000000, 0.000000000000000000 ) ) ;
#3292 = ORIENTED_EDGE ( 'NONE', *, *, #6534, .F. ) ;
#3293 = ORIENTED_EDGE ( 'NONE', *, *, #7543, .F. ) ;
#3294 = ADVANCED_FACE ( 'NONE', ( #9137 ), #7608, .T. ) ;
#3295 = CIRCLE ( 'NONE', #8664, 0.1200000000000003147 ) ;
#3296 = ORIENTED_EDGE ( 'NONE', *, *, #858, .T. ) ;
#3297 = LINE ( 'NONE', #1635, #1657 ) ;
#3298 = DIRECTION ( 'NONE',  ( 0.000000000000000000, -0.000000000000000000, 1.000000000000000000 ) ) ;
#3299 = CYLINDRICAL_SURFACE ( 'NONE', #1184, 0.1200000000000003147 ) ;
#3300 = CIRCLE ( 'NONE', #3631, 0.1199999999999985800 ) ;
#3301 = LINE ( 'NONE', #8543, #3969 ) ;
#3302 = EDGE_CURVE ( 'NONE', #7089, #1929, #80, .T. ) ;
#3303 = EDGE_CURVE ( 'NONE', #2907, #7979, #4618, .T. ) ;
#3304 = VERTEX_POINT ( 'NONE', #8312 ) ;
#3305 = CIRCLE ( 'NONE', #497, 4.499999999999998224 ) ;
#3306 = AXIS2_PLACEMENT_3D ( 'NONE', #1540, #87, #3118 ) ;
#3307 = DIRECTION ( 'NONE',  ( -1.000000000000000000, 0.000000000000000000, 0.000000000000000000 ) ) ;
#3308 = FACE_OUTER_BOUND ( 'NONE', #4144, .T. ) ;
#3309 = AXIS2_PLACEMENT_3D ( 'NONE', #4198, #7209, #455 ) ;
#3310 = EDGE_CURVE ( 'NONE', #2846, #9487, #3818, .T. ) ;
#3311 = DIRECTION ( 'NONE',  ( 0.000000000000000000, 0.000000000000000000, 1.000000000000000000 ) ) ;
#3312 = DIRECTION ( 'NONE',  ( 0.000000000000000000, 0.000000000000000000, -1.000000000000000000 ) ) ;
#3313 = VECTOR ( 'NONE', #1176, 1000.000000000000000 ) ;
#3314 = CARTESIAN_POINT ( 'NONE',  ( 10.12534587271282582, 0.7488776537524508559, 16.12000000000000099 ) ) ;
#3315 = CARTESIAN_POINT ( 'NONE',  ( -24.49999999999999645, -11.00000000000000000, 2.500000000000001332 ) ) ;
#3316 = CARTESIAN_POINT ( 'NONE',  ( -3.000000000000001776, -12.49999999999999822, -7.499999999999998224 ) ) ;
#3317 = CIRCLE ( 'NONE', #7735, 4.500000000000000000 ) ;
#3318 = DIRECTION ( 'NONE',  ( -0.000000000000000000, 1.000000000000000000, 0.000000000000000000 ) ) ;
#3319 = AXIS2_PLACEMENT_3D ( 'NONE', #187, #3174, #3222 ) ;
#3320 = DIRECTION ( 'NONE',  ( -0.000000000000000000, -0.000000000000000000, 1.000000000000000000 ) ) ;
#3321 = ADVANCED_FACE ( 'NONE', ( #7798 ), #1612, .T. ) ;
#3322 = EDGE_CURVE ( 'NONE', #1462, #3266, #8869, .T. ) ;
#3323 = ORIENTED_EDGE ( 'NONE', *, *, #3497, .F. ) ;
#3324 = ORIENTED_EDGE ( 'NONE', *, *, #2471, .T. ) ;
#3325 = ORIENTED_EDGE ( 'NONE', *, *, #6514, .T. ) ;
#3326 = AXIS2_PLACEMENT_3D ( 'NONE', #1839, #5633, #8651 ) ;
#3327 = CARTESIAN_POINT ( 'NONE',  ( 6.999999999999999112, -11.11999999999999922, 0.8799999999999511546 ) ) ;
#3328 = DIRECTION ( 'NONE',  ( 0.000000000000000000, -1.508455196501571429E-16, 1.000000000000000000 ) ) ;
#3329 = CIRCLE ( 'NONE', #4762, 0.1200000000000003147 ) ;
#3330 = DIRECTION ( 'NONE',  ( -1.224646799147352961E-16, 1.000000000000000000, 0.000000000000000000 ) ) ;
#3331 = DIRECTION ( 'NONE',  ( 0.000000000000000000, 0.000000000000000000, -1.000000000000000000 ) ) ;
#3332 = VECTOR ( 'NONE', #4249, 1000.000000000000000 ) ;
#3333 = ORIENTED_EDGE ( 'NONE', *, *, #9383, .F. ) ;
#3334 = CIRCLE ( 'NONE', #7926, 4.499999999999998224 ) ;
#3335 = CARTESIAN_POINT ( 'NONE',  ( 20.10000000000000853, -12.37999999999999901, -11.11041406348422633 ) ) ;
#3336 = VERTEX_POINT ( 'NONE', #296 ) ;
#3337 = ORIENTED_EDGE ( 'NONE', *, *, #8940, .T. ) ;
#3338 = CARTESIAN_POINT ( 'NONE',  ( 10.12534587271282582, 7.748877653752450634, 10.50000000000001243 ) ) ;
#3339 = EDGE_LOOP ( 'NONE', ( #4106, #8146, #8195, #8338 ) ) ;
#3340 = CARTESIAN_POINT ( 'NONE',  ( 10.12534587271282582, 7.748877653752450634, 16.12000000000000099 ) ) ;
#3341 = CIRCLE ( 'NONE', #3184, 0.1199999999999985800 ) ;
#3342 = AXIS2_PLACEMENT_3D ( 'NONE', #8683, #7005, #4043 ) ;
#3343 = DIRECTION ( 'NONE',  ( -0.000000000000000000, 1.000000000000000000, 0.000000000000000000 ) ) ;
#3344 = ORIENTED_EDGE ( 'NONE', *, *, #8825, .F. ) ;
#3345 = ORIENTED_EDGE ( 'NONE', *, *, #4667, .F. ) ;
#3346 = DIRECTION ( 'NONE',  ( 1.000000000000000000, 0.000000000000000000, -1.224646799147353207E-16 ) ) ;
#3347 = DIRECTION ( 'NONE',  ( 0.000000000000000000, -1.000000000000000000, 0.000000000000000000 ) ) ;
#3348 = VERTEX_POINT ( 'NONE', #3287 ) ;
#3349 = ORIENTED_EDGE ( 'NONE', *, *, #2102, .T. ) ;
#3350 = AXIS2_PLACEMENT_3D ( 'NONE', #9027, #3888, #889 ) ;
#3351 = EDGE_LOOP ( 'NONE', ( #6201, #8628, #8834, #1624, #7458 ) ) ;
#3352 = CARTESIAN_POINT ( 'NONE',  ( -22.50000000000000711, 10.49999999999999112, -13.11999999999999922 ) ) ;
#3353 = DIRECTION ( 'NONE',  ( 0.000000000000000000, -1.000000000000000000, 0.000000000000000000 ) ) ;
#3354 = LINE ( 'NONE', #3602, #6380 ) ;
#3355 = CIRCLE ( 'NONE', #2099, 1.500000000000000444 ) ;
#3356 = CARTESIAN_POINT ( 'NONE',  ( -19.80000000000000426, 27.00000000000000355, -11.53041406348422626 ) ) ;
#3357 = AXIS2_PLACEMENT_3D ( 'NONE', #8884, #2118, #8194 ) ;
#3358 = EDGE_CURVE ( 'NONE', #9707, #9672, #32, .T. ) ;
#3359 = DIRECTION ( 'NONE',  ( -0.000000000000000000, -1.000000000000000000, -0.000000000000000000 ) ) ;
#3360 = CARTESIAN_POINT ( 'NONE',  ( 3.000000000000001776, -11.11999999999999922, -9.000000000000000000 ) ) ;
#3362 = VERTEX_POINT ( 'NONE', #4558 ) ;
#3361 = EDGE_CURVE ( 'NONE', #7182, #452, #3341, .T. ) ;
#3363 = EDGE_CURVE ( 'NONE', #5024, #4987, #4624, .T. ) ;
#3364 = FACE_OUTER_BOUND ( 'NONE', #60, .T. ) ;
#3365 = DIRECTION ( 'NONE',  ( -0.000000000000000000, -0.000000000000000000, 1.000000000000000000 ) ) ;
#3366 = CIRCLE ( 'NONE', #6675, 1.500000000000000888 ) ;
#3367 = CYLINDRICAL_SURFACE ( 'NONE', #5661, 1.500000000000000444 ) ;
#3368 = DIRECTION ( 'NONE',  ( 0.000000000000000000, -1.000000000000000000, 0.000000000000000000 ) ) ;
#3369 = CARTESIAN_POINT ( 'NONE',  ( -17.80000000000000782, -12.37999999999999901, -19.38000000000000256 ) ) ;
#3370 = EDGE_CURVE ( 'NONE', #6192, #1423, #7929, .T. ) ;
#3371 = CARTESIAN_POINT ( 'NONE',  ( -21.50000000000000711, -11.11999999999999922, 9.713487943424976123 ) ) ;
#3372 = CARTESIAN_POINT ( 'NONE',  ( 9.999999999999927169, -12.37999999999999901, -0.4999999999998998579 ) ) ;
#3373 = ORIENTED_EDGE ( 'NONE', *, *, #3848, .T. ) ;
#3374 = EDGE_LOOP ( 'NONE', ( #2007, #9404, #8921, #2688 ) ) ;
#3375 = CARTESIAN_POINT ( 'NONE',  ( -24.49999999999999645, -11.11999999999999922, -9.058920238245224965 ) ) ;
#3376 = FACE_OUTER_BOUND ( 'NONE', #5564, .T. ) ;
#3377 = CARTESIAN_POINT ( 'NONE',  ( 16.99887765375237692, 0.6246541272872884187, 16.12000000000000099 ) ) ;
#3378 = TOROIDAL_SURFACE ( 'NONE', #5581, 1.880000000000001892, 0.1199999999999999956 ) ;
#3379 = ADVANCED_FACE ( 'NONE', ( #1813 ), #8584, .T. ) ;
#3380 = EDGE_CURVE ( 'NONE', #7547, #2499, #1074, .T. ) ;
#3381 = FACE_OUTER_BOUND ( 'NONE', #9565, .T. ) ;
#3382 = ORIENTED_EDGE ( 'NONE', *, *, #3549, .T. ) ;
#3383 = DIRECTION ( 'NONE',  ( 0.000000000000000000, 0.000000000000000000, -1.000000000000000000 ) ) ;
#3384 = AXIS2_PLACEMENT_3D ( 'NONE', #2824, #1935, #2873 ) ;
#3385 = ORIENTED_EDGE ( 'NONE', *, *, #6532, .T. ) ;
#3386 = ORIENTED_EDGE ( 'NONE', *, *, #8494, .T. ) ;
#3387 = AXIS2_PLACEMENT_3D ( 'NONE', #5270, #743, #9108 ) ;
#3388 = CARTESIAN_POINT ( 'NONE',  ( -7.309367407855822930E-14, -12.49999999999999822, -6.119999999999998330 ) ) ;
#3389 = EDGE_LOOP ( 'NONE', ( #9408, #7754, #5859, #8028 ) ) ;
#3390 = DIRECTION ( 'NONE',  ( 0.000000000000000000, 0.000000000000000000, -1.000000000000000000 ) ) ;
#3391 = EDGE_LOOP ( 'NONE', ( #4974, #7751, #4074, #5363 ) ) ;
#3392 = AXIS2_PLACEMENT_3D ( 'NONE', #2619, #7363, #3561 ) ;
#3393 = DIRECTION ( 'NONE',  ( -1.000000000000000000, 0.000000000000000000, 0.000000000000000000 ) ) ;
#3394 = CIRCLE ( 'NONE', #7985, 0.1200000000000003147 ) ;
#3395 = CARTESIAN_POINT ( 'NONE',  ( -10.00000000000000178, -12.37999999999999901, -12.11999999999999744 ) ) ;
#3396 = DIRECTION ( 'NONE',  ( -1.000000000000000000, -0.000000000000000000, -0.000000000000000000 ) ) ;
#3397 = EDGE_LOOP ( 'NONE', ( #4349, #610, #1759, #5266 ) ) ;
#3398 = EDGE_LOOP ( 'NONE', ( #7655, #2475, #2561, #9432 ) ) ;
#3399 = CIRCLE ( 'NONE', #8926, 0.1200000000000003147 ) ;
#3400 = TOROIDAL_SURFACE ( 'NONE', #8928, 0.4199999999999999289, 0.1199999999999999956 ) ;
#3401 = CARTESIAN_POINT ( 'NONE',  ( -27.00000000000000355, -11.11999999999999922, 9.713487943424976123 ) ) ;
#3402 = CARTESIAN_POINT ( 'NONE',  ( -16.99999999999999645, -12.49999999999999822, -7.499999999999852562 ) ) ;
#3403 = DIRECTION ( 'NONE',  ( -0.000000000000000000, -0.000000000000000000, -1.000000000000000000 ) ) ;
#3404 =( NAMED_UNIT ( * ) SI_UNIT ( $, .STERADIAN. ) SOLID_ANGLE_UNIT ( ) );
#3405 = LINE ( 'NONE', #6313, #2843 ) ;
#3406 = VECTOR ( 'NONE', #419, 1000.000000000000000 ) ;
#3407 = DIRECTION ( 'NONE',  ( 0.000000000000000000, -1.000000000000000000, -0.000000000000000000 ) ) ;
#3408 = ORIENTED_EDGE ( 'NONE', *, *, #1256, .T. ) ;
#3409 = DIRECTION ( 'NONE',  ( 0.000000000000000000, 0.000000000000000000, -1.000000000000000000 ) ) ;
#3410 = CYLINDRICAL_SURFACE ( 'NONE', #4962, 1.500000000000001332 ) ;
#3411 = EDGE_CURVE ( 'NONE', #5563, #2168, #6840, .T. ) ;
#3412 = ORIENTED_EDGE ( 'NONE', *, *, #604, .T. ) ;
#3413 = FACE_OUTER_BOUND ( 'NONE', #5302, .T. ) ;
#3414 = CARTESIAN_POINT ( 'NONE',  ( -9.999999999999927169, 1.727922061357856087, -1.999999999999900746 ) ) ;
#3415 = FACE_OUTER_BOUND ( 'NONE', #642, .T. ) ;
#3416 = ADVANCED_FACE ( 'NONE', ( #6869 ), #8428, .T. ) ;
#3417 = CARTESIAN_POINT ( 'NONE',  ( -24.49999999999999645, -11.11999999999999922, 4.058920238245228518 ) ) ;
#3418 = EDGE_CURVE ( 'NONE', #5433, #933, #3761, .T. ) ;
#3419 = DIRECTION ( 'NONE',  ( -0.000000000000000000, 1.000000000000000000, 0.000000000000000000 ) ) ;
#3420 = VERTEX_POINT ( 'NONE', #3021 ) ;
#3421 = ORIENTED_EDGE ( 'NONE', *, *, #3029, .F. ) ;
#3422 = DIRECTION ( 'NONE',  ( 0.000000000000000000, 0.000000000000000000, 1.000000000000000000 ) ) ;
#3423 = EDGE_CURVE ( 'NONE', #6911, #1915, #5296, .T. ) ;
#3424 = CARTESIAN_POINT ( 'NONE',  ( 9.874654127287220362, -6.248877653752255235, 17.38000000000000611 ) ) ;
#3425 = CYLINDRICAL_SURFACE ( 'NONE', #2768, 1.500000000000003109 ) ;
#3426 = DIRECTION ( 'NONE',  ( 0.000000000000000000, -1.000000000000000000, 0.000000000000000000 ) ) ;
#3427 = CARTESIAN_POINT ( 'NONE',  ( 17.80000000000000782, -12.49999999999999822, -17.50000000000000000 ) ) ;
#3428 = ORIENTED_EDGE ( 'NONE', *, *, #6521, .T. ) ;
#3429 = ORIENTED_EDGE ( 'NONE', *, *, #3082, .T. ) ;
#3430 = AXIS2_PLACEMENT_3D ( 'NONE', #7298, #2947, #692 ) ;
#3431 = DIRECTION ( 'NONE',  ( 0.000000000000000000, -0.000000000000000000, -1.000000000000000000 ) ) ;
#3432 = ORIENTED_EDGE ( 'NONE', *, *, #5611, .T. ) ;
#3433 = ORIENTED_EDGE ( 'NONE', *, *, #7780, .T. ) ;
#3434 = ORIENTED_EDGE ( 'NONE', *, *, #5840, .F. ) ;
#3435 = EDGE_CURVE ( 'NONE', #4443, #9190, #4003, .T. ) ;
#3436 = ORIENTED_EDGE ( 'NONE', *, *, #9375, .T. ) ;
#3437 = ADVANCED_FACE ( 'NONE', ( #4187 ), #1271, .T. ) ;
#3438 = CARTESIAN_POINT ( 'NONE',  ( 17.80000000000000782, -11.00000000000000000, -17.50000000000000000 ) ) ;
#3439 = ORIENTED_EDGE ( 'NONE', *, *, #4765, .F. ) ;
#3440 = ORIENTED_EDGE ( 'NONE', *, *, #6756, .F. ) ;
#3441 = ORIENTED_EDGE ( 'NONE', *, *, #8676, .T. ) ;
#3442 = TOROIDAL_SURFACE ( 'NONE', #2650, 1.737476254756360472, 0.1199999999999999956 ) ;
#3443 = CARTESIAN_POINT ( 'NONE',  ( 16.99887765375237692, 0.6246541272872884187, 16.12000000000000099 ) ) ;
#3444 = FACE_OUTER_BOUND ( 'NONE', #3838, .T. ) ;
#3445 = VERTEX_POINT ( 'NONE', #5806 ) ;
#3446 = CARTESIAN_POINT ( 'NONE',  ( -17.80000000000000782, -12.37999999999998124, -17.50000000000000000 ) ) ;
#3447 = VERTEX_POINT ( 'NONE', #8629 ) ;
#3448 = ORIENTED_EDGE ( 'NONE', *, *, #2632, .F. ) ;
#3449 = TOROIDAL_SURFACE ( 'NONE', #9592, 1.380000000000005000, 0.1199999999999999956 ) ;
#3450 = EDGE_CURVE ( 'NONE', #4517, #6800, #9678, .T. ) ;
#3451 = EDGE_CURVE ( 'NONE', #5315, #7515, #9518, .T. ) ;
#3452 = DIRECTION ( 'NONE',  ( 0.000000000000000000, 0.000000000000000000, -1.000000000000000000 ) ) ;
#3453 = CIRCLE ( 'NONE', #3610, 1.619999999999999440 ) ;
#3454 = CARTESIAN_POINT ( 'NONE',  ( 19.00000000000000355, 10.50000000000000355, 17.38000000000000611 ) ) ;
#3455 = CARTESIAN_POINT ( 'NONE',  ( -29.00000000000000000, -10.49999999999999645, -14.38000000000000256 ) ) ;
#3456 = CARTESIAN_POINT ( 'NONE',  ( 19.80000000000000426, -11.11999999999999744, -11.53041406348422626 ) ) ;
#3457 = CIRCLE ( 'NONE', #1569, 0.1200000000000003147 ) ;
#3458 = CARTESIAN_POINT ( 'NONE',  ( 8.625345872712829376, 0.7488776537524510779, 17.38000000000000611 ) ) ;
#3459 = CIRCLE ( 'NONE', #2829, 2.000000000000001776 ) ;
#3460 = DIRECTION ( 'NONE',  ( 0.000000000000000000, 0.000000000000000000, -1.000000000000000000 ) ) ;
#3461 = ORIENTED_EDGE ( 'NONE', *, *, #2685, .F. ) ;
#3462 = DIRECTION ( 'NONE',  ( 0.000000000000000000, -1.000000000000000000, -0.000000000000000000 ) ) ;
#3463 = DIRECTION ( 'NONE',  ( 1.000000000000000000, 0.000000000000000000, 0.000000000000000000 ) ) ;
#3464 = AXIS2_PLACEMENT_3D ( 'NONE', #8115, #559, #6518 ) ;
#3465 = CARTESIAN_POINT ( 'NONE',  ( -10.00000000000002665, -12.49999999999999822, -12.87999999999990131 ) ) ;
#3466 = DIRECTION ( 'NONE',  ( 0.000000000000000000, 0.000000000000000000, -1.000000000000000000 ) ) ;
#3467 = AXIS2_PLACEMENT_3D ( 'NONE', #3674, #9536, #5786 ) ;
#3468 = CARTESIAN_POINT ( 'NONE',  ( 3.000000000000001776, 1.727922061357856087, -7.499999999999998224 ) ) ;
#3469 = VECTOR ( 'NONE', #7379, 1000.000000000000000 ) ;
#3470 = CARTESIAN_POINT ( 'NONE',  ( -8.374654127287218586, -6.248877653752255235, 16.11999999999999744 ) ) ;
#3471 = CIRCLE ( 'NONE', #494, 1.380000000000006111 ) ;
#3472 = ADVANCED_FACE ( 'NONE', ( #549 ), #7164, .T. ) ;
#3473 = DIRECTION ( 'NONE',  ( -0.000000000000000000, 1.508455196501571429E-16, -1.000000000000000000 ) ) ;
#3474 = AXIS2_PLACEMENT_3D ( 'NONE', #6822, #81, #8358 ) ;
#3475 = EDGE_LOOP ( 'NONE', ( #9425, #1758, #4831, #37 ) ) ;
#3476 = ORIENTED_EDGE ( 'NONE', *, *, #8460, .F. ) ;
#3477 = FACE_OUTER_BOUND ( 'NONE', #9698, .T. ) ;
#3478 = DIRECTION ( 'NONE',  ( -0.000000000000000000, -1.000000000000000000, -0.000000000000000000 ) ) ;
#3479 = DIRECTION ( 'NONE',  ( -0.000000000000000000, 1.000000000000000000, -0.000000000000000000 ) ) ;
#3480 = TOROIDAL_SURFACE ( 'NONE', #4602, 1.620000000000000773, 0.1199999999999999956 ) ;
#3481 = FACE_OUTER_BOUND ( 'NONE', #5593, .T. ) ;
#3482 = AXIS2_PLACEMENT_3D ( 'NONE', #4306, #7459, #565 ) ;
#3483 = FACE_OUTER_BOUND ( 'NONE', #1800, .T. ) ;
#3484 = EDGE_LOOP ( 'NONE', ( #2880, #4493, #1853, #1469 ) ) ;
#3485 = EDGE_CURVE ( 'NONE', #9495, #6509, #6198, .T. ) ;
#3486 = CIRCLE ( 'NONE', #4448, 0.1200000000000003147 ) ;
#3487 = CARTESIAN_POINT ( 'NONE',  ( 29.00000000000000000, -12.37999999999999901, -12.50000000000000178 ) ) ;
#3488 = ORIENTED_EDGE ( 'NONE', *, *, #4836, .T. ) ;
#3489 = VERTEX_POINT ( 'NONE', #1958 ) ;
#3490 = EDGE_LOOP ( 'NONE', ( #5276, #1620, #9004, #710 ) ) ;
#3491 = VECTOR ( 'NONE', #9406, 1000.000000000000000 ) ;
#3492 = ORIENTED_EDGE ( 'NONE', *, *, #3370, .F. ) ;
#3493 = EDGE_CURVE ( 'NONE', #3362, #15, #2274, .T. ) ;
#3494 = DIRECTION ( 'NONE',  ( 0.000000000000000000, 0.000000000000000000, -1.000000000000000000 ) ) ;
#3495 = ORIENTED_EDGE ( 'NONE', *, *, #1523, .F. ) ;
#3496 = EDGE_LOOP ( 'NONE', ( #8099, #8827, #8100, #4971 ) ) ;
#3497 = EDGE_CURVE ( 'NONE', #6911, #61, #7797, .T. ) ;
#3498 = ORIENTED_EDGE ( 'NONE', *, *, #7919, .F. ) ;
#3499 = VECTOR ( 'NONE', #7469, 1000.000000000000000 ) ;
#3500 = EDGE_LOOP ( 'NONE', ( #3051, #1663, #1565, #1464 ) ) ;
#3501 = DIRECTION ( 'NONE',  ( 0.000000000000000000, -1.508455196501571429E-16, 1.000000000000000000 ) ) ;
#3502 = AXIS2_PLACEMENT_3D ( 'NONE', #4562, #173, #9093 ) ;
#3503 = EDGE_CURVE ( 'NONE', #9395, #2313, #1680, .T. ) ;
#3504 = FACE_OUTER_BOUND ( 'NONE', #8963, .T. ) ;
#3505 = VERTEX_POINT ( 'NONE', #6557 ) ;
#3506 = CARTESIAN_POINT ( 'NONE',  ( 0.000000000000000000, 1.727922061357856087, 2.500000000000001332 ) ) ;
#3507 = ORIENTED_EDGE ( 'NONE', *, *, #6315, .F. ) ;
#3508 = EDGE_LOOP ( 'NONE', ( #3434, #3745, #4075, #9402 ) ) ;
#3509 = VECTOR ( 'NONE', #8217, 1000.000000000000000 ) ;
#3510 = DIRECTION ( 'NONE',  ( -0.000000000000000000, 1.000000000000000000, -0.000000000000000000 ) ) ;
#3511 = TOROIDAL_SURFACE ( 'NONE', #4924, 0.6199999999999999956, 0.1199999999999999956 ) ;
#3512 = DIRECTION ( 'NONE',  ( -0.000000000000000000, 1.000000000000000000, 0.000000000000000000 ) ) ;
#3513 = LINE ( 'NONE', #408, #5141 ) ;
#3514 = FACE_BOUND ( 'NONE', #9499, .T. ) ;
#3515 = CIRCLE ( 'NONE', #9485, 1.620000000000001661 ) ;
#3516 = ADVANCED_FACE ( 'NONE', ( #9357 ), #7364, .T. ) ;
#3517 = EDGE_LOOP ( 'NONE', ( #7281, #6347, #2957, #1478 ) ) ;
#3518 = EDGE_CURVE ( 'NONE', #3348, #3336, #9554, .T. ) ;
#3519 = AXIS2_PLACEMENT_3D ( 'NONE', #3060, #7558, #7657 ) ;
#3520 = DIRECTION ( 'NONE',  ( -1.000000000000000000, 0.000000000000000000, 0.000000000000000000 ) ) ;
#3521 = ORIENTED_EDGE ( 'NONE', *, *, #9161, .T. ) ;
#3522 = FACE_OUTER_BOUND ( 'NONE', #3942, .T. ) ;
#3523 = CARTESIAN_POINT ( 'NONE',  ( 24.00000000000000000, -5.867476254756361698, -13.12000000000000099 ) ) ;
#3524 = CIRCLE ( 'NONE', #6350, 0.1200000000000003147 ) ;
#3525 = FACE_OUTER_BOUND ( 'NONE', #5313, .T. ) ;
#3526 = CARTESIAN_POINT ( 'NONE',  ( -28.87999999999999901, -10.49999999999999822, -12.49999999999999822 ) ) ;
#3527 = FACE_OUTER_BOUND ( 'NONE', #249, .T. ) ;
#3528 = AXIS2_PLACEMENT_3D ( 'NONE', #7341, #636, #9444 ) ;
#3529 = VERTEX_POINT ( 'NONE', #4237 ) ;
#3530 = VERTEX_POINT ( 'NONE', #2702 ) ;
#3531 = DIRECTION ( 'NONE',  ( 0.000000000000000000, -1.000000000000000000, 0.000000000000000000 ) ) ;
#3532 = CARTESIAN_POINT ( 'NONE',  ( -11.37465412728722391, -6.248877653752255235, 10.50000000000001243 ) ) ;
#3533 = CARTESIAN_POINT ( 'NONE',  ( -21.50000000000000355, -11.11999999999999744, 10.33348794342497712 ) ) ;
#3534 = PRODUCT_DEFINITION ( 'UNKNOWN', '', #9543, #330 ) ;
#3535 = FACE_OUTER_BOUND ( 'NONE', #8143, .T. ) ;
#3536 = CIRCLE ( 'NONE', #8729, 0.1200000000000003147 ) ;
#3537 = EDGE_LOOP ( 'NONE', ( #7488, #6852, #2916, #7007, #1222 ) ) ;
#3538 = CARTESIAN_POINT ( 'NONE',  ( -20.88000000000000611, -10.49999999999999822, 15.50000000000000178 ) ) ;
#3539 = ORIENTED_EDGE ( 'NONE', *, *, #8330, .T. ) ;
#3540 = ORIENTED_EDGE ( 'NONE', *, *, #1085, .F. ) ;
#3541 = ORIENTED_EDGE ( 'NONE', *, *, #8868, .T. ) ;
#3542 = ORIENTED_EDGE ( 'NONE', *, *, #6149, .F. ) ;
#3543 = CARTESIAN_POINT ( 'NONE',  ( 10.12534587271282582, 7.748877653752450634, 10.50000000000001243 ) ) ;
#3544 = AXIS2_PLACEMENT_3D ( 'NONE', #6718, #7464, #5242 ) ;
#3545 = EDGE_CURVE ( 'NONE', #1925, #7992, #8167, .T. ) ;
#3546 = ORIENTED_EDGE ( 'NONE', *, *, #8323, .F. ) ;
#3547 = DIRECTION ( 'NONE',  ( 0.000000000000000000, 0.000000000000000000, 1.000000000000000000 ) ) ;
#3548 = ORIENTED_EDGE ( 'NONE', *, *, #8139, .T. ) ;
#3549 = EDGE_CURVE ( 'NONE', #9080, #4517, #6237, .T. ) ;
#3550 = CARTESIAN_POINT ( 'NONE',  ( -7.329206686002009974E-14, -11.11999999999999922, -4.499999999999998224 ) ) ;
#3551 = AXIS2_PLACEMENT_3D ( 'NONE', #4047, #3249, #7056 ) ;
#3552 = EDGE_CURVE ( 'NONE', #3489, #6515, #8471, .T. ) ;
#3553 = ORIENTED_EDGE ( 'NONE', *, *, #5912, .F. ) ;
#3554 = CARTESIAN_POINT ( 'NONE',  ( 8.374654127287218586, -6.248877653752255235, 10.50000000000001243 ) ) ;
#3555 = ORIENTED_EDGE ( 'NONE', *, *, #1459, .F. ) ;
#3556 = ORIENTED_EDGE ( 'NONE', *, *, #2167, .F. ) ;
#3557 = DIRECTION ( 'NONE',  ( -1.000000000000000000, -0.000000000000000000, 0.000000000000000000 ) ) ;
#3558 = EDGE_CURVE ( 'NONE', #2499, #8058, #8452, .T. ) ;
#3559 = AXIS2_PLACEMENT_3D ( 'NONE', #7705, #7663, #4744 ) ;
#3560 = FACE_OUTER_BOUND ( 'NONE', #1078, .T. ) ;
#3561 = DIRECTION ( 'NONE',  ( 0.000000000000000000, 0.000000000000000000, 1.000000000000000000 ) ) ;
#3562 =( NAMED_UNIT ( * ) PLANE_ANGLE_UNIT ( ) SI_UNIT ( $, .RADIAN. ) );
#3563 = DIRECTION ( 'NONE',  ( -0.000000000000000000, 1.000000000000000000, 0.000000000000000000 ) ) ;
#3564 = CARTESIAN_POINT ( 'NONE',  ( 20.88000000000000611, -11.00000000000000000, 15.50000000000000178 ) ) ;
#3565 = TOROIDAL_SURFACE ( 'NONE', #2146, 1.619999999999998996, 0.1199999999999999956 ) ;
#3566 = TOROIDAL_SURFACE ( 'NONE', #4362, 4.619999999999998330, 0.1199999999999999956 ) ;
#3567 = EDGE_LOOP ( 'NONE', ( #7290, #2444 ) ) ;
#3568 = FACE_OUTER_BOUND ( 'NONE', #1037, .T. ) ;
#3569 = ADVANCED_FACE ( 'NONE', ( #4139 ), #8774, .T. ) ;
#3570 = ORIENTED_EDGE ( 'NONE', *, *, #6688, .T. ) ;
#3571 = EDGE_CURVE ( 'NONE', #1801, #4409, #6116, .T. ) ;
#3572 = DIRECTION ( 'NONE',  ( 0.000000000000000000, -1.000000000000000000, -1.508455196501571429E-16 ) ) ;
#3573 = DIRECTION ( 'NONE',  ( -0.000000000000000000, 1.000000000000000000, 0.000000000000000000 ) ) ;
#3574 = CARTESIAN_POINT ( 'NONE',  ( 3.001122346247667938, 0.8753458727129063144, 17.50000000000000355 ) ) ;
#3575 = AXIS2_PLACEMENT_3D ( 'NONE', #6072, #9134, #6112 ) ;
#3576 = CARTESIAN_POINT ( 'NONE',  ( -24.00000000000000000, 5.749999999999999112, -13.12000000000000099 ) ) ;
#3577 = CARTESIAN_POINT ( 'NONE',  ( -21.00000000000000000, -12.37999999999998835, -12.50000000000000178 ) ) ;
#3578 = CARTESIAN_POINT ( 'NONE',  ( 0.000000000000000000, -12.49999999999999822, 2.500000000000001332 ) ) ;
#3579 = ORIENTED_EDGE ( 'NONE', *, *, #4774, .T. ) ;
#3580 = ORIENTED_EDGE ( 'NONE', *, *, #2335, .T. ) ;
#3581 = DIRECTION ( 'NONE',  ( -0.000000000000000000, 1.000000000000000000, 0.000000000000000000 ) ) ;
#3582 = DIRECTION ( 'NONE',  ( 0.000000000000000000, -1.508455196501571429E-16, 1.000000000000000000 ) ) ;
#3583 = DIRECTION ( 'NONE',  ( -1.000000000000000000, -0.000000000000000000, 0.000000000000000000 ) ) ;
#3584 = DIRECTION ( 'NONE',  ( 1.000000000000000000, 0.000000000000000000, 3.154042683594198572E-16 ) ) ;
#3585 = DIRECTION ( 'NONE',  ( -0.000000000000000000, 1.000000000000000000, 0.000000000000000000 ) ) ;
#3586 = ORIENTED_EDGE ( 'NONE', *, *, #2509, .F. ) ;
#3587 = CARTESIAN_POINT ( 'NONE',  ( 29.00000000000000000, 11.99999999999999822, -13.00000000000000000 ) ) ;
#3588 = ORIENTED_EDGE ( 'NONE', *, *, #3303, .T. ) ;
#3589 = ORIENTED_EDGE ( 'NONE', *, *, #8549, .T. ) ;
#3590 = ORIENTED_EDGE ( 'NONE', *, *, #3503, .F. ) ;
#3591 = ORIENTED_EDGE ( 'NONE', *, *, #5713, .F. ) ;
#3592 = FACE_OUTER_BOUND ( 'NONE', #2513, .T. ) ;
#3593 = EDGE_LOOP ( 'NONE', ( #6045, #6242, #6056, #7752, #6605 ) ) ;
#3594 = CARTESIAN_POINT ( 'NONE',  ( -7.329206686002009974E-14, -11.11999999999999922, -4.499999999999998224 ) ) ;
#3595 = ORIENTED_EDGE ( 'NONE', *, *, #9508, .F. ) ;
#3596 = AXIS2_PLACEMENT_3D ( 'NONE', #2363, #4545, #9 ) ;
#3597 = ORIENTED_EDGE ( 'NONE', *, *, #9410, .T. ) ;
#3598 = FACE_OUTER_BOUND ( 'NONE', #5956, .T. ) ;
#3599 = EDGE_LOOP ( 'NONE', ( #8443, #6604, #5701, #2857 ) ) ;
#3600 = ORIENTED_EDGE ( 'NONE', *, *, #543, .T. ) ;
#3601 = CARTESIAN_POINT ( 'NONE',  ( 9.874654127287220362, -6.248877653752255235, 16.11999999999999744 ) ) ;
#3602 = CARTESIAN_POINT ( 'NONE',  ( 21.00000000000000000, -11.11999999999999744, 15.50000000000000178 ) ) ;
#3603 = EDGE_LOOP ( 'NONE', ( #8196, #4297, #3246, #4985 ) ) ;
#3604 = ORIENTED_EDGE ( 'NONE', *, *, #8875, .T. ) ;
#3605 = ORIENTED_EDGE ( 'NONE', *, *, #2656, .F. ) ;
#3606 = DIRECTION ( 'NONE',  ( 0.000000000000000000, 0.000000000000000000, -1.000000000000000000 ) ) ;
#3607 = AXIS2_PLACEMENT_3D ( 'NONE', #3327, #4771, #8658 ) ;
#3608 = EDGE_CURVE ( 'NONE', #344, #5800, #3922, .T. ) ;
#3609 = DIRECTION ( 'NONE',  ( 0.000000000000000000, 0.000000000000000000, -1.000000000000000000 ) ) ;
#3610 = AXIS2_PLACEMENT_3D ( 'NONE', #9440, #7137, #2743 ) ;
#3611 = ORIENTED_EDGE ( 'NONE', *, *, #4334, .F. ) ;
#3612 = DIRECTION ( 'NONE',  ( -0.000000000000000000, 1.000000000000000000, 0.000000000000000000 ) ) ;
#3613 = ADVANCED_FACE ( 'NONE', ( #8152 ), #4102, .T. ) ;
#3614 = DIRECTION ( 'NONE',  ( 0.000000000000000000, -1.508455196501571429E-16, 1.000000000000000000 ) ) ;
#3615 = CARTESIAN_POINT ( 'NONE',  ( 28.88000000000000256, -10.49999999999999822, -12.49999999999999822 ) ) ;
#3616 = EDGE_CURVE ( 'NONE', #9115, #1518, #4718, .T. ) ;
#3617 = AXIS2_PLACEMENT_3D ( 'NONE', #5845, #479, #6482 ) ;
#3618 = CARTESIAN_POINT ( 'NONE',  ( -10.00000000000002665, -11.00000000000000000, -12.87999999999990131 ) ) ;
#3619 = DIRECTION ( 'NONE',  ( -0.000000000000000000, -0.000000000000000000, 1.000000000000000000 ) ) ;
#3620 = AXIS2_PLACEMENT_3D ( 'NONE', #4380, #5946, #5212 ) ;
#3621 = LINE ( 'NONE', #8904, #9284 ) ;
#3622 = ADVANCED_FACE ( 'NONE', ( #8969 ), #1105, .T. ) ;
#3623 = DIRECTION ( 'NONE',  ( -0.000000000000000000, 1.000000000000000000, -0.000000000000000000 ) ) ;
#3624 = CIRCLE ( 'NONE', #8978, 0.4199999999999984857 ) ;
#3625 = ORIENTED_EDGE ( 'NONE', *, *, #8121, .F. ) ;
#3626 = FACE_OUTER_BOUND ( 'NONE', #1608, .T. ) ;
#3627 = CIRCLE ( 'NONE', #171, 0.1200000000000003147 ) ;
#3628 = DIRECTION ( 'NONE',  ( 0.000000000000000000, -1.000000000000000000, 0.000000000000000000 ) ) ;
#3629 = CARTESIAN_POINT ( 'NONE',  ( -27.50000000000000000, 11.87999999999999901, -14.37999999999999901 ) ) ;
#3630 = DIRECTION ( 'NONE',  ( 0.000000000000000000, 0.000000000000000000, 1.000000000000000000 ) ) ;
#3631 = AXIS2_PLACEMENT_3D ( 'NONE', #4354, #1228, #2712 ) ;
#3632 = DIRECTION ( 'NONE',  ( 0.000000000000000000, -1.000000000000000000, 0.000000000000000000 ) ) ;
#3633 = VECTOR ( 'NONE', #713, 1000.000000000000000 ) ;
#3634 = EDGE_CURVE ( 'NONE', #1121, #5433, #1712, .T. ) ;
#3635 = EDGE_CURVE ( 'NONE', #6598, #5278, #6436, .T. ) ;
#3636 = CARTESIAN_POINT ( 'NONE',  ( 21.00000000000000000, -11.00000000000000000, -12.49999999999999822 ) ) ;
#3637 = ORIENTED_EDGE ( 'NONE', *, *, #2036, .F. ) ;
#3638 = ORIENTED_EDGE ( 'NONE', *, *, #8224, .T. ) ;
#3639 = ORIENTED_EDGE ( 'NONE', *, *, #2239, .T. ) ;
#3640 = AXIS2_PLACEMENT_3D ( 'NONE', #2684, #6899, #2595 ) ;
#3641 = ORIENTED_EDGE ( 'NONE', *, *, #7062, .F. ) ;
#3642 = CARTESIAN_POINT ( 'NONE',  ( 27.00000000000000355, -11.11999999999999744, 7.833487943424975342 ) ) ;
#3643 = CIRCLE ( 'NONE', #1743, 2.000000000000000000 ) ;
#3644 = EDGE_LOOP ( 'NONE', ( #495, #8881, #6939, #5607 ) ) ;
#3645 = DIRECTION ( 'NONE',  ( -0.000000000000000000, 1.000000000000000000, 0.000000000000000000 ) ) ;
#3646 = ORIENTED_EDGE ( 'NONE', *, *, #6137, .F. ) ;
#3647 = AXIS2_PLACEMENT_3D ( 'NONE', #9173, #3148, #6153 ) ;
#3648 = ORIENTED_EDGE ( 'NONE', *, *, #4084, .T. ) ;
#3649 = CARTESIAN_POINT ( 'NONE',  ( -21.00000000000000000, -12.37999999999997414, -11.53041406348422626 ) ) ;
#3650 = EDGE_LOOP ( 'NONE', ( #3637, #5027, #4347, #1888, #1473 ) ) ;
#3651 = ORIENTED_EDGE ( 'NONE', *, *, #3062, .T. ) ;
#3652 = DIRECTION ( 'NONE',  ( -0.000000000000000000, -0.000000000000000000, 1.000000000000000000 ) ) ;
#3653 = CIRCLE ( 'NONE', #9163, 1.500000000000000444 ) ;
#3654 = LINE ( 'NONE', #7603, #9453 ) ;
#3655 = DIRECTION ( 'NONE',  ( -1.000000000000000000, 0.000000000000000000, 0.000000000000000000 ) ) ;
#3656 = ORIENTED_EDGE ( 'NONE', *, *, #4232, .T. ) ;
#3657 = ORIENTED_EDGE ( 'NONE', *, *, #5609, .T. ) ;
#3658 = AXIS2_PLACEMENT_3D ( 'NONE', #3372, #3419, #4912 ) ;
#3659 = ORIENTED_EDGE ( 'NONE', *, *, #3697, .T. ) ;
#3660 = ORIENTED_EDGE ( 'NONE', *, *, #2715, .T. ) ;
#3661 = FACE_OUTER_BOUND ( 'NONE', #7293, .T. ) ;
#3662 = CIRCLE ( 'NONE', #676, 1.999999999999998224 ) ;
#3663 = DIRECTION ( 'NONE',  ( -0.000000000000000000, -1.000000000000000000, -0.000000000000000000 ) ) ;
#3664 = TOROIDAL_SURFACE ( 'NONE', #1454, 1.620000000000000329, 0.1199999999999999956 ) ;
#3665 = ORIENTED_EDGE ( 'NONE', *, *, #7104, .F. ) ;
#3666 = DIRECTION ( 'NONE',  ( 0.000000000000000000, 0.000000000000000000, 1.000000000000000000 ) ) ;
#3667 = DIRECTION ( 'NONE',  ( -0.000000000000000000, 1.508455196501571429E-16, -1.000000000000000000 ) ) ;
#3668 = DIRECTION ( 'NONE',  ( -1.000000000000000000, 0.000000000000000000, 0.000000000000000000 ) ) ;
#3669 = MECHANICAL_DESIGN_GEOMETRIC_PRESENTATION_REPRESENTATION (  '', ( #8544 ), #2404 ) ;
#3670 = EDGE_CURVE ( 'NONE', #7979, #7689, #159, .T. ) ;
#3671 = CARTESIAN_POINT ( 'NONE',  ( 0.000000000000000000, -12.37999999999999901, 7.120000000000000995 ) ) ;
#3672 = CARTESIAN_POINT ( 'NONE',  ( 29.00000000000000000, -10.49999999999999822, 15.50000000000000178 ) ) ;
#3673 = VECTOR ( 'NONE', #3245, 1000.000000000000000 ) ;
#3674 = CARTESIAN_POINT ( 'NONE',  ( 24.49999999999999645, -12.37999999999999901, 2.500000000000001332 ) ) ;
#3675 = LINE ( 'NONE', #6725, #6959 ) ;
#3676 = EDGE_CURVE ( 'NONE', #4829, #3932, #9426, .T. ) ;
#3677 = EDGE_CURVE ( 'NONE', #2490, #6598, #5173, .T. ) ;
#3678 = ORIENTED_EDGE ( 'NONE', *, *, #3813, .T. ) ;
#3679 = FACE_OUTER_BOUND ( 'NONE', #234, .T. ) ;
#3680 = TOROIDAL_SURFACE ( 'NONE', #7938, 1.678920238245227292, 0.1199999999999999956 ) ;
#3681 = CARTESIAN_POINT ( 'NONE',  ( 10.12534587271282582, 0.7488776537524508559, 17.50000000000000355 ) ) ;
#3682 = LINE ( 'NONE', #8909, #5299 ) ;
#3683 = ADVANCED_FACE ( 'NONE', ( #1 ), #4491, .T. ) ;
#3684 = CARTESIAN_POINT ( 'NONE',  ( 3.000000000000001776, -11.00000000000000000, -5.879999999999997229 ) ) ;
#3685 = AXIS2_PLACEMENT_3D ( 'NONE', #1147, #2861, #463 ) ;
#3686 = DIRECTION ( 'NONE',  ( 0.000000000000000000, -1.000000000000000000, -0.000000000000000000 ) ) ;
#3687 = CIRCLE ( 'NONE', #6187, 1.500000000000001332 ) ;
#3688 = CYLINDRICAL_SURFACE ( 'NONE', #5575, 1.558920238245226519 ) ;
#3689 = ORIENTED_EDGE ( 'NONE', *, *, #2909, .F. ) ;
#3690 = ORIENTED_EDGE ( 'NONE', *, *, #8317, .T. ) ;
#3691 = ORIENTED_EDGE ( 'NONE', *, *, #2523, .F. ) ;
#3692 = ORIENTED_EDGE ( 'NONE', *, *, #2450, .T. ) ;
#3693 = DIRECTION ( 'NONE',  ( 0.000000000000000000, 0.000000000000000000, -1.000000000000000000 ) ) ;
#3694 = ORIENTED_EDGE ( 'NONE', *, *, #3082, .F. ) ;
#3695 = TOROIDAL_SURFACE ( 'NONE', #2428, 1.620000000000002549, 0.1199999999999999956 ) ;
#3696 = ADVANCED_FACE ( 'NONE', ( #2994, #2949, #6602, #792, #3788, #5954, #9655, #5222, #6793, #6052, #8242, #1321, #7351, #596, #5908, #5864, #8880, #4388, #8191, #8927 ), #2162, .F. ) ;
#3697 = EDGE_CURVE ( 'NONE', #5378, #1842, #6699, .T. ) ;
#3698 = CARTESIAN_POINT ( 'NONE',  ( 29.00000000000000000, -11.00000000000000000, 15.50000000000000178 ) ) ;
#3699 = EDGE_LOOP ( 'NONE', ( #4489, #2648 ) ) ;
#3700 = DIRECTION ( 'NONE',  ( 0.000000000000000000, 1.000000000000000000, -0.000000000000000000 ) ) ;
#3701 = ORIENTED_EDGE ( 'NONE', *, *, #2042, .F. ) ;
#3702 = EDGE_LOOP ( 'NONE', ( #8335, #2772, #8282, #5469, #491 ) ) ;
#3703 = CARTESIAN_POINT ( 'NONE',  ( 0.000000000000000000, -11.00000000000000000, 2.500000000000001332 ) ) ;
#3704 = CARTESIAN_POINT ( 'NONE',  ( 28.88000000000000256, -11.11999999999999922, 15.50000000000000178 ) ) ;
#3705 = DIRECTION ( 'NONE',  ( 0.000000000000000000, 0.000000000000000000, -1.000000000000000000 ) ) ;
#3706 = ORIENTED_EDGE ( 'NONE', *, *, #3697, .F. ) ;
#3707 = ORIENTED_EDGE ( 'NONE', *, *, #2523, .T. ) ;
#3708 = ORIENTED_EDGE ( 'NONE', *, *, #8889, .T. ) ;
#3709 = CARTESIAN_POINT ( 'NONE',  ( -3.000000000000001776, -12.49999999999999822, -9.119999999999999218 ) ) ;
#3710 = CARTESIAN_POINT ( 'NONE',  ( -1.381122346247666721, 0.8753458727129065364, 17.38000000000000611 ) ) ;
#3711 = AXIS2_PLACEMENT_3D ( 'NONE', #6361, #9367, #9569 ) ;
#3712 = AXIS2_PLACEMENT_3D ( 'NONE', #3352, #453, #1226 ) ;
#3713 = DIRECTION ( 'NONE',  ( -0.000000000000000000, -0.000000000000000000, 1.000000000000000000 ) ) ;
#3714 = DIRECTION ( 'NONE',  ( -0.000000000000000000, -0.000000000000000000, 1.000000000000000000 ) ) ;
#3715 = CARTESIAN_POINT ( 'NONE',  ( -24.49999999999999645, -12.49999999999999822, 4.178920238245228624 ) ) ;
#3716 = FACE_OUTER_BOUND ( 'NONE', #5512, .T. ) ;
#3717 = DIRECTION ( 'NONE',  ( -0.000000000000000000, 1.000000000000000000, 0.000000000000000000 ) ) ;
#3718 = VECTOR ( 'NONE', #9712, 1000.000000000000000 ) ;
#3719 = DIRECTION ( 'NONE',  ( 0.000000000000000000, 0.000000000000000000, -1.000000000000000000 ) ) ;
#3720 = CIRCLE ( 'NONE', #414, 0.1200000000000003147 ) ;
#3721 = DIRECTION ( 'NONE',  ( 0.000000000000000000, 0.000000000000000000, -1.000000000000000000 ) ) ;
#3722 = ADVANCED_FACE ( 'NONE', ( #3230 ), #5647, .T. ) ;
#3723 = EDGE_LOOP ( 'NONE', ( #8887, #8902, #1709, #7555 ) ) ;
#3724 = DIRECTION ( 'NONE',  ( 0.000000000000000000, 0.000000000000000000, 1.000000000000000000 ) ) ;
#3725 = FACE_OUTER_BOUND ( 'NONE', #1169, .T. ) ;
#3726 = DIRECTION ( 'NONE',  ( 0.000000000000000000, 0.000000000000000000, 1.000000000000000000 ) ) ;
#3727 = AXIS2_PLACEMENT_3D ( 'NONE', #3533, #5693, #8086 ) ;
#3728 = DIRECTION ( 'NONE',  ( 0.000000000000000000, 0.000000000000000000, 1.000000000000000000 ) ) ;
#3729 = EDGE_CURVE ( 'NONE', #7287, #2211, #1561, .T. ) ;
#3730 = ADVANCED_FACE ( 'NONE', ( #7592 ), #5370, .T. ) ;
#3731 = DIRECTION ( 'NONE',  ( 0.000000000000000000, 0.000000000000000000, -1.000000000000000000 ) ) ;
#3732 = ADVANCED_FACE ( 'NONE', ( #2494 ), #928, .F. ) ;
#3733 = CARTESIAN_POINT ( 'NONE',  ( 11.62534587271282405, 0.7488776537524508559, 16.12000000000000099 ) ) ;
#3734 = EDGE_LOOP ( 'NONE', ( #4855, #1047 ) ) ;
#3735 = ORIENTED_EDGE ( 'NONE', *, *, #7559, .F. ) ;
#3736 = ORIENTED_EDGE ( 'NONE', *, *, #7953, .F. ) ;
#3737 = DIRECTION ( 'NONE',  ( -1.000000000000000000, -0.000000000000000000, -0.000000000000000000 ) ) ;
#3738 = CARTESIAN_POINT ( 'NONE',  ( -9.999999999999927169, -12.49999999999999822, -0.4999999999998998579 ) ) ;
#3739 = EDGE_CURVE ( 'NONE', #1861, #7948, #938, .T. ) ;
#3740 = ORIENTED_EDGE ( 'NONE', *, *, #2771, .T. ) ;
#3741 = EDGE_CURVE ( 'NONE', #7241, #3205, #6627, .T. ) ;
#3742 = ORIENTED_EDGE ( 'NONE', *, *, #2463, .T. ) ;
#3743 = DIRECTION ( 'NONE',  ( 0.000000000000000000, 0.000000000000000000, -1.000000000000000000 ) ) ;
#3744 = EDGE_CURVE ( 'NONE', #3266, #5325, #7072, .T. ) ;
#3745 = ORIENTED_EDGE ( 'NONE', *, *, #6137, .T. ) ;
#3746 = ORIENTED_EDGE ( 'NONE', *, *, #5912, .T. ) ;
#3747 = DIRECTION ( 'NONE',  ( 1.000000000000000000, 0.000000000000000000, 0.000000000000000000 ) ) ;
#3748 = CARTESIAN_POINT ( 'NONE',  ( 22.50000000000000711, 12.00000000000000000, -14.37999999999999723 ) ) ;
#3749 = CARTESIAN_POINT ( 'NONE',  ( 24.49999999999999645, -11.11999999999999922, -7.499999999999999112 ) ) ;
#3750 = ORIENTED_EDGE ( 'NONE', *, *, #1258, .T. ) ;
#3751 = DIRECTION ( 'NONE',  ( 0.000000000000000000, 0.000000000000000000, 1.000000000000000000 ) ) ;
#3752 = EDGE_CURVE ( 'NONE', #1518, #9115, #2023, .T. ) ;
#3753 = DIRECTION ( 'NONE',  ( -0.000000000000000000, 1.000000000000000000, -0.000000000000000000 ) ) ;
#3754 = ADVANCED_FACE ( 'NONE', ( #7636 ), #6938, .T. ) ;
#3755 = AXIS2_PLACEMENT_3D ( 'NONE', #3438, #8579, #1811 ) ;
#3756 = DIRECTION ( 'NONE',  ( -0.000000000000000000, 0.000000000000000000, 1.000000000000000000 ) ) ;
#3757 = FACE_OUTER_BOUND ( 'NONE', #3139, .T. ) ;
#3758 = CARTESIAN_POINT ( 'NONE',  ( -10.12534587271282582, 7.748877653752450634, 17.38000000000000611 ) ) ;
#3759 = DIRECTION ( 'NONE',  ( 1.000000000000000000, 0.000000000000000000, 0.000000000000000000 ) ) ;
#3760 = ORIENTED_EDGE ( 'NONE', *, *, #2035, .T. ) ;
#3761 = LINE ( 'NONE', #5249, #397 ) ;
#3762 = AXIS2_PLACEMENT_3D ( 'NONE', #1015, #1057, #4859 ) ;
#3763 = DIRECTION ( 'NONE',  ( -0.000000000000000000, 1.000000000000000000, -0.000000000000000000 ) ) ;
#3764 = AXIS2_PLACEMENT_3D ( 'NONE', #147, #3135, #4680 ) ;
#3765 = DIRECTION ( 'NONE',  ( 0.000000000000000000, 0.000000000000000000, 1.000000000000000000 ) ) ;
#3766 = ORIENTED_EDGE ( 'NONE', *, *, #8399, .T. ) ;
#3767 = DIRECTION ( 'NONE',  ( -0.000000000000000000, -1.000000000000000000, -0.000000000000000000 ) ) ;
#3768 = TOROIDAL_SURFACE ( 'NONE', #5348, 1.619999999999998996, 0.1199999999999999956 ) ;
#3769 = DIRECTION ( 'NONE',  ( 0.000000000000000000, 0.000000000000000000, -1.000000000000000000 ) ) ;
#3770 = DIRECTION ( 'NONE',  ( 0.000000000000000000, 0.000000000000000000, 1.000000000000000000 ) ) ;
#3771 = CIRCLE ( 'NONE', #6922, 0.1200000000000003147 ) ;
#3772 = CARTESIAN_POINT ( 'NONE',  ( 10.00000000000000178, -12.37999999999999901, -11.99999999999999645 ) ) ;
#3773 = FACE_OUTER_BOUND ( 'NONE', #8043, .T. ) ;
#3774 = VECTOR ( 'NONE', #5448, 1000.000000000000000 ) ;
#3775 = DIRECTION ( 'NONE',  ( 0.000000000000000000, 0.000000000000000000, -1.000000000000000000 ) ) ;
#3776 = AXIS2_PLACEMENT_3D ( 'NONE', #4165, #471, #4960 ) ;
#3777 = FACE_OUTER_BOUND ( 'NONE', #5008, .T. ) ;
#3778 = ORIENTED_EDGE ( 'NONE', *, *, #6810, .F. ) ;
#3779 = VERTEX_POINT ( 'NONE', #7784 ) ;
#3780 = VERTEX_POINT ( 'NONE', #885 ) ;
#3781 = CARTESIAN_POINT ( 'NONE',  ( 10.00000000000000178, -12.37999999999999901, -7.499999999999999112 ) ) ;
#3782 = CARTESIAN_POINT ( 'NONE',  ( -24.49999999999999645, -12.37999999999999901, 2.500000000000001332 ) ) ;
#3783 = AXIS2_PLACEMENT_3D ( 'NONE', #7416, #5933, #8947 ) ;
#3784 = ADVANCED_FACE ( 'NONE', ( #3186 ), #1582, .T. ) ;
#3785 = CIRCLE ( 'NONE', #8675, 0.2999999999999999334 ) ;
#3786 = ORIENTED_EDGE ( 'NONE', *, *, #1012, .T. ) ;
#3787 = CIRCLE ( 'NONE', #1728, 0.1200000000000003147 ) ;
#3788 = FACE_BOUND ( 'NONE', #151, .T. ) ;
#3789 = ORIENTED_EDGE ( 'NONE', *, *, #2431, .T. ) ;
#3790 = DIRECTION ( 'NONE',  ( -0.000000000000000000, -0.000000000000000000, 1.000000000000000000 ) ) ;
#3791 = EDGE_CURVE ( 'NONE', #7089, #1468, #8034, .T. ) ;
#3792 = ORIENTED_EDGE ( 'NONE', *, *, #7289, .F. ) ;
#3793 = ORIENTED_EDGE ( 'NONE', *, *, #6990, .T. ) ;
#3794 = EDGE_CURVE ( 'NONE', #6243, #1376, #6913, .T. ) ;
#3795 = CIRCLE ( 'NONE', #9296, 0.1200000000000003147 ) ;
#3796 = CARTESIAN_POINT ( 'NONE',  ( 16.99999999999999645, 1.727922061357856087, -7.499999999999852562 ) ) ;
#3797 = DIRECTION ( 'NONE',  ( 0.000000000000000000, 0.000000000000000000, 1.000000000000000000 ) ) ;
#3798 = FACE_OUTER_BOUND ( 'NONE', #5387, .T. ) ;
#3799 = AXIS2_PLACEMENT_3D ( 'NONE', #1164, #9343, #5643 ) ;
#3800 = EDGE_CURVE ( 'NONE', #4387, #3193, #9297, .T. ) ;
#3801 = AXIS2_PLACEMENT_3D ( 'NONE', #3550, #4527, #3775 ) ;
#3802 = ORIENTED_EDGE ( 'NONE', *, *, #5357, .T. ) ;
#3803 = DIRECTION ( 'NONE',  ( 0.000000000000000000, 0.000000000000000000, 1.000000000000000000 ) ) ;
#3804 = DIRECTION ( 'NONE',  ( 0.000000000000000000, -1.000000000000000000, -0.000000000000000000 ) ) ;
#3805 = AXIS2_PLACEMENT_3D ( 'NONE', #7870, #375, #965 ) ;
#3806 = DIRECTION ( 'NONE',  ( 1.000000000000000000, 0.000000000000000000, 0.000000000000000000 ) ) ;
#3807 = TOROIDAL_SURFACE ( 'NONE', #2856, 1.880000000000001004, 0.1199999999999999956 ) ;
#3808 = ORIENTED_EDGE ( 'NONE', *, *, #2089, .F. ) ;
#3809 = CARTESIAN_POINT ( 'NONE',  ( 10.12534587271282582, 0.7488776537524508559, 16.12000000000000099 ) ) ;
#3810 = DIRECTION ( 'NONE',  ( 0.000000000000000000, 1.000000000000000000, 0.000000000000000000 ) ) ;
#3811 = ADVANCED_FACE ( 'NONE', ( #8333 ), #6098, .T. ) ;
#3812 = CARTESIAN_POINT ( 'NONE',  ( 9.999999999999927169, -11.11999999999999922, -2.119999999999900631 ) ) ;
#3813 = EDGE_CURVE ( 'NONE', #3529, #5087, #2661, .T. ) ;
#3814 = AXIS2_PLACEMENT_3D ( 'NONE', #3020, #766, #5935 ) ;
#3815 = CARTESIAN_POINT ( 'NONE',  ( 18.49887765375238047, 0.6246541272872884187, 10.50000000000001243 ) ) ;
#3816 = CIRCLE ( 'NONE', #9165, 0.1199999999999998845 ) ;
#3817 = ORIENTED_EDGE ( 'NONE', *, *, #3848, .F. ) ;
#3818 = CIRCLE ( 'NONE', #9322, 1.620000000000001217 ) ;
#3819 = LINE ( 'NONE', #9725, #3147 ) ;
#3820 = CARTESIAN_POINT ( 'NONE',  ( 19.00000000000000355, 10.50000000000000355, 16.00000000000000355 ) ) ;
#3821 = DIRECTION ( 'NONE',  ( 0.000000000000000000, 0.000000000000000000, -1.000000000000000000 ) ) ;
#3822 = AXIS2_PLACEMENT_3D ( 'NONE', #7268, #6465, #5678 ) ;
#3823 = DIRECTION ( 'NONE',  ( 0.000000000000000000, 1.000000000000000000, 0.000000000000000000 ) ) ;
#3824 = CARTESIAN_POINT ( 'NONE',  ( 20.88000000000000966, -10.49999999999999822, 15.50000000000000178 ) ) ;
#3825 = DIRECTION ( 'NONE',  ( 0.000000000000000000, -1.508455196501571429E-16, 1.000000000000000000 ) ) ;
#3826 = TOROIDAL_SURFACE ( 'NONE', #5873, 4.619999999999998330, 0.1199999999999999956 ) ;
#3827 = DIRECTION ( 'NONE',  ( -0.000000000000000000, 1.000000000000000000, 0.000000000000000000 ) ) ;
#3828 = VERTEX_POINT ( 'NONE', #9203 ) ;
#3829 = ORIENTED_EDGE ( 'NONE', *, *, #4490, .F. ) ;
#3830 = ORIENTED_EDGE ( 'NONE', *, *, #6916, .T. ) ;
#3831 = LINE ( 'NONE', #143, #9122 ) ;
#3832 = DIRECTION ( 'NONE',  ( 0.000000000000000000, 0.000000000000000000, 1.000000000000000000 ) ) ;
#3833 = AXIS2_PLACEMENT_3D ( 'NONE', #1834, #2385, #7816 ) ;
#3834 = AXIS2_PLACEMENT_3D ( 'NONE', #1130, #3396, #6402 ) ;
#3835 = ORIENTED_EDGE ( 'NONE', *, *, #4458, .T. ) ;
#3836 = DIRECTION ( 'NONE',  ( -1.000000000000000000, -0.000000000000000000, 0.000000000000000000 ) ) ;
#3837 = ORIENTED_EDGE ( 'NONE', *, *, #4820, .T. ) ;
#3838 = EDGE_LOOP ( 'NONE', ( #6135, #2005, #1328, #4822, #2467 ) ) ;
#3839 = ORIENTED_EDGE ( 'NONE', *, *, #7386, .F. ) ;
#3840 = CARTESIAN_POINT ( 'NONE',  ( -8.625345872712824047, 7.748877653752450634, 16.12000000000000099 ) ) ;
#3841 = ORIENTED_EDGE ( 'NONE', *, *, #1912, .T. ) ;
#3842 = EDGE_LOOP ( 'NONE', ( #4431, #1225, #2091, #4923 ) ) ;
#3843 = AXIS2_PLACEMENT_3D ( 'NONE', #3587, #2690, #3431 ) ;
#3844 = EDGE_CURVE ( 'NONE', #353, #1735, #3274, .T. ) ;
#3845 = VERTEX_POINT ( 'NONE', #536 ) ;
#3846 = LINE ( 'NONE', #1522, #6608 ) ;
#3847 = DIRECTION ( 'NONE',  ( 0.000000000000000000, -1.000000000000000000, 0.000000000000000000 ) ) ;
#3848 = EDGE_CURVE ( 'NONE', #9736, #4387, #5343, .T. ) ;
#3849 = EDGE_CURVE ( 'NONE', #2987, #4155, #3453, .T. ) ;
#3850 = ORIENTED_EDGE ( 'NONE', *, *, #7355, .F. ) ;
#3851 = CARTESIAN_POINT ( 'NONE',  ( -3.000000000000001776, -11.11999999999999922, -7.499999999999998224 ) ) ;
#3852 = ADVANCED_FACE ( 'NONE', ( #3483 ), #389, .F. ) ;
#3853 = LINE ( 'NONE', #2567, #1187 ) ;
#3854 = LINE ( 'NONE', #2231, #7414 ) ;
#3855 = DIRECTION ( 'NONE',  ( 0.000000000000000000, 0.000000000000000000, -1.000000000000000000 ) ) ;
#3856 = AXIS2_PLACEMENT_3D ( 'NONE', #8261, #9087, #2134 ) ;
#3857 = DIRECTION ( 'NONE',  ( 0.000000000000000000, 0.000000000000000000, -1.000000000000000000 ) ) ;
#3858 = ORIENTED_EDGE ( 'NONE', *, *, #741, .T. ) ;
#3859 = CARTESIAN_POINT ( 'NONE',  ( 6.999999999999999112, -11.11999999999999922, 2.499999999999951594 ) ) ;
#3860 = DIRECTION ( 'NONE',  ( 0.000000000000000000, -1.000000000000000000, 0.000000000000000000 ) ) ;
#3861 = DIRECTION ( 'NONE',  ( -0.000000000000000000, -1.000000000000000000, -0.000000000000000000 ) ) ;
#3862 = AXIS2_PLACEMENT_3D ( 'NONE', #1051, #3368, #3912 ) ;
#3863 = AXIS2_PLACEMENT_3D ( 'NONE', #4534, #6000, #839 ) ;
#3864 = EDGE_CURVE ( 'NONE', #9672, #6102, #2844, .T. ) ;
#3865 = EDGE_LOOP ( 'NONE', ( #458, #3385, #8111, #9339 ) ) ;
#3866 = FACE_BOUND ( 'NONE', #2506, .T. ) ;
#3867 = CYLINDRICAL_SURFACE ( 'NONE', #6912, 1.617476254756360587 ) ;
#3868 = DIRECTION ( 'NONE',  ( -1.000000000000000000, -0.000000000000000000, -0.000000000000000000 ) ) ;
#3869 = CARTESIAN_POINT ( 'NONE',  ( 24.00000000000000000, -4.250000000000003553, 4.499999999999995559 ) ) ;
#3870 = AXIS2_PLACEMENT_3D ( 'NONE', #4933, #2610, #5761 ) ;
#3871 = AXIS2_PLACEMENT_3D ( 'NONE', #5773, #6611, #6570 ) ;
#3872 = AXIS2_PLACEMENT_3D ( 'NONE', #5642, #2593, #5598 ) ;
#3873 = ORIENTED_EDGE ( 'NONE', *, *, #4774, .F. ) ;
#3874 = CARTESIAN_POINT ( 'NONE',  ( 2.428612866367529932E-14, -12.37999999999999901, 11.12000000000000099 ) ) ;
#3875 = CARTESIAN_POINT ( 'NONE',  ( 9.874654127287220362, -6.248877653752255235, 16.11999999999999744 ) ) ;
#3876 = EDGE_CURVE ( 'NONE', #749, #6945, #307, .T. ) ;
#3877 = AXIS2_PLACEMENT_3D ( 'NONE', #7649, #1764, #9214 ) ;
#3878 = EDGE_LOOP ( 'NONE', ( #2312, #287, #7796, #8945 ) ) ;
#3879 = ORIENTED_EDGE ( 'NONE', *, *, #427, .F. ) ;
#3880 = AXIS2_PLACEMENT_3D ( 'NONE', #4475, #6685, #8319 ) ;
#3881 = ORIENTED_EDGE ( 'NONE', *, *, #3984, .T. ) ;
#3882 = CARTESIAN_POINT ( 'NONE',  ( -22.50000000000000711, 11.99999999999999645, -13.11999999999999922 ) ) ;
#3883 = FACE_OUTER_BOUND ( 'NONE', #96, .T. ) ;
#3884 = CARTESIAN_POINT ( 'NONE',  ( 20.88000000000000256, 27.00000000000000355, 17.38000000000000611 ) ) ;
#3885 = TOROIDAL_SURFACE ( 'NONE', #99, 1.880000000000000115, 0.1199999999999999956 ) ;
#3886 = ORIENTED_EDGE ( 'NONE', *, *, #6121, .F. ) ;
#3887 = VERTEX_POINT ( 'NONE', #4863 ) ;
#3888 = DIRECTION ( 'NONE',  ( 2.891205793294696372E-15, 0.000000000000000000, -1.000000000000000000 ) ) ;
#3889 = ORIENTED_EDGE ( 'NONE', *, *, #2431, .F. ) ;
#3890 = EDGE_LOOP ( 'NONE', ( #7584, #4282, #8977, #6952, #4913 ) ) ;
#3891 = ORIENTED_EDGE ( 'NONE', *, *, #5301, .F. ) ;
#3892 = EDGE_LOOP ( 'NONE', ( #4580, #3198, #8373, #9253 ) ) ;
#3893 = DIRECTION ( 'NONE',  ( -0.000000000000000000, 1.000000000000000000, -0.000000000000000000 ) ) ;
#3894 = CYLINDRICAL_SURFACE ( 'NONE', #5059, 1.999999999999998224 ) ;
#3895 = CARTESIAN_POINT ( 'NONE',  ( 16.99887765375237692, 0.6246541272872884187, 10.50000000000001243 ) ) ;
#3896 = EDGE_LOOP ( 'NONE', ( #2645, #8833 ) ) ;
#3897 = EDGE_CURVE ( 'NONE', #9386, #2156, #9126, .T. ) ;
#3898 = FACE_OUTER_BOUND ( 'NONE', #3500, .T. ) ;
#3899 = CARTESIAN_POINT ( 'NONE',  ( 19.80000000000000426, -12.37999999999997414, -11.53041406348422626 ) ) ;
#3900 = CARTESIAN_POINT ( 'NONE',  ( -6.999999999999999112, -11.00000000000000000, 2.500000000000001332 ) ) ;
#3901 = FACE_OUTER_BOUND ( 'NONE', #8583, .T. ) ;
#3902 = CARTESIAN_POINT ( 'NONE',  ( -20.88000000000000256, 27.00000000000000355, 16.12000000000000099 ) ) ;
#3903 = EDGE_LOOP ( 'NONE', ( #3025, #8477, #759, #5985 ) ) ;
#3904 = EDGE_CURVE ( 'NONE', #6509, #2013, #1257, .T. ) ;
#3905 = DIRECTION ( 'NONE',  ( 0.000000000000000000, 0.000000000000000000, -1.000000000000000000 ) ) ;
#3906 = LINE ( 'NONE', #2477, #680 ) ;
#3907 = EDGE_CURVE ( 'NONE', #356, #6091, #4571, .T. ) ;
#3908 = EDGE_CURVE ( 'NONE', #3057, #1745, #4070, .T. ) ;
#3909 = EDGE_LOOP ( 'NONE', ( #6455, #2545, #6024, #6134 ) ) ;
#3910 = DIRECTION ( 'NONE',  ( -0.000000000000000000, 1.000000000000000000, -0.000000000000000000 ) ) ;
#3911 = DIRECTION ( 'NONE',  ( -1.000000000000000000, 0.000000000000000000, 0.000000000000000000 ) ) ;
#3912 = DIRECTION ( 'NONE',  ( 0.000000000000000000, 0.000000000000000000, -1.000000000000000000 ) ) ;
#3913 = AXIS2_PLACEMENT_3D ( 'NONE', #8566, #8517, #1700 ) ;
#3914 = CARTESIAN_POINT ( 'NONE',  ( -24.00000000000000000, 7.434871098704542547, 4.499999999999995559 ) ) ;
#3915 = ADVANCED_FACE ( 'NONE', ( #3381 ), #1720, .T. ) ;
#3916 = DIRECTION ( 'NONE',  ( 0.000000000000000000, 0.000000000000000000, -1.000000000000000000 ) ) ;
#3917 = LINE ( 'NONE', #4062, #8385 ) ;
#3918 = CIRCLE ( 'NONE', #5970, 0.1200000000000003147 ) ;
#3919 = EDGE_LOOP ( 'NONE', ( #1954, #5168, #6606, #4341 ) ) ;
#3920 = ORIENTED_EDGE ( 'NONE', *, *, #5646, .F. ) ;
#3921 = EDGE_LOOP ( 'NONE', ( #3981, #4029, #5802, #2796 ) ) ;
#3922 = CIRCLE ( 'NONE', #4867, 1.500000000000000444 ) ;
#3923 = CYLINDRICAL_SURFACE ( 'NONE', #4559, 0.1199999999999985800 ) ;
#3924 = TOROIDAL_SURFACE ( 'NONE', #4250, 1.619999999999999885, 0.1199999999999999956 ) ;
#3925 = EDGE_CURVE ( 'NONE', #738, #8589, #3136, .T. ) ;
#3926 = ADVANCED_FACE ( 'NONE', ( #8571, #7880, #8763 ), #7084, .F. ) ;
#3927 = DIRECTION ( 'NONE',  ( -0.000000000000000000, 1.000000000000000000, 0.000000000000000000 ) ) ;
#3928 = AXIS2_PLACEMENT_3D ( 'NONE', #4525, #3731, #5851 ) ;
#3929 = EDGE_LOOP ( 'NONE', ( #6564, #7622, #8836, #5236, #7044 ) ) ;
#3930 = PLANE ( 'NONE',  #1626 ) ;
#3931 = VERTEX_POINT ( 'NONE', #6386 ) ;
#3932 = VERTEX_POINT ( 'NONE', #436 ) ;
#3933 = CIRCLE ( 'NONE', #1724, 4.499999999999998224 ) ;
#3934 = ORIENTED_EDGE ( 'NONE', *, *, #1695, .F. ) ;
#3935 = ORIENTED_EDGE ( 'NONE', *, *, #2167, .T. ) ;
#3936 = LINE ( 'NONE', #9031, #5037 ) ;
#3937 = VECTOR ( 'NONE', #4469, 1000.000000000000000 ) ;
#3938 = CIRCLE ( 'NONE', #5834, 0.1199999999999985800 ) ;
#3939 = CARTESIAN_POINT ( 'NONE',  ( 28.88000000000000256, -11.11999999999999922, -12.49999999999999822 ) ) ;
#3940 = ORIENTED_EDGE ( 'NONE', *, *, #8610, .T. ) ;
#3941 = AXIS2_PLACEMENT_3D ( 'NONE', #2426, #3298, #5395 ) ;
#3942 = EDGE_LOOP ( 'NONE', ( #5789, #4284, #5706, #9168, #5429 ) ) ;
#3943 = CYLINDRICAL_SURFACE ( 'NONE', #2686, 1.500000000000003109 ) ;
#3944 = DIRECTION ( 'NONE',  ( 1.000000000000000000, 0.000000000000000000, 0.000000000000000000 ) ) ;
#3945 = VERTEX_POINT ( 'NONE', #2597 ) ;
#3946 = EDGE_LOOP ( 'NONE', ( #690, #3766, #7103, #650 ) ) ;
#3947 = CARTESIAN_POINT ( 'NONE',  ( 6.999999999999999112, 1.727922061357856087, 2.499999999999951594 ) ) ;
#3948 = VECTOR ( 'NONE', #6060, 1000.000000000000000 ) ;
#3949 = CARTESIAN_POINT ( 'NONE',  ( 3.000000000000001776, -12.37999999999999901, -5.879999999999997229 ) ) ;
#3950 = CARTESIAN_POINT ( 'NONE',  ( 10.00000000000002665, -11.11999999999999922, -14.49999999999990230 ) ) ;
#3951 = AXIS2_PLACEMENT_3D ( 'NONE', #9359, #3346, #4934 ) ;
#3952 = CARTESIAN_POINT ( 'NONE',  ( 0.000000000000000000, -12.37999999999999901, 2.500000000000001332 ) ) ;
#3953 = DIRECTION ( 'NONE',  ( 0.000000000000000000, 0.000000000000000000, 1.000000000000000000 ) ) ;
#3954 = VECTOR ( 'NONE', #4379, 1000.000000000000000 ) ;
#3955 = AXIS2_PLACEMENT_3D ( 'NONE', #5714, #1324, #8324 ) ;
#3956 = ORIENTED_EDGE ( 'NONE', *, *, #9179, .T. ) ;
#3957 = DIRECTION ( 'NONE',  ( 0.000000000000000000, 0.000000000000000000, -1.000000000000000000 ) ) ;
#3958 = FACE_OUTER_BOUND ( 'NONE', #4394, .T. ) ;
#3959 = EDGE_CURVE ( 'NONE', #6681, #9431, #5601, .T. ) ;
#3960 = DIRECTION ( 'NONE',  ( 0.000000000000000000, -1.000000000000000000, 0.000000000000000000 ) ) ;
#3961 = DIRECTION ( 'NONE',  ( 0.000000000000000000, 0.000000000000000000, 1.000000000000000000 ) ) ;
#3962 = VECTOR ( 'NONE', #8463, 1000.000000000000000 ) ;
#3963 = CARTESIAN_POINT ( 'NONE',  ( 19.00000000000000355, 10.50000000000000355, 17.38000000000000611 ) ) ;
#3964 = AXIS2_PLACEMENT_3D ( 'NONE', #5592, #7178, #5688 ) ;
#3965 = EDGE_CURVE ( 'NONE', #1071, #1651, #2978, .T. ) ;
#3966 = DIRECTION ( 'NONE',  ( 0.000000000000000000, 0.000000000000000000, -1.000000000000000000 ) ) ;
#3967 = ADVANCED_FACE ( 'NONE', ( #1113 ), #4126, .T. ) ;
#3968 = CYLINDRICAL_SURFACE ( 'NONE', #8690, 1.558920238245227186 ) ;
#3969 = VECTOR ( 'NONE', #7061, 1000.000000000000000 ) ;
#3970 = ORIENTED_EDGE ( 'NONE', *, *, #3286, .F. ) ;
#3971 = ORIENTED_EDGE ( 'NONE', *, *, #540, .T. ) ;
#3972 = AXIS2_PLACEMENT_3D ( 'NONE', #4622, #869, #6874 ) ;
#3973 = ADVANCED_FACE ( 'NONE', ( #1948 ), #7560, .T. ) ;
#3974 = DIRECTION ( 'NONE',  ( -1.000000000000000000, 0.000000000000000000, 0.000000000000000000 ) ) ;
#3975 = LINE ( 'NONE', #7782, #9537 ) ;
#3976 = TOROIDAL_SURFACE ( 'NONE', #54, 1.619999999999998996, 0.1199999999999999956 ) ;
#3977 = DIRECTION ( 'NONE',  ( 0.000000000000000000, 0.000000000000000000, -1.000000000000000000 ) ) ;
#3978 = CIRCLE ( 'NONE', #5250, 1.620000000000002549 ) ;
#3979 = ORIENTED_EDGE ( 'NONE', *, *, #7600, .F. ) ;
#3980 = LINE ( 'NONE', #7736, #5720 ) ;
#3981 = ORIENTED_EDGE ( 'NONE', *, *, #904, .T. ) ;
#3982 = EDGE_LOOP ( 'NONE', ( #7343, #3408 ) ) ;
#3983 = CARTESIAN_POINT ( 'NONE',  ( 3.000000000000001776, 1.727922061357856087, -9.000000000000000000 ) ) ;
#3984 = EDGE_CURVE ( 'NONE', #4228, #6524, #3285, .T. ) ;
#3985 = ORIENTED_EDGE ( 'NONE', *, *, #1036, .T. ) ;
#3986 = ADVANCED_FACE ( 'NONE', ( #6731 ), #5504, .T. ) ;
#3987 = DIRECTION ( 'NONE',  ( -1.000000000000000000, 0.000000000000000000, 0.000000000000000000 ) ) ;
#3988 = CIRCLE ( 'NONE', #9654, 1.999999999999998224 ) ;
#3989 = DIRECTION ( 'NONE',  ( 0.000000000000000000, 0.000000000000000000, -1.000000000000000000 ) ) ;
#3990 = CIRCLE ( 'NONE', #4568, 4.620000000000000107 ) ;
#3991 = ORIENTED_EDGE ( 'NONE', *, *, #8511, .T. ) ;
#3992 = CARTESIAN_POINT ( 'NONE',  ( -19.68000000000000327, -11.11999999999999744, -17.50000000000000000 ) ) ;
#3993 = CIRCLE ( 'NONE', #3528, 1.678920238245226848 ) ;
#3994 = CARTESIAN_POINT ( 'NONE',  ( -10.12534587271282582, 6.128877653752448751, 16.00000000000000355 ) ) ;
#3995 = ORIENTED_EDGE ( 'NONE', *, *, #185, .T. ) ;
#3996 = ORIENTED_EDGE ( 'NONE', *, *, #5945, .F. ) ;
#3997 = DIRECTION ( 'NONE',  ( -0.000000000000000000, 1.000000000000000000, 0.000000000000000000 ) ) ;
#3998 = DIRECTION ( 'NONE',  ( 0.000000000000000000, 0.000000000000000000, -1.000000000000000000 ) ) ;
#3999 = DIRECTION ( 'NONE',  ( 0.000000000000000000, 0.000000000000000000, -1.000000000000000000 ) ) ;
#4000 = AXIS2_PLACEMENT_3D ( 'NONE', #9579, #3619, #5004 ) ;
#4001 = DIRECTION ( 'NONE',  ( 0.000000000000000000, 0.000000000000000000, -1.000000000000000000 ) ) ;
#4002 = FACE_OUTER_BOUND ( 'NONE', #6206, .T. ) ;
#4003 = CIRCLE ( 'NONE', #6686, 0.6200000000000007727 ) ;
#4004 = CARTESIAN_POINT ( 'NONE',  ( 21.12000000000000099, -10.49999999999999822, -12.49999999999999822 ) ) ;
#4005 = CIRCLE ( 'NONE', #719, 0.6200000000000007727 ) ;
#4006 = DIRECTION ( 'NONE',  ( 0.000000000000000000, 0.000000000000000000, -1.000000000000000000 ) ) ;
#4007 = DIRECTION ( 'NONE',  ( -0.000000000000000000, 0.000000000000000000, 1.000000000000000000 ) ) ;
#4008 = CARTESIAN_POINT ( 'NONE',  ( -29.00000000000000000, -10.49999999999999289, -14.38000000000000256 ) ) ;
#4009 = FACE_OUTER_BOUND ( 'NONE', #1889, .T. ) ;
#4010 = DIRECTION ( 'NONE',  ( -0.000000000000000000, 1.508455196501571429E-16, -1.000000000000000000 ) ) ;
#4011 = CARTESIAN_POINT ( 'NONE',  ( 21.12000000000000099, -11.00000000000000000, -11.53041406348422626 ) ) ;
#4012 = VECTOR ( 'NONE', #2071, 1000.000000000000000 ) ;
#4013 = ADVANCED_FACE ( 'NONE', ( #734 ), #8657, .T. ) ;
#4014 = CARTESIAN_POINT ( 'NONE',  ( -19.80000000000000426, -11.11999999999998323, -11.53041406348422626 ) ) ;
#4015 = ORIENTED_EDGE ( 'NONE', *, *, #6828, .T. ) ;
#4016 = ORIENTED_EDGE ( 'NONE', *, *, #957, .T. ) ;
#4017 = AXIS2_PLACEMENT_3D ( 'NONE', #5041, #1331, #7159 ) ;
#4018 = ADVANCED_FACE ( 'NONE', ( #5991, #9013, #2248, #2045, #2940, #9691, #6593, #5071, #7528, #5899, #2100, #8866, #1307, #8913, #4327, #5260, #8278, #1456, #9591, #3773 ), #6781, .F. ) ;
#4019 = FACE_OUTER_BOUND ( 'NONE', #7633, .T. ) ;
#4020 = DIRECTION ( 'NONE',  ( 0.000000000000000000, 0.000000000000000000, 1.000000000000000000 ) ) ;
#4021 = AXIS2_PLACEMENT_3D ( 'NONE', #3131, #6139, #7635 ) ;
#4022 = ADVANCED_FACE ( 'NONE', ( #2793 ), #1358, .T. ) ;
#4023 = DIRECTION ( 'NONE',  ( 0.000000000000000000, -1.000000000000000000, 0.000000000000000000 ) ) ;
#4024 = EDGE_CURVE ( 'NONE', #6902, #404, #9435, .T. ) ;
#4025 = AXIS2_PLACEMENT_3D ( 'NONE', #8726, #5613, #396 ) ;
#4026 = AXIS2_PLACEMENT_3D ( 'NONE', #8760, #7984, #2148 ) ;
#4027 = DIRECTION ( 'NONE',  ( -0.000000000000000000, 1.000000000000000000, -0.000000000000000000 ) ) ;
#4028 = ORIENTED_EDGE ( 'NONE', *, *, #5540, .T. ) ;
#4029 = ORIENTED_EDGE ( 'NONE', *, *, #7480, .T. ) ;
#4030 = DIRECTION ( 'NONE',  ( -1.000000000000000000, 0.000000000000000000, 0.000000000000000000 ) ) ;
#4031 = VERTEX_POINT ( 'NONE', #8811 ) ;
#4032 = EDGE_CURVE ( 'NONE', #245, #4083, #8232, .T. ) ;
#4033 = DIRECTION ( 'NONE',  ( 0.000000000000000000, -1.000000000000000000, -0.000000000000000000 ) ) ;
#4034 = EDGE_CURVE ( 'NONE', #1534, #3348, #2983, .T. ) ;
#4035 = DIRECTION ( 'NONE',  ( 0.000000000000000000, 0.000000000000000000, -1.000000000000000000 ) ) ;
#4036 = ORIENTED_EDGE ( 'NONE', *, *, #2308, .T. ) ;
#4037 = AXIS2_PLACEMENT_3D ( 'NONE', #3758, #4556, #1587 ) ;
#4038 = ORIENTED_EDGE ( 'NONE', *, *, #4142, .F. ) ;
#4039 = CARTESIAN_POINT ( 'NONE',  ( 3.001122346247667938, 0.8753458727129063144, 17.50000000000000355 ) ) ;
#4040 = EDGE_CURVE ( 'NONE', #6302, #452, #8091, .T. ) ;
#4041 = VERTEX_POINT ( 'NONE', #634 ) ;
#4042 = CARTESIAN_POINT ( 'NONE',  ( 27.00000000000000355, -12.37999999999997414, 9.833487943424978894 ) ) ;
#4043 = DIRECTION ( 'NONE',  ( 0.000000000000000000, 0.000000000000000000, -1.000000000000000000 ) ) ;
#4044 = EDGE_LOOP ( 'NONE', ( #7242, #3324, #1315, #5630 ) ) ;
#4045 = ORIENTED_EDGE ( 'NONE', *, *, #2403, .T. ) ;
#4046 = VERTEX_POINT ( 'NONE', #9642 ) ;
#4047 = CARTESIAN_POINT ( 'NONE',  ( -3.001122346247667938, -0.7446541272870949024, 16.12000000000000099 ) ) ;
#4048 = CARTESIAN_POINT ( 'NONE',  ( 21.50000000000000711, -12.37999999999998835, 9.713487943424976123 ) ) ;
#4049 = DIRECTION ( 'NONE',  ( -1.000000000000000000, -0.000000000000000000, 0.000000000000000000 ) ) ;
#4050 = PLANE ( 'NONE',  #206 ) ;
#4051 = EDGE_CURVE ( 'NONE', #5229, #6302, #5165, .T. ) ;
#4052 = EDGE_CURVE ( 'NONE', #48, #5219, #7402, .T. ) ;
#4053 = FACE_OUTER_BOUND ( 'NONE', #3921, .T. ) ;
#4054 = CARTESIAN_POINT ( 'NONE',  ( 10.00000000000002665, -12.49999999999999822, -12.87999999999990131 ) ) ;
#4055 = DIRECTION ( 'NONE',  ( 4.841193211655195936E-16, 0.000000000000000000, -1.000000000000000000 ) ) ;
#4056 = DIRECTION ( 'NONE',  ( -0.000000000000000000, 1.508455196501571429E-16, -1.000000000000000000 ) ) ;
#4057 = DIRECTION ( 'NONE',  ( 0.000000000000000000, -1.000000000000000000, 0.000000000000000000 ) ) ;
#4058 = CARTESIAN_POINT ( 'NONE',  ( 29.00000000000000000, -10.49999999999999645, -12.50000000000000178 ) ) ;
#4059 = FACE_OUTER_BOUND ( 'NONE', #5136, .T. ) ;
#4060 = VECTOR ( 'NONE', #3893, 1000.000000000000000 ) ;
#4061 = CARTESIAN_POINT ( 'NONE',  ( 21.50000000000000355, -11.00000000000000000, 9.713487943424976123 ) ) ;
#4062 = CARTESIAN_POINT ( 'NONE',  ( 24.00000000000000000, 4.065128901295450348, 4.499999999999995559 ) ) ;
#4063 = ORIENTED_EDGE ( 'NONE', *, *, #7711, .T. ) ;
#4064 = ORIENTED_EDGE ( 'NONE', *, *, #505, .F. ) ;
#4065 = ORIENTED_EDGE ( 'NONE', *, *, #9715, .T. ) ;
#4066 = AXIS2_PLACEMENT_3D ( 'NONE', #8530, #2649, #345 ) ;
#4067 = CARTESIAN_POINT ( 'NONE',  ( -21.00000000000000000, -10.50000000000000000, 16.12000000000000099 ) ) ;
#4068 = DIRECTION ( 'NONE',  ( 0.000000000000000000, 0.000000000000000000, -1.000000000000000000 ) ) ;
#4069 = CARTESIAN_POINT ( 'NONE',  ( 11.37465412728722391, -6.248877653752255235, 17.38000000000000611 ) ) ;
#4070 = LINE ( 'NONE', #4222, #5982 ) ;
#4071 = AXIS2_PLACEMENT_3D ( 'NONE', #6049, #7536, #788 ) ;
#4072 = AXIS2_PLACEMENT_3D ( 'NONE', #9112, #3927, #8521 ) ;
#4073 = ORIENTED_EDGE ( 'NONE', *, *, #9099, .F. ) ;
#4074 = ORIENTED_EDGE ( 'NONE', *, *, #6909, .F. ) ;
#4075 = ORIENTED_EDGE ( 'NONE', *, *, #613, .F. ) ;
#4076 = CARTESIAN_POINT ( 'NONE',  ( 24.49999999999999645, -11.11999999999999922, 4.058920238245228518 ) ) ;
#4077 = EDGE_LOOP ( 'NONE', ( #1028, #190, #2265, #9529 ) ) ;
#4078 = CARTESIAN_POINT ( 'NONE',  ( -19.80000000000000426, -12.37999999999998835, -11.53041406348422626 ) ) ;
#4079 = AXIS2_PLACEMENT_3D ( 'NONE', #2291, #775, #1598 ) ;
#4080 = ADVANCED_FACE ( 'NONE', ( #1547 ), #2487, .T. ) ;
#4081 = VECTOR ( 'NONE', #7384, 1000.000000000000000 ) ;
#4082 = DIRECTION ( 'NONE',  ( 1.000000000000000000, 0.000000000000000000, -1.224646799147353207E-16 ) ) ;
#4083 = VERTEX_POINT ( 'NONE', #4011 ) ;
#4084 = EDGE_CURVE ( 'NONE', #2633, #9104, #9131, .T. ) ;
#4085 = DIRECTION ( 'NONE',  ( 0.000000000000000000, -1.000000000000000000, 0.000000000000000000 ) ) ;
#4086 = ADVANCED_FACE ( 'NONE', ( #6833 ), #4880, .T. ) ;
#4087 = AXIS2_PLACEMENT_3D ( 'NONE', #8124, #4366, #7324 ) ;
#4088 = FACE_OUTER_BOUND ( 'NONE', #8878, .T. ) ;
#4089 = ORIENTED_EDGE ( 'NONE', *, *, #5675, .F. ) ;
#4090 = ORIENTED_EDGE ( 'NONE', *, *, #6178, .T. ) ;
#4091 = CIRCLE ( 'NONE', #7881, 1.500000000000000666 ) ;
#4092 = ORIENTED_EDGE ( 'NONE', *, *, #426, .T. ) ;
#4093 = AXIS2_PLACEMENT_3D ( 'NONE', #1095, #4007, #1736 ) ;
#4094 = CARTESIAN_POINT ( 'NONE',  ( 9.999999999999927169, -12.37999999999999901, 1.120000000000100915 ) ) ;
#4095 = EDGE_CURVE ( 'NONE', #1376, #6243, #5657, .T. ) ;
#4096 = FACE_OUTER_BOUND ( 'NONE', #4077, .T. ) ;
#4097 = FACE_OUTER_BOUND ( 'NONE', #8241, .T. ) ;
#4098 = CIRCLE ( 'NONE', #1576, 2.000000000000000000 ) ;
#4099 = CARTESIAN_POINT ( 'NONE',  ( -20.88000000000000256, 10.50000000000000355, 17.50000000000000355 ) ) ;
#4100 = EDGE_LOOP ( 'NONE', ( #1325, #2066 ) ) ;
#4101 = AXIS2_PLACEMENT_3D ( 'NONE', #1383, #5776, #658 ) ;
#4102 = TOROIDAL_SURFACE ( 'NONE', #5972, 4.620000000000000107, 0.1199999999999999956 ) ;
#4103 = DIRECTION ( 'NONE',  ( 0.000000000000000000, -1.508455196501571429E-16, 1.000000000000000000 ) ) ;
#4104 = DIRECTION ( 'NONE',  ( 1.000000000000000000, 0.000000000000000000, -5.811872027389895469E-16 ) ) ;
#4105 = AXIS2_PLACEMENT_3D ( 'NONE', #7455, #707, #2956 ) ;
#4106 = ORIENTED_EDGE ( 'NONE', *, *, #9468, .F. ) ;
#4107 = DIRECTION ( 'NONE',  ( 1.000000000000000000, 0.000000000000000000, 0.000000000000000000 ) ) ;
#4108 = FACE_OUTER_BOUND ( 'NONE', #3177, .T. ) ;
#4109 = AXIS2_PLACEMENT_3D ( 'NONE', #8346, #70, #809 ) ;
#4110 = EDGE_CURVE ( 'NONE', #5703, #1462, #8038, .T. ) ;
#4111 = EDGE_CURVE ( 'NONE', #48, #6434, #3771, .T. ) ;
#4112 = DIRECTION ( 'NONE',  ( 0.000000000000000000, 0.000000000000000000, 1.000000000000000000 ) ) ;
#4113 = CYLINDRICAL_SURFACE ( 'NONE', #5930, 0.1200000000000003147 ) ;
#4114 = DIRECTION ( 'NONE',  ( -0.000000000000000000, 1.000000000000000000, 0.000000000000000000 ) ) ;
#4115 = VECTOR ( 'NONE', #4125, 1000.000000000000000 ) ;
#4116 = DIRECTION ( 'NONE',  ( 1.000000000000000000, 0.000000000000000000, 0.000000000000000000 ) ) ;
#4117 = AXIS2_PLACEMENT_3D ( 'NONE', #400, #7749, #4883 ) ;
#4118 = CYLINDRICAL_SURFACE ( 'NONE', #349, 0.1200000000000003147 ) ;
#4119 = ORIENTED_EDGE ( 'NONE', *, *, #7858, .F. ) ;
#4120 = ORIENTED_EDGE ( 'NONE', *, *, #4034, .F. ) ;
#4121 = CIRCLE ( 'NONE', #7436, 1.620000000000000773 ) ;
#4122 = FACE_OUTER_BOUND ( 'NONE', #3702, .T. ) ;
#4123 = CYLINDRICAL_SURFACE ( 'NONE', #6383, 4.499999999999998224 ) ;
#4124 = AXIS2_PLACEMENT_3D ( 'NONE', #7074, #1791, #7127 ) ;
#4125 = DIRECTION ( 'NONE',  ( 0.000000000000000000, -1.000000000000000000, -0.000000000000000000 ) ) ;
#4126 = CYLINDRICAL_SURFACE ( 'NONE', #2033, 0.1199999999999985800 ) ;
#4127 = AXIS2_PLACEMENT_3D ( 'NONE', #9415, #2769, #5042 ) ;
#4128 = ORIENTED_EDGE ( 'NONE', *, *, #6523, .F. ) ;
#4129 = VECTOR ( 'NONE', #5402, 1000.000000000000000 ) ;
#4130 = FACE_OUTER_BOUND ( 'NONE', #3723, .T. ) ;
#4131 = ORIENTED_EDGE ( 'NONE', *, *, #753, .F. ) ;
#4132 = EDGE_LOOP ( 'NONE', ( #5178, #1419 ) ) ;
#4133 = DIRECTION ( 'NONE',  ( 0.000000000000000000, 0.000000000000000000, -1.000000000000000000 ) ) ;
#4134 = VERTEX_POINT ( 'NONE', #4673 ) ;
#4135 = CARTESIAN_POINT ( 'NONE',  ( 5.510910596163088569E-16, -11.11999999999999922, 7.000000000000000888 ) ) ;
#4136 = CIRCLE ( 'NONE', #4767, 1.620000000000001217 ) ;
#4137 = CIRCLE ( 'NONE', #686, 1.619999999999996776 ) ;
#4138 = EDGE_LOOP ( 'NONE', ( #2657, #4529, #9447, #616 ) ) ;
#4139 = FACE_OUTER_BOUND ( 'NONE', #3644, .T. ) ;
#4140 = ORIENTED_EDGE ( 'NONE', *, *, #7129, .F. ) ;
#4141 = DIRECTION ( 'NONE',  ( 0.000000000000000000, 1.000000000000000000, 0.000000000000000000 ) ) ;
#4142 = EDGE_CURVE ( 'NONE', #2168, #6613, #9276, .T. ) ;
#4143 = CARTESIAN_POINT ( 'NONE',  ( 29.00000000000000000, -11.11999999999998323, 7.833487943424975342 ) ) ;
#4144 = EDGE_LOOP ( 'NONE', ( #1106, #2164, #2709, #1263 ) ) ;
#4145 = AXIS2_PLACEMENT_3D ( 'NONE', #3506, #6513, #8155 ) ;
#4146 = ORIENTED_EDGE ( 'NONE', *, *, #5391, .T. ) ;
#4147 = CARTESIAN_POINT ( 'NONE',  ( 2.446982568354740204E-14, -11.11999999999999922, 11.00000000000000178 ) ) ;
#4148 = EDGE_CURVE ( 'NONE', #1417, #3057, #635, .T. ) ;
#4149 = CARTESIAN_POINT ( 'NONE',  ( -19.80000000000000426, -12.37999999999996703, -11.53041406348422626 ) ) ;
#4150 = CARTESIAN_POINT ( 'NONE',  ( -8.625345872712824047, 7.748877653752450634, 17.38000000000000611 ) ) ;
#4151 = ORIENTED_EDGE ( 'NONE', *, *, #3176, .F. ) ;
#4152 = EDGE_CURVE ( 'NONE', #353, #6002, #794, .T. ) ;
#4153 = CIRCLE ( 'NONE', #4477, 0.1200000000000003147 ) ;
#4154 = DIRECTION ( 'NONE',  ( -0.000000000000000000, -0.000000000000000000, 1.000000000000000000 ) ) ;
#4155 = VERTEX_POINT ( 'NONE', #6924 ) ;
#4156 = AXIS2_PLACEMENT_3D ( 'NONE', #7239, #5020, #5075 ) ;
#4157 = CARTESIAN_POINT ( 'NONE',  ( 28.87999999999999901, 10.49999999999999645, -13.00000000000000000 ) ) ;
#4158 = EDGE_CURVE ( 'NONE', #979, #7631, #3124, .T. ) ;
#4159 = DIRECTION ( 'NONE',  ( 0.000000000000000000, 0.000000000000000000, 1.000000000000000000 ) ) ;
#4160 = CARTESIAN_POINT ( 'NONE',  ( -24.49999999999999645, -12.49999999999999822, 0.8210797617547740401 ) ) ;
#4161 = DIRECTION ( 'NONE',  ( -0.000000000000000000, 1.508455196501571429E-16, -1.000000000000000000 ) ) ;
#4162 = AXIS2_PLACEMENT_3D ( 'NONE', #8372, #6734, #1605 ) ;
#4163 = CARTESIAN_POINT ( 'NONE',  ( 29.00000000000000000, 11.87999999999999545, -13.00000000000000000 ) ) ;
#4164 = CARTESIAN_POINT ( 'NONE',  ( 10.00000000000002665, -12.49999999999999822, -14.49999999999990230 ) ) ;
#4165 = CARTESIAN_POINT ( 'NONE',  ( -21.50000000000000711, -12.37999999999998835, 9.713487943424976123 ) ) ;
#4166 = EDGE_CURVE ( 'NONE', #7645, #1929, #1873, .T. ) ;
#4167 = EDGE_CURVE ( 'NONE', #3931, #7091, #3459, .T. ) ;
#4168 = VERTEX_POINT ( 'NONE', #9101 ) ;
#4169 = ORIENTED_EDGE ( 'NONE', *, *, #5653, .F. ) ;
#4170 = DIRECTION ( 'NONE',  ( 0.000000000000000000, 0.000000000000000000, 1.000000000000000000 ) ) ;
#4171 = AXIS2_PLACEMENT_3D ( 'NONE', #7998, #7896, #3547 ) ;
#4172 = DIRECTION ( 'NONE',  ( 0.000000000000000000, 0.000000000000000000, -1.000000000000000000 ) ) ;
#4173 = DIRECTION ( 'NONE',  ( 0.000000000000000000, -1.508455196501571429E-16, 1.000000000000000000 ) ) ;
#4174 = AXIS2_PLACEMENT_3D ( 'NONE', #5191, #1436, #4507 ) ;
#4175 = DIRECTION ( 'NONE',  ( 0.000000000000000000, 1.000000000000000000, 0.000000000000000000 ) ) ;
#4176 = ADVANCED_FACE ( 'NONE', ( #2341 ), #91, .T. ) ;
#4177 = ORIENTED_EDGE ( 'NONE', *, *, #3485, .T. ) ;
#4178 = CARTESIAN_POINT ( 'NONE',  ( 19.80000000000000426, 27.00000000000000355, -11.53041406348422626 ) ) ;
#4179 = TOROIDAL_SURFACE ( 'NONE', #1654, 1.620000000000001217, 0.1199999999999999956 ) ;
#4180 = VERTEX_POINT ( 'NONE', #5354 ) ;
#4181 = ORIENTED_EDGE ( 'NONE', *, *, #5175, .T. ) ;
#4182 = CARTESIAN_POINT ( 'NONE',  ( -3.000000000000001776, -11.00000000000000000, -9.119999999999999218 ) ) ;
#4183 = VERTEX_POINT ( 'NONE', #8368 ) ;
#4184 = DIRECTION ( 'NONE',  ( 0.000000000000000000, 0.000000000000000000, 1.000000000000000000 ) ) ;
#4185 = ORIENTED_EDGE ( 'NONE', *, *, #8691, .F. ) ;
#4186 = AXIS2_PLACEMENT_3D ( 'NONE', #5568, #7795, #3989 ) ;
#4187 = FACE_OUTER_BOUND ( 'NONE', #7741, .T. ) ;
#4188 = CIRCLE ( 'NONE', #5144, 0.1200000000000003147 ) ;
#4189 = EDGE_LOOP ( 'NONE', ( #7389, #9556 ) ) ;
#4190 = CARTESIAN_POINT ( 'NONE',  ( 3.000000000000001776, -11.11999999999999922, -5.879999999999997229 ) ) ;
#4191 = VERTEX_POINT ( 'NONE', #8416 ) ;
#4192 = DIRECTION ( 'NONE',  ( 0.000000000000000000, -1.000000000000000000, -1.508455196501571429E-16 ) ) ;
#4193 = VERTEX_POINT ( 'NONE', #3220 ) ;
#4194 = ORIENTED_EDGE ( 'NONE', *, *, #8080, .F. ) ;
#4195 = EDGE_LOOP ( 'NONE', ( #1913, #1899, #7684, #1369 ) ) ;
#4196 = CIRCLE ( 'NONE', #8304, 0.1199999999999985800 ) ;
#4197 = CARTESIAN_POINT ( 'NONE',  ( 11.74534587271283037, 7.748877653752450634, 17.38000000000000611 ) ) ;
#4198 = CARTESIAN_POINT ( 'NONE',  ( 3.001122346247667938, 0.8753458727129063144, 17.38000000000000611 ) ) ;
#4199 = CARTESIAN_POINT ( 'NONE',  ( -16.99999999999999645, 1.727922061357856087, -7.499999999999852562 ) ) ;
#4200 = CARTESIAN_POINT ( 'NONE',  ( -20.10000000000000853, -12.49999999999999822, -11.11041406348422811 ) ) ;
#4201 = EDGE_CURVE ( 'NONE', #4180, #6969, #8349, .T. ) ;
#4202 = CARTESIAN_POINT ( 'NONE',  ( 3.000000000000001776, 1.727922061357856087, -7.499999999999998224 ) ) ;
#4203 = CARTESIAN_POINT ( 'NONE',  ( -8.625345872712829376, 0.7488776537524508559, 16.12000000000000099 ) ) ;
#4204 = CARTESIAN_POINT ( 'NONE',  ( 24.49999999999999645, -12.37999999999999901, -7.499999999999999112 ) ) ;
#4205 = DIRECTION ( 'NONE',  ( 1.000000000000000000, 0.000000000000000000, 4.841193211655195936E-16 ) ) ;
#4206 = CARTESIAN_POINT ( 'NONE',  ( 6.999999999999999112, -12.37999999999999901, 3.999999999999951594 ) ) ;
#4207 = DIRECTION ( 'NONE',  ( 0.000000000000000000, 0.000000000000000000, 1.000000000000000000 ) ) ;
#4208 = EDGE_CURVE ( 'NONE', #6515, #675, #7773, .T. ) ;
#4209 = DIRECTION ( 'NONE',  ( 0.000000000000000000, -1.000000000000000000, -0.000000000000000000 ) ) ;
#4210 = ORIENTED_EDGE ( 'NONE', *, *, #5548, .F. ) ;
#4211 = DIRECTION ( 'NONE',  ( 0.000000000000000000, -1.000000000000000000, 0.000000000000000000 ) ) ;
#4212 = FACE_OUTER_BOUND ( 'NONE', #5572, .T. ) ;
#4213 = EDGE_CURVE ( 'NONE', #1362, #1745, #918, .T. ) ;
#4214 = ADVANCED_FACE ( 'NONE', ( #6177 ), #802, .T. ) ;
#4215 = EDGE_LOOP ( 'NONE', ( #116, #8081, #3223, #3736 ) ) ;
#4216 = ORIENTED_EDGE ( 'NONE', *, *, #6738, .T. ) ;
#4217 = EDGE_LOOP ( 'NONE', ( #1706, #8730, #5719, #2109 ) ) ;
#4218 = DIRECTION ( 'NONE',  ( -0.000000000000000000, 1.000000000000000000, 0.000000000000000000 ) ) ;
#4219 = DIRECTION ( 'NONE',  ( 0.000000000000000000, 0.000000000000000000, -1.000000000000000000 ) ) ;
#4220 = ADVANCED_FACE ( 'NONE', ( #6326 ), #2992, .T. ) ;
#4221 = CARTESIAN_POINT ( 'NONE',  ( 9.874654127287220362, -6.248877653752255235, 17.50000000000000355 ) ) ;
#4222 = CARTESIAN_POINT ( 'NONE',  ( -20.88000000000000611, -10.49999999999999822, 17.50000000000000355 ) ) ;
#4223 = VERTEX_POINT ( 'NONE', #3417 ) ;
#4224 = CIRCLE ( 'NONE', #3121, 1.558920238245227408 ) ;
#4225 = CARTESIAN_POINT ( 'NONE',  ( 10.00000000000002665, -12.37999999999999901, -14.49999999999990230 ) ) ;
#4226 = ORIENTED_EDGE ( 'NONE', *, *, #7527, .F. ) ;
#4227 = ORIENTED_EDGE ( 'NONE', *, *, #8497, .T. ) ;
#4228 = VERTEX_POINT ( 'NONE', #278 ) ;
#4229 = ORIENTED_EDGE ( 'NONE', *, *, #6947, .T. ) ;
#4230 = CARTESIAN_POINT ( 'NONE',  ( -20.87999999999999190, -12.50000000000000000, 15.50000000000000178 ) ) ;
#4231 = VERTEX_POINT ( 'NONE', #7223 ) ;
#4232 = EDGE_CURVE ( 'NONE', #6969, #5216, #8356, .T. ) ;
#4233 = EDGE_CURVE ( 'NONE', #4938, #6101, #6132, .T. ) ;
#4234 = APPLICATION_PROTOCOL_DEFINITION ( 'draft international standard', 'automotive_design', 1998, #7647 ) ;
#4235 = ORIENTED_EDGE ( 'NONE', *, *, #9625, .F. ) ;
#4236 = AXIS2_PLACEMENT_3D ( 'NONE', #1162, #6983, #1748 ) ;
#4237 = CARTESIAN_POINT ( 'NONE',  ( 10.12534587271282582, -0.7511223462475461465, 16.12000000000000099 ) ) ;
#4238 = CARTESIAN_POINT ( 'NONE',  ( 8.374654127287218586, -6.248877653752255235, 16.11999999999999744 ) ) ;
#4239 = ORIENTED_EDGE ( 'NONE', *, *, #482, .T. ) ;
#4240 = DIRECTION ( 'NONE',  ( 0.000000000000000000, -1.000000000000000000, -0.000000000000000000 ) ) ;
#4241 = ORIENTED_EDGE ( 'NONE', *, *, #5945, .T. ) ;
#4242 = ORIENTED_EDGE ( 'NONE', *, *, #126, .T. ) ;
#4243 = TOROIDAL_SURFACE ( 'NONE', #4079, 1.678920238245227292, 0.1199999999999999956 ) ;
#4244 = CIRCLE ( 'NONE', #285, 0.1200000000000003147 ) ;
#4245 = DIRECTION ( 'NONE',  ( 0.000000000000000000, -1.508455196501571429E-16, 1.000000000000000000 ) ) ;
#4246 = AXIS2_PLACEMENT_3D ( 'NONE', #4921, #4480, #9730 ) ;
#4247 = DIRECTION ( 'NONE',  ( -0.000000000000000000, -0.000000000000000000, 1.000000000000000000 ) ) ;
#4248 = DIRECTION ( 'NONE',  ( 0.000000000000000000, -1.508455196501571429E-16, 1.000000000000000000 ) ) ;
#4249 = DIRECTION ( 'NONE',  ( 5.811872027389895469E-16, 0.000000000000000000, 1.000000000000000000 ) ) ;
#4250 = AXIS2_PLACEMENT_3D ( 'NONE', #9477, #2724, #8747 ) ;
#4251 = VERTEX_POINT ( 'NONE', #7126 ) ;
#4252 = CIRCLE ( 'NONE', #321, 1.500000000000000444 ) ;
#4253 = CARTESIAN_POINT ( 'NONE',  ( -22.19512890129545468, 5.749999999999999112, -13.12000000000000099 ) ) ;
#4254 = FACE_OUTER_BOUND ( 'NONE', #1370, .T. ) ;
#4255 = AXIS2_PLACEMENT_3D ( 'NONE', #3402, #3512, #1137 ) ;
#4256 = CARTESIAN_POINT ( 'NONE',  ( -10.00000000000002665, -11.11999999999999922, -14.49999999999990230 ) ) ;
#4257 = DIRECTION ( 'NONE',  ( 0.000000000000000000, -1.000000000000000000, 0.000000000000000000 ) ) ;
#4258 = CIRCLE ( 'NONE', #170, 1.500000000000001332 ) ;
#4259 = DIRECTION ( 'NONE',  ( -1.000000000000000000, 0.000000000000000000, 4.841193211655195936E-16 ) ) ;
#4260 = AXIS2_PLACEMENT_3D ( 'NONE', #5204, #1498, #6826 ) ;
#4261 = DIRECTION ( 'NONE',  ( -1.000000000000000000, 0.000000000000000000, 0.000000000000000000 ) ) ;
#4262 = CARTESIAN_POINT ( 'NONE',  ( 4.501122346247669270, 0.8753458727129063144, 17.38000000000000611 ) ) ;
#4263 = CIRCLE ( 'NONE', #4593, 0.1200000000000003147 ) ;
#4264 = CARTESIAN_POINT ( 'NONE',  ( 9.874654127287220362, -6.248877653752255235, 16.11999999999999744 ) ) ;
#4265 = EDGE_CURVE ( 'NONE', #6262, #203, #2835, .T. ) ;
#4266 = AXIS2_PLACEMENT_3D ( 'NONE', #7812, #1044, #312 ) ;
#4267 = EDGE_LOOP ( 'NONE', ( #6540, #8055, #5981, #2070 ) ) ;
#4268 = VERTEX_POINT ( 'NONE', #3470 ) ;
#4269 = CARTESIAN_POINT ( 'NONE',  ( -24.49999999999999645, -11.00000000000000000, 2.500000000000001332 ) ) ;
#4270 = CARTESIAN_POINT ( 'NONE',  ( 2.448452144513716976E-14, -11.00000000000000000, 11.12000000000000099 ) ) ;
#4271 = FACE_OUTER_BOUND ( 'NONE', #2178, .T. ) ;
#4272 = CIRCLE ( 'NONE', #7269, 1.620000000000000773 ) ;
#4273 = DIRECTION ( 'NONE',  ( 0.000000000000000000, 0.000000000000000000, -1.000000000000000000 ) ) ;
#4274 = ADVANCED_FACE ( 'NONE', ( #1840 ), #2206, .T. ) ;
#4275 = EDGE_CURVE ( 'NONE', #4363, #2445, #4422, .T. ) ;
#4276 = AXIS2_PLACEMENT_3D ( 'NONE', #5045, #7320, #5186 ) ;
#4277 = DIRECTION ( 'NONE',  ( -0.000000000000000000, -0.000000000000000000, -1.000000000000000000 ) ) ;
#4278 = ORIENTED_EDGE ( 'NONE', *, *, #3876, .F. ) ;
#4279 = AXIS2_PLACEMENT_3D ( 'NONE', #6626, #8074, #1392 ) ;
#4280 = ADVANCED_FACE ( 'NONE', ( #3264 ), #4910, .F. ) ;
#4281 = DIRECTION ( 'NONE',  ( 0.000000000000000000, 0.000000000000000000, -1.000000000000000000 ) ) ;
#4282 = ORIENTED_EDGE ( 'NONE', *, *, #4526, .T. ) ;
#4283 = EDGE_LOOP ( 'NONE', ( #1697, #7154, #4294, #4185, #1767 ) ) ;
#4284 = ORIENTED_EDGE ( 'NONE', *, *, #1366, .T. ) ;
#4285 = AXIS2_PLACEMENT_3D ( 'NONE', #1960, #2982, #5993 ) ;
#4286 = ORIENTED_EDGE ( 'NONE', *, *, #8276, .F. ) ;
#4287 = CYLINDRICAL_SURFACE ( 'NONE', #294, 1.500000000000003109 ) ;
#4288 = AXIS2_PLACEMENT_3D ( 'NONE', #1442, #4465, #6073 ) ;
#4289 = DIRECTION ( 'NONE',  ( -0.000000000000000000, 1.508455196501571429E-16, -1.000000000000000000 ) ) ;
#4290 = CIRCLE ( 'NONE', #980, 0.2999999999999999334 ) ;
#4291 = ORIENTED_EDGE ( 'NONE', *, *, #145, .T. ) ;
#4292 = DIRECTION ( 'NONE',  ( 1.000000000000000000, 0.000000000000000000, 0.000000000000000000 ) ) ;
#4293 = ADVANCED_FACE ( 'NONE', ( #9483 ), #7568, .T. ) ;
#4294 = ORIENTED_EDGE ( 'NONE', *, *, #5192, .F. ) ;
#4295 = DIRECTION ( 'NONE',  ( 0.000000000000000000, 0.000000000000000000, -1.000000000000000000 ) ) ;
#4296 = EDGE_CURVE ( 'NONE', #7725, #7295, #3295, .T. ) ;
#4297 = ORIENTED_EDGE ( 'NONE', *, *, #5080, .T. ) ;
#4298 = VERTEX_POINT ( 'NONE', #5006 ) ;
#4299 = ORIENTED_EDGE ( 'NONE', *, *, #5441, .T. ) ;
#4300 = AXIS2_PLACEMENT_3D ( 'NONE', #5514, #1027, #4133 ) ;
#4301 = CARTESIAN_POINT ( 'NONE',  ( -11.49465412728722313, -6.248877653752255235, 17.38000000000000611 ) ) ;
#4302 = AXIS2_PLACEMENT_3D ( 'NONE', #822, #3861, #6215 ) ;
#4303 = DIRECTION ( 'NONE',  ( -0.000000000000000000, 1.000000000000000000, 0.000000000000000000 ) ) ;
#4304 = DIRECTION ( 'NONE',  ( 0.000000000000000000, -1.000000000000000000, 0.000000000000000000 ) ) ;
#4305 = CARTESIAN_POINT ( 'NONE',  ( -16.99887765375237692, -0.9953458727127123540, 16.12000000000000099 ) ) ;
#4306 = CARTESIAN_POINT ( 'NONE',  ( 16.99887765375237692, -0.9953458727127123540, 16.12000000000000099 ) ) ;
#4307 = CIRCLE ( 'NONE', #7769, 1.499999999999999556 ) ;
#4308 = FACE_OUTER_BOUND ( 'NONE', #6735, .T. ) ;
#4309 = ADVANCED_FACE ( 'NONE', ( #9382 ), #6475, .F. ) ;
#4310 = FACE_OUTER_BOUND ( 'NONE', #4675, .T. ) ;
#4311 = ORIENTED_EDGE ( 'NONE', *, *, #3545, .T. ) ;
#4312 = DIRECTION ( 'NONE',  ( 0.000000000000000000, 0.000000000000000000, 1.000000000000000000 ) ) ;
#4313 = CARTESIAN_POINT ( 'NONE',  ( 10.00000000000002665, 1.727922061357856087, -14.49999999999990230 ) ) ;
#4314 = CIRCLE ( 'NONE', #2883, 0.1200000000000003147 ) ;
#4315 = DIRECTION ( 'NONE',  ( 0.000000000000000000, 0.000000000000000000, -1.000000000000000000 ) ) ;
#4316 = DIRECTION ( 'NONE',  ( 0.000000000000000000, 0.000000000000000000, -1.000000000000000000 ) ) ;
#4317 = DIRECTION ( 'NONE',  ( 0.000000000000000000, 0.000000000000000000, -1.000000000000000000 ) ) ;
#4318 = AXIS2_PLACEMENT_3D ( 'NONE', #8666, #2598, #2550 ) ;
#4319 = EDGE_LOOP ( 'NONE', ( #3934, #3117, #1952, #2213 ) ) ;
#4320 = ORIENTED_EDGE ( 'NONE', *, *, #9653, .F. ) ;
#4321 = CARTESIAN_POINT ( 'NONE',  ( -16.99887765375237692, 0.6246541272872884187, 16.00000000000000000 ) ) ;
#4322 = FACE_OUTER_BOUND ( 'NONE', #9599, .T. ) ;
#4323 = DIRECTION ( 'NONE',  ( -0.000000000000000000, -1.000000000000000000, -0.000000000000000000 ) ) ;
#4324 = DIRECTION ( 'NONE',  ( 0.000000000000000000, -1.000000000000000000, 0.000000000000000000 ) ) ;
#4325 = CIRCLE ( 'NONE', #2270, 1.619999999999999885 ) ;
#4326 = EDGE_CURVE ( 'NONE', #575, #7244, #4258, .T. ) ;
#4327 = FACE_BOUND ( 'NONE', #2410, .T. ) ;
#4328 = EDGE_LOOP ( 'NONE', ( #7131, #7195, #4646, #346 ) ) ;
#4329 = ORIENTED_EDGE ( 'NONE', *, *, #2029, .T. ) ;
#4330 = DIRECTION ( 'NONE',  ( 1.000000000000000000, 0.000000000000000000, -2.891205793294696372E-15 ) ) ;
#4331 = ADVANCED_FACE ( 'NONE', ( #1102 ), #377, .T. ) ;
#4332 = ORIENTED_EDGE ( 'NONE', *, *, #9257, .F. ) ;
#4333 = VERTEX_POINT ( 'NONE', #4061 ) ;
#4334 = EDGE_CURVE ( 'NONE', #5422, #7287, #8512, .T. ) ;
#4335 = VERTEX_POINT ( 'NONE', #8653 ) ;
#4336 = ORIENTED_EDGE ( 'NONE', *, *, #4653, .F. ) ;
#4337 = DIRECTION ( 'NONE',  ( 0.000000000000000000, 0.000000000000000000, 1.000000000000000000 ) ) ;
#4338 = CIRCLE ( 'NONE', #2596, 0.1199999999999985800 ) ;
#4339 = EDGE_CURVE ( 'NONE', #9190, #6494, #6769, .T. ) ;
#4340 = DIRECTION ( 'NONE',  ( 0.000000000000000000, 0.000000000000000000, -1.000000000000000000 ) ) ;
#4341 = ORIENTED_EDGE ( 'NONE', *, *, #9625, .T. ) ;
#4342 = AXIS2_PLACEMENT_3D ( 'NONE', #3615, #5683, #3466 ) ;
#4343 = FACE_OUTER_BOUND ( 'NONE', #592, .T. ) ;
#4344 = CIRCLE ( 'NONE', #1340, 0.1199999999999998845 ) ;
#4345 = EDGE_LOOP ( 'NONE', ( #7787, #4606, #2430, #5454 ) ) ;
#4346 = CARTESIAN_POINT ( 'NONE',  ( -3.000000000000001776, -11.11999999999999922, -5.879999999999997229 ) ) ;
#4347 = ORIENTED_EDGE ( 'NONE', *, *, #7682, .F. ) ;
#4348 = EDGE_CURVE ( 'NONE', #4335, #5753, #1348, .T. ) ;
#4349 = ORIENTED_EDGE ( 'NONE', *, *, #2400, .T. ) ;
#4350 = VERTEX_POINT ( 'NONE', #4415 ) ;
#4351 = EDGE_CURVE ( 'NONE', #7950, #6992, #5358, .T. ) ;
#4352 = CARTESIAN_POINT ( 'NONE',  ( -24.00000000000000000, 5.749999999999999112, -14.50000000000000000 ) ) ;
#4353 = CIRCLE ( 'NONE', #6216, 0.1199999999999985800 ) ;
#4354 = CARTESIAN_POINT ( 'NONE',  ( -21.12000000000000099, -11.11999999999999922, -12.49999999999999822 ) ) ;
#4355 = CARTESIAN_POINT ( 'NONE',  ( 24.00000000000000000, 5.749999999999996447, 4.499999999999995559 ) ) ;
#4356 = AXIS2_PLACEMENT_3D ( 'NONE', #3227, #9245, #4020 ) ;
#4357 = EDGE_CURVE ( 'NONE', #1428, #4393, #1413, .T. ) ;
#4358 = DIRECTION ( 'NONE',  ( -1.000000000000000000, -0.000000000000000000, 0.000000000000000000 ) ) ;
#4359 = CARTESIAN_POINT ( 'NONE',  ( 3.000000000000001776, -11.00000000000000000, -9.119999999999999218 ) ) ;
#4360 = DIRECTION ( 'NONE',  ( -1.000000000000000000, -0.000000000000000000, -0.000000000000000000 ) ) ;
#4361 = VECTOR ( 'NONE', #9613, 1000.000000000000000 ) ;
#4362 = AXIS2_PLACEMENT_3D ( 'NONE', #5209, #826, #9727 ) ;
#4363 = VERTEX_POINT ( 'NONE', #4262 ) ;
#4364 = CARTESIAN_POINT ( 'NONE',  ( 29.00000000000000000, -10.49999999999999822, 15.50000000000000178 ) ) ;
#4365 = ORIENTED_EDGE ( 'NONE', *, *, #6867, .T. ) ;
#4366 = DIRECTION ( 'NONE',  ( 1.000000000000000000, 0.000000000000000000, -1.224646799147353207E-16 ) ) ;
#4367 = DIRECTION ( 'NONE',  ( -0.000000000000000000, 1.508455196501571429E-16, -1.000000000000000000 ) ) ;
#4368 = EDGE_CURVE ( 'NONE', #7725, #7645, #6678, .T. ) ;
#4369 = CARTESIAN_POINT ( 'NONE',  ( -21.00000000000000000, 10.49999999999999112, -14.37999999999999901 ) ) ;
#4370 = ADVANCED_FACE ( 'NONE', ( #5158 ), #2783, .T. ) ;
#4371 = VECTOR ( 'NONE', #8264, 1000.000000000000000 ) ;
#4372 = FACE_OUTER_BOUND ( 'NONE', #7099, .T. ) ;
#4373 = CARTESIAN_POINT ( 'NONE',  ( 24.00000000000000000, -4.250000000000000888, -13.12000000000000099 ) ) ;
#4374 = CARTESIAN_POINT ( 'NONE',  ( 19.00000000000000355, 12.50000000000000178, 10.50000000000001243 ) ) ;
#4375 = ORIENTED_EDGE ( 'NONE', *, *, #2222, .F. ) ;
#4376 = DIRECTION ( 'NONE',  ( -1.000000000000000000, -0.000000000000000000, -4.841193211655195936E-16 ) ) ;
#4377 = CARTESIAN_POINT ( 'NONE',  ( -3.000000000000001776, -11.11999999999999922, -7.499999999999998224 ) ) ;
#4378 = DIRECTION ( 'NONE',  ( -1.000000000000000000, -0.000000000000000000, 0.000000000000000000 ) ) ;
#4379 = DIRECTION ( 'NONE',  ( -0.000000000000000000, -1.000000000000000000, -0.000000000000000000 ) ) ;
#4380 = CARTESIAN_POINT ( 'NONE',  ( -21.11999999999999744, 11.99999999999999822, -14.37999999999999901 ) ) ;
#4381 = CARTESIAN_POINT ( 'NONE',  ( 24.00000000000000000, 7.434871098704542547, 4.499999999999995559 ) ) ;
#4382 = ORIENTED_EDGE ( 'NONE', *, *, #8549, .F. ) ;
#4383 = ORIENTED_EDGE ( 'NONE', *, *, #540, .F. ) ;
#4384 = ORIENTED_EDGE ( 'NONE', *, *, #6213, .F. ) ;
#4385 = ORIENTED_EDGE ( 'NONE', *, *, #7129, .T. ) ;
#4386 = DIRECTION ( 'NONE',  ( -0.000000000000000000, -1.000000000000000000, -0.000000000000000000 ) ) ;
#4387 = VERTEX_POINT ( 'NONE', #6537 ) ;
#4388 = FACE_BOUND ( 'NONE', #6995, .T. ) ;
#4389 = AXIS2_PLACEMENT_3D ( 'NONE', #6600, #6499, #8190 ) ;
#4390 = VERTEX_POINT ( 'NONE', #8175 ) ;
#4391 = VERTEX_POINT ( 'NONE', #7277 ) ;
#4392 = CARTESIAN_POINT ( 'NONE',  ( 11.74534587271282327, 0.7488776537524510779, 17.38000000000000611 ) ) ;
#4393 = VERTEX_POINT ( 'NONE', #526 ) ;
#4394 = EDGE_LOOP ( 'NONE', ( #7207, #2794, #8842, #1567 ) ) ;
#4395 = ADVANCED_FACE ( 'NONE', ( #6583 ), #9138, .T. ) ;
#4396 = DIRECTION ( 'NONE',  ( 0.000000000000000000, 0.000000000000000000, -1.000000000000000000 ) ) ;
#4397 = CIRCLE ( 'NONE', #9417, 4.619999999999998330 ) ;
#4398 = DIRECTION ( 'NONE',  ( -0.000000000000000000, -1.000000000000000000, -0.000000000000000000 ) ) ;
#4399 = FACE_OUTER_BOUND ( 'NONE', #5813, .T. ) ;
#4400 = ORIENTED_EDGE ( 'NONE', *, *, #7217, .T. ) ;
#4401 = EDGE_CURVE ( 'NONE', #7945, #6565, #4091, .T. ) ;
#4402 = DIRECTION ( 'NONE',  ( 0.000000000000000000, 0.000000000000000000, -1.000000000000000000 ) ) ;
#4403 = AXIS2_PLACEMENT_3D ( 'NONE', #8285, #1512, #8239 ) ;
#4404 = DIRECTION ( 'NONE',  ( 0.000000000000000000, 1.000000000000000000, 0.000000000000000000 ) ) ;
#4405 = ADVANCED_FACE ( 'NONE', ( #8077 ), #9679, .F. ) ;
#4406 = AXIS2_PLACEMENT_3D ( 'NONE', #2010, #7150, #3393 ) ;
#4407 = EDGE_LOOP ( 'NONE', ( #3889, #892, #1215, #1216 ) ) ;
#4408 = CARTESIAN_POINT ( 'NONE',  ( -11.62534587271282405, 0.7488776537524510779, 10.50000000000001243 ) ) ;
#4409 = VERTEX_POINT ( 'NONE', #722 ) ;
#4410 = FACE_OUTER_BOUND ( 'NONE', #447, .T. ) ;
#4411 = CARTESIAN_POINT ( 'NONE',  ( -20.88000000000000256, 10.50000000000000355, 17.38000000000000611 ) ) ;
#4412 = AXIS2_PLACEMENT_3D ( 'NONE', #133, #8318, #3119 ) ;
#4413 = DIRECTION ( 'NONE',  ( -1.224646799147439735E-16, 0.000000000000000000, -1.000000000000000000 ) ) ;
#4414 = VECTOR ( 'NONE', #7679, 1000.000000000000000 ) ;
#4415 = CARTESIAN_POINT ( 'NONE',  ( -20.70000000000000284, -12.37999999999996703, -11.23041406348422555 ) ) ;
#4416 = DIRECTION ( 'NONE',  ( -0.000000000000000000, -0.000000000000000000, 1.000000000000000000 ) ) ;
#4417 = AXIS2_PLACEMENT_3D ( 'NONE', #372, #4806, #2483 ) ;
#4418 = EDGE_CURVE ( 'NONE', #297, #2435, #7329, .T. ) ;
#4419 = EDGE_CURVE ( 'NONE', #688, #2693, #9442, .T. ) ;
#4420 = ORIENTED_EDGE ( 'NONE', *, *, #192, .T. ) ;
#4421 = DIRECTION ( 'NONE',  ( 0.000000000000000000, 0.000000000000000000, 1.000000000000000000 ) ) ;
#4422 = CIRCLE ( 'NONE', #2512, 1.500000000000001332 ) ;
#4423 = CIRCLE ( 'NONE', #7575, 1.678920238245227292 ) ;
#4424 = DIRECTION ( 'NONE',  ( 0.000000000000000000, 0.000000000000000000, -1.000000000000000000 ) ) ;
#4425 = CARTESIAN_POINT ( 'NONE',  ( 16.99887765375237692, 0.6246541272872884187, 17.50000000000000355 ) ) ;
#4426 = CARTESIAN_POINT ( 'NONE',  ( -22.31512890129545568, 5.749999999999999112, -13.12000000000000099 ) ) ;
#4427 = CIRCLE ( 'NONE', #3149, 0.1199999999999985800 ) ;
#4428 = CARTESIAN_POINT ( 'NONE',  ( 3.001122346247667938, 0.8753458727129063144, 16.12000000000000099 ) ) ;
#4429 = AXIS2_PLACEMENT_3D ( 'NONE', #9416, #2666, #1926 ) ;
#4430 = CARTESIAN_POINT ( 'NONE',  ( -10.12534587271282582, -0.7511223462475461465, 16.12000000000000099 ) ) ;
#4431 = ORIENTED_EDGE ( 'NONE', *, *, #1333, .T. ) ;
#4432 = ORIENTED_EDGE ( 'NONE', *, *, #1741, .F. ) ;
#4433 = ORIENTED_EDGE ( 'NONE', *, *, #7616, .T. ) ;
#4434 = VECTOR ( 'NONE', #1573, 1000.000000000000000 ) ;
#4435 = VERTEX_POINT ( 'NONE', #3577 ) ;
#4436 = DIRECTION ( 'NONE',  ( -0.000000000000000000, 1.000000000000000000, 0.000000000000000000 ) ) ;
#4437 = EDGE_LOOP ( 'NONE', ( #751, #4446, #8874, #4976 ) ) ;
#4438 = CIRCLE ( 'NONE', #5061, 0.1199999999999998845 ) ;
#4439 = EDGE_LOOP ( 'NONE', ( #5931, #8859, #1310, #6588 ) ) ;
#4440 = CIRCLE ( 'NONE', #6466, 1.500000000000003109 ) ;
#4441 = ORIENTED_EDGE ( 'NONE', *, *, #5439, .F. ) ;
#4442 = VECTOR ( 'NONE', #2756, 1000.000000000000000 ) ;
#4443 = VERTEX_POINT ( 'NONE', #5201 ) ;
#4444 = LINE ( 'NONE', #1421, #9337 ) ;
#4445 = ORIENTED_EDGE ( 'NONE', *, *, #6183, .F. ) ;
#4446 = ORIENTED_EDGE ( 'NONE', *, *, #7369, .F. ) ;
#4447 = CARTESIAN_POINT ( 'NONE',  ( -8.625345872712829376, 0.7488776537524508559, 10.50000000000001243 ) ) ;
#4448 = AXIS2_PLACEMENT_3D ( 'NONE', #9480, #5003, #4413 ) ;
#4449 = CARTESIAN_POINT ( 'NONE',  ( 24.00000000000000000, 5.749999999999999112, -13.12000000000000099 ) ) ;
#4450 = ORIENTED_EDGE ( 'NONE', *, *, #6915, .F. ) ;
#4451 = VECTOR ( 'NONE', #8800, 1000.000000000000000 ) ;
#4452 = EDGE_CURVE ( 'NONE', #763, #738, #4887, .T. ) ;
#4453 = VERTEX_POINT ( 'NONE', #7471 ) ;
#4454 = DIRECTION ( 'NONE',  ( 0.000000000000000000, 0.000000000000000000, -1.000000000000000000 ) ) ;
#4455 = CIRCLE ( 'NONE', #6651, 0.1199999999999998845 ) ;
#4456 = DIRECTION ( 'NONE',  ( -0.000000000000000000, 1.508455196501571429E-16, -1.000000000000000000 ) ) ;
#4457 = AXIS2_PLACEMENT_3D ( 'NONE', #7321, #516, #8988 ) ;
#4459 = ORIENTED_EDGE ( 'NONE', *, *, #6864, .F. ) ;
#4458 = EDGE_CURVE ( 'NONE', #3845, #4959, #6617, .T. ) ;
#4460 = ADVANCED_FACE ( 'NONE', ( #6724 ), #6456, .T. ) ;
#4461 = ORIENTED_EDGE ( 'NONE', *, *, #4751, .F. ) ;
#4462 = FACE_BOUND ( 'NONE', #4132, .T. ) ;
#4463 = CARTESIAN_POINT ( 'NONE',  ( 20.10000000000000853, -11.00000000000000000, -11.11041406348422811 ) ) ;
#4464 = CIRCLE ( 'NONE', #6502, 1.499999999999996891 ) ;
#4465 = DIRECTION ( 'NONE',  ( -1.000000000000000000, 0.000000000000000000, 4.841193211655195936E-16 ) ) ;
#4466 = CARTESIAN_POINT ( 'NONE',  ( 16.99887765375237692, 0.6246541272872884187, 17.38000000000000611 ) ) ;
#4467 = AXIS2_PLACEMENT_3D ( 'NONE', #9573, #8896, #8944 ) ;
#4468 = EDGE_CURVE ( 'NONE', #8778, #8930, #8987, .T. ) ;
#4469 = DIRECTION ( 'NONE',  ( -1.000000000000000000, -0.000000000000000000, 0.000000000000000000 ) ) ;
#4470 = DIRECTION ( 'NONE',  ( 0.000000000000000000, 0.000000000000000000, -1.000000000000000000 ) ) ;
#4471 = ORIENTED_EDGE ( 'NONE', *, *, #4052, .T. ) ;
#4472 = CARTESIAN_POINT ( 'NONE',  ( -20.10000000000000853, -12.37999999999998479, -11.11041406348422633 ) ) ;
#4473 = AXIS2_PLACEMENT_3D ( 'NONE', #2357, #5376, #4644 ) ;
#4474 = CARTESIAN_POINT ( 'NONE',  ( -18.61887765375237791, 0.6246541272872884187, 17.38000000000000611 ) ) ;
#4475 = CARTESIAN_POINT ( 'NONE',  ( 20.10000000000000853, -12.37999999999998835, -11.53041406348422626 ) ) ;
#4476 = DIRECTION ( 'NONE',  ( 0.000000000000000000, 0.000000000000000000, -1.000000000000000000 ) ) ;
#4477 = AXIS2_PLACEMENT_3D ( 'NONE', #5582, #4848, #8411 ) ;
#4478 = EDGE_CURVE ( 'NONE', #5103, #6243, #3621, .T. ) ;
#4479 = ADVANCED_FACE ( 'NONE', ( #33 ), #3070, .F. ) ;
#4480 = DIRECTION ( 'NONE',  ( 0.000000000000000000, 0.000000000000000000, -1.000000000000000000 ) ) ;
#4481 = VECTOR ( 'NONE', #2103, 1000.000000000000000 ) ;
#4482 = DIRECTION ( 'NONE',  ( 0.000000000000000000, 0.000000000000000000, 1.000000000000000000 ) ) ;
#4483 = ORIENTED_EDGE ( 'NONE', *, *, #988, .T. ) ;
#4484 = ORIENTED_EDGE ( 'NONE', *, *, #5121, .F. ) ;
#4485 = ORIENTED_EDGE ( 'NONE', *, *, #8139, .F. ) ;
#4486 = FACE_OUTER_BOUND ( 'NONE', #8769, .T. ) ;
#4487 = TOROIDAL_SURFACE ( 'NONE', #231, 1.620000000000000773, 0.1199999999999999956 ) ;
#4488 = ADVANCED_FACE ( 'NONE', ( #4514 ), #1642, .T. ) ;
#4489 = ORIENTED_EDGE ( 'NONE', *, *, #5891, .T. ) ;
#4490 = EDGE_CURVE ( 'NONE', #2168, #5563, #4252, .T. ) ;
#4491 = CYLINDRICAL_SURFACE ( 'NONE', #9611, 2.000000000000000888 ) ;
#4492 = ORIENTED_EDGE ( 'NONE', *, *, #5498, .T. ) ;
#4493 = ORIENTED_EDGE ( 'NONE', *, *, #2884, .T. ) ;
#4494 = LINE ( 'NONE', #2999, #220 ) ;
#4495 = ORIENTED_EDGE ( 'NONE', *, *, #6213, .T. ) ;
#4496 = EDGE_LOOP ( 'NONE', ( #898, #6931, #6658, #8694 ) ) ;
#4497 = ORIENTED_EDGE ( 'NONE', *, *, #1687, .F. ) ;
#4498 = VECTOR ( 'NONE', #3713, 1000.000000000000000 ) ;
#4499 = DIRECTION ( 'NONE',  ( -0.000000000000000000, -1.000000000000000000, -0.000000000000000000 ) ) ;
#4500 = DIRECTION ( 'NONE',  ( -1.224646799147352961E-16, 1.000000000000000000, 0.000000000000000000 ) ) ;
#4501 = CARTESIAN_POINT ( 'NONE',  ( -7.329206686002009974E-14, -11.00000000000000000, -4.499999999999998224 ) ) ;
#4502 = TOROIDAL_SURFACE ( 'NONE', #9217, 1.620000000000002549, 0.1199999999999999956 ) ;
#4503 = DIRECTION ( 'NONE',  ( 7.302723057389411073E-32, 1.000000000000000000, 1.508455196501571429E-16 ) ) ;
#4504 = CARTESIAN_POINT ( 'NONE',  ( 1.501122346247666606, 0.8753458727129065364, 10.50000000000001243 ) ) ;
#4505 = AXIS2_PLACEMENT_3D ( 'NONE', #8595, #7011, #7059 ) ;
#4506 = CIRCLE ( 'NONE', #6862, 1.684871098704546322 ) ;
#4507 = DIRECTION ( 'NONE',  ( -1.000000000000000000, 0.000000000000000000, 0.000000000000000000 ) ) ;
#4508 = ORIENTED_EDGE ( 'NONE', *, *, #4334, .T. ) ;
#4509 = EDGE_CURVE ( 'NONE', #3101, #5527, #5824, .T. ) ;
#4510 = DIRECTION ( 'NONE',  ( 1.000000000000000000, -0.000000000000000000, -0.000000000000000000 ) ) ;
#4511 = CARTESIAN_POINT ( 'NONE',  ( 24.00000000000000000, -4.250000000000000888, -13.00000000000000000 ) ) ;
#4512 = DIRECTION ( 'NONE',  ( -7.302723057389412168E-32, -1.000000000000000000, -1.508455196501571429E-16 ) ) ;
#4513 = AXIS2_PLACEMENT_3D ( 'NONE', #3055, #6061, #8982 ) ;
#4514 = FACE_OUTER_BOUND ( 'NONE', #5892, .T. ) ;
#4515 = CIRCLE ( 'NONE', #5455, 0.1200000000000003147 ) ;
#4516 = DIRECTION ( 'NONE',  ( 0.000000000000000000, 0.000000000000000000, 1.000000000000000000 ) ) ;
#4517 = VERTEX_POINT ( 'NONE', #3113 ) ;
#4518 = DIRECTION ( 'NONE',  ( 0.000000000000000000, 0.000000000000000000, 1.000000000000000000 ) ) ;
#4519 = EDGE_CURVE ( 'NONE', #5741, #5323, #2364, .T. ) ;
#4520 = CARTESIAN_POINT ( 'NONE',  ( -10.00000000000000178, 1.727922061357856087, -7.499999999999999112 ) ) ;
#4521 = CARTESIAN_POINT ( 'NONE',  ( 10.00000000000002665, -11.11999999999999922, -14.49999999999990230 ) ) ;
#4522 = AXIS2_PLACEMENT_3D ( 'NONE', #2292, #5305, #8365 ) ;
#4523 = DIRECTION ( 'NONE',  ( -0.000000000000000000, 1.508455196501571429E-16, -1.000000000000000000 ) ) ;
#4524 = EDGE_CURVE ( 'NONE', #8236, #2692, #2046, .T. ) ;
#4525 = CARTESIAN_POINT ( 'NONE',  ( -27.50000000000000000, 10.49999999999999112, -13.11999999999999922 ) ) ;
#4526 = EDGE_CURVE ( 'NONE', #4168, #1916, #6462, .T. ) ;
#4527 = DIRECTION ( 'NONE',  ( 0.000000000000000000, -1.000000000000000000, 0.000000000000000000 ) ) ;
#4528 = CARTESIAN_POINT ( 'NONE',  ( 24.00000000000000000, -4.250000000000003553, 4.499999999999995559 ) ) ;
#4529 = ORIENTED_EDGE ( 'NONE', *, *, #7989, .F. ) ;
#4530 = ORIENTED_EDGE ( 'NONE', *, *, #6804, .T. ) ;
#4531 = EDGE_LOOP ( 'NONE', ( #8824, #9661, #5190, #8045 ) ) ;
#4532 = ADVANCED_FACE ( 'NONE', ( #6115 ), #2216, .T. ) ;
#4533 = DIRECTION ( 'NONE',  ( 0.000000000000000000, 0.000000000000000000, -1.000000000000000000 ) ) ;
#4534 = CARTESIAN_POINT ( 'NONE',  ( -21.50000000000000355, -12.37999999999997414, 10.33348794342497712 ) ) ;
#4535 = CARTESIAN_POINT ( 'NONE',  ( 27.00000000000000355, 27.00000000000000355, 7.833487943424975342 ) ) ;
#4536 = EDGE_LOOP ( 'NONE', ( #58, #6143, #5667, #7018 ) ) ;
#4537 = ORIENTED_EDGE ( 'NONE', *, *, #3800, .T. ) ;
#4538 = ORIENTED_EDGE ( 'NONE', *, *, #6652, .T. ) ;
#4539 = DIRECTION ( 'NONE',  ( -1.000000000000000000, 0.000000000000000000, 0.000000000000000000 ) ) ;
#4540 = ORIENTED_EDGE ( 'NONE', *, *, #8855, .F. ) ;
#4541 = EDGE_LOOP ( 'NONE', ( #106, #1761, #9464, #9250, #5913, #8157, #6892, #2718 ) ) ;
#4542 = ORIENTED_EDGE ( 'NONE', *, *, #4653, .T. ) ;
#4543 = EDGE_CURVE ( 'NONE', #498, #7702, #3785, .T. ) ;
#4544 = ADVANCED_FACE ( 'NONE', ( #2476 ), #7517, .F. ) ;
#4545 = DIRECTION ( 'NONE',  ( -0.000000000000000000, 1.000000000000000000, -0.000000000000000000 ) ) ;
#4546 = CYLINDRICAL_SURFACE ( 'NONE', #5837, 1.499999999999997780 ) ;
#4547 = CARTESIAN_POINT ( 'NONE',  ( 21.00000000000000355, 27.00000000000000355, 10.33348794342497712 ) ) ;
#4548 = ORIENTED_EDGE ( 'NONE', *, *, #8561, .T. ) ;
#4549 = CIRCLE ( 'NONE', #5815, 0.1199999999999985800 ) ;
#4550 = ORIENTED_EDGE ( 'NONE', *, *, #5132, .T. ) ;
#4551 = CARTESIAN_POINT ( 'NONE',  ( 16.99887765375237692, 0.6246541272872884187, 16.12000000000000099 ) ) ;
#4552 = DIRECTION ( 'NONE',  ( 1.000000000000000000, 0.000000000000000000, 0.000000000000000000 ) ) ;
#4553 = CIRCLE ( 'NONE', #1543, 0.1200000000000003147 ) ;
#4554 = DIRECTION ( 'NONE',  ( 1.000000000000000000, 0.000000000000000000, 0.000000000000000000 ) ) ;
#4555 = DIRECTION ( 'NONE',  ( -1.000000000000000000, 0.000000000000000000, 0.000000000000000000 ) ) ;
#4556 = DIRECTION ( 'NONE',  ( 0.000000000000000000, 0.000000000000000000, -1.000000000000000000 ) ) ;
#4557 = DIRECTION ( 'NONE',  ( 0.000000000000000000, 0.000000000000000000, -1.000000000000000000 ) ) ;
#4558 = CARTESIAN_POINT ( 'NONE',  ( 9.999999999999927169, -12.49999999999999822, -2.119999999999900631 ) ) ;
#4559 = AXIS2_PLACEMENT_3D ( 'NONE', #5269, #838, #2204 ) ;
#4560 = DIRECTION ( 'NONE',  ( 0.000000000000000000, 0.000000000000000000, -1.000000000000000000 ) ) ;
#4561 = AXIS2_PLACEMENT_3D ( 'NONE', #3698, #1415, #7446 ) ;
#4562 = CARTESIAN_POINT ( 'NONE',  ( 27.00000000000000355, -12.37999999999998124, 7.833487943424975342 ) ) ;
#4563 = ORIENTED_EDGE ( 'NONE', *, *, #2820, .F. ) ;
#4564 = VERTEX_POINT ( 'NONE', #9140 ) ;
#4565 = VERTEX_POINT ( 'NONE', #820 ) ;
#4566 = CARTESIAN_POINT ( 'NONE',  ( -8.505345872712823052, 7.748877653752450634, 17.50000000000000355 ) ) ;
#4567 = CIRCLE ( 'NONE', #4877, 1.619999999999998996 ) ;
#4568 = AXIS2_PLACEMENT_3D ( 'NONE', #3703, #1377, #4396 ) ;
#4569 = CARTESIAN_POINT ( 'NONE',  ( -24.00000000000000000, -4.250000000000000888, -13.00000000000000000 ) ) ;
#4570 = CARTESIAN_POINT ( 'NONE',  ( 3.000000000000001776, -11.11999999999999922, -7.499999999999998224 ) ) ;
#4571 = CIRCLE ( 'NONE', #5351, 0.1199999999999985800 ) ;
#4572 = DIRECTION ( 'NONE',  ( -0.000000000000000000, 1.508455196501571429E-16, -1.000000000000000000 ) ) ;
#4573 = CARTESIAN_POINT ( 'NONE',  ( -16.99887765375237692, 2.244654127287289302, 16.12000000000000099 ) ) ;
#4574 = AXIS2_PLACEMENT_3D ( 'NONE', #1342, #1293, #4312 ) ;
#4575 = EDGE_CURVE ( 'NONE', #3247, #8389, #5342, .T. ) ;
#4576 = CARTESIAN_POINT ( 'NONE',  ( -7.329206686002009974E-14, -12.37999999999999901, -4.499999999999998224 ) ) ;
#4577 = AXIS2_PLACEMENT_3D ( 'NONE', #770, #5483, #9231 ) ;
#4578 = CARTESIAN_POINT ( 'NONE',  ( -19.00000000000000355, 10.50000000000000355, 16.00000000000000355 ) ) ;
#4579 = ORIENTED_EDGE ( 'NONE', *, *, #1318, .F. ) ;
#4580 = ORIENTED_EDGE ( 'NONE', *, *, #6745, .T. ) ;
#4581 = ORIENTED_EDGE ( 'NONE', *, *, #8548, .T. ) ;
#4582 = ADVANCED_FACE ( 'NONE', ( #5442 ), #327, .T. ) ;
#4583 = CARTESIAN_POINT ( 'NONE',  ( -10.00000000000002665, 1.727922061357856087, -14.49999999999990230 ) ) ;
#4584 = DIRECTION ( 'NONE',  ( -0.000000000000000000, 1.000000000000000000, 0.000000000000000000 ) ) ;
#4585 = ADVANCED_FACE ( 'NONE', ( #5298 ), #5832, .T. ) ;
#4586 = AXIS2_PLACEMENT_3D ( 'NONE', #1682, #2472, #6256 ) ;
#4587 = CIRCLE ( 'NONE', #7096, 1.617476254756361476 ) ;
#4588 = AXIS2_PLACEMENT_3D ( 'NONE', #9488, #4376, #7228 ) ;
#4589 = DIRECTION ( 'NONE',  ( 0.000000000000000000, 0.000000000000000000, -1.000000000000000000 ) ) ;
#4590 = ORIENTED_EDGE ( 'NONE', *, *, #9570, .T. ) ;
#4591 = EDGE_CURVE ( 'NONE', #1039, #5022, #7708, .T. ) ;
#4592 = ORIENTED_EDGE ( 'NONE', *, *, #3794, .T. ) ;
#4593 = AXIS2_PLACEMENT_3D ( 'NONE', #4992, #4600, #8161 ) ;
#4594 = ORIENTED_EDGE ( 'NONE', *, *, #4110, .T. ) ;
#4595 = DIRECTION ( 'NONE',  ( 0.000000000000000000, -1.000000000000000000, 0.000000000000000000 ) ) ;
#4596 = ORIENTED_EDGE ( 'NONE', *, *, #1672, .T. ) ;
#4597 = ORIENTED_EDGE ( 'NONE', *, *, #1678, .T. ) ;
#4598 = TOROIDAL_SURFACE ( 'NONE', #8065, 4.620000000000000107, 0.1199999999999999956 ) ;
#4599 = FACE_OUTER_BOUND ( 'NONE', #5690, .T. ) ;
#4600 = DIRECTION ( 'NONE',  ( 1.000000000000000000, -0.000000000000000000, 0.000000000000000000 ) ) ;
#4601 = CARTESIAN_POINT ( 'NONE',  ( 3.000000000000001776, -11.11999999999999922, -7.499999999999998224 ) ) ;
#4602 = AXIS2_PLACEMENT_3D ( 'NONE', #8808, #1305, #7337 ) ;
#4603 = ORIENTED_EDGE ( 'NONE', *, *, #5733, .F. ) ;
#4604 = AXIS2_PLACEMENT_3D ( 'NONE', #4190, #6202, #992 ) ;
#4605 = EDGE_CURVE ( 'NONE', #593, #5760, #3305, .T. ) ;
#4606 = ORIENTED_EDGE ( 'NONE', *, *, #4051, .F. ) ;
#4607 = ADVANCED_FACE ( 'NONE', ( #6964 ), #868, .T. ) ;
#4608 = FACE_OUTER_BOUND ( 'NONE', #7254, .T. ) ;
#4609 = CARTESIAN_POINT ( 'NONE',  ( 28.88000000000000256, -12.49999999999999822, 7.833487943424975342 ) ) ;
#4610 = AXIS2_PLACEMENT_3D ( 'NONE', #3671, #6533, #8173 ) ;
#4611 = CARTESIAN_POINT ( 'NONE',  ( -10.12534587271282582, 7.748877653752450634, 10.50000000000001243 ) ) ;
#4612 = AXIS2_PLACEMENT_3D ( 'NONE', #4854, #5788, #8754 ) ;
#4613 = DIRECTION ( 'NONE',  ( -0.000000000000000000, 1.000000000000000000, 0.000000000000000000 ) ) ;
#4614 = LINE ( 'NONE', #4463, #4371 ) ;
#4615 = DIRECTION ( 'NONE',  ( -0.000000000000000000, 1.000000000000000000, 0.000000000000000000 ) ) ;
#4616 = EDGE_LOOP ( 'NONE', ( #7486, #6219, #9029, #364 ) ) ;
#4617 = CIRCLE ( 'NONE', #4288, 0.4999999999999987232 ) ;
#4618 = LINE ( 'NONE', #5400, #5551 ) ;
#4619 = EDGE_CURVE ( 'NONE', #4952, #384, #8997, .T. ) ;
#4620 = CARTESIAN_POINT ( 'NONE',  ( -3.000000000000001776, -12.37999999999999901, -7.499999999999998224 ) ) ;
#4621 = CIRCLE ( 'NONE', #5865, 1.620000000000001661 ) ;
#4622 = CARTESIAN_POINT ( 'NONE',  ( -7.329206686002009974E-14, -11.11999999999999922, -4.499999999999998224 ) ) ;
#4623 = EDGE_LOOP ( 'NONE', ( #6034, #7874, #7047, #4119, #1863 ) ) ;
#4624 = CIRCLE ( 'NONE', #5405, 1.500000000000002220 ) ;
#4625 = FACE_BOUND ( 'NONE', #4925, .T. ) ;
#4626 = CARTESIAN_POINT ( 'NONE',  ( -24.00000000000000000, -4.250000000000003553, 4.499999999999995559 ) ) ;
#4627 = DIRECTION ( 'NONE',  ( 0.000000000000000000, -1.000000000000000000, 0.000000000000000000 ) ) ;
#4628 = AXIS2_PLACEMENT_3D ( 'NONE', #3446, #3291, #4792 ) ;
#4629 = DIRECTION ( 'NONE',  ( 0.000000000000000000, 0.000000000000000000, 1.000000000000000000 ) ) ;
#4630 = CIRCLE ( 'NONE', #3035, 1.619999999999999885 ) ;
#4631 = DIRECTION ( 'NONE',  ( 0.000000000000000000, 0.000000000000000000, -1.000000000000000000 ) ) ;
#4632 = AXIS2_PLACEMENT_3D ( 'NONE', #8387, #7690, #9073 ) ;
#4633 = DIRECTION ( 'NONE',  ( 0.000000000000000000, 0.000000000000000000, 1.000000000000000000 ) ) ;
#4634 = ORIENTED_EDGE ( 'NONE', *, *, #2287, .F. ) ;
#4635 = ORIENTED_EDGE ( 'NONE', *, *, #5722, .F. ) ;
#4636 = ORIENTED_EDGE ( 'NONE', *, *, #1904, .T. ) ;
#4637 = CARTESIAN_POINT ( 'NONE',  ( -21.00000000000000000, 10.49999999999999112, -14.37999999999999723 ) ) ;
#4638 = CARTESIAN_POINT ( 'NONE',  ( -24.49999999999999645, -11.00000000000000000, 4.178920238245228624 ) ) ;
#4639 = AXIS2_PLACEMENT_3D ( 'NONE', #416, #8699, #1930 ) ;
#4640 = TOROIDAL_SURFACE ( 'NONE', #2422, 1.880000000000000115, 0.1199999999999999956 ) ;
#4641 = DIRECTION ( 'NONE',  ( 0.000000000000000000, 0.000000000000000000, -1.000000000000000000 ) ) ;
#4642 = ORIENTED_EDGE ( 'NONE', *, *, #7168, .F. ) ;
#4643 = ORIENTED_EDGE ( 'NONE', *, *, #3493, .T. ) ;
#4644 = DIRECTION ( 'NONE',  ( 0.000000000000000000, 0.000000000000000000, -1.000000000000000000 ) ) ;
#4645 = ORIENTED_EDGE ( 'NONE', *, *, #2029, .F. ) ;
#4646 = ORIENTED_EDGE ( 'NONE', *, *, #6487, .F. ) ;
#4647 = VECTOR ( 'NONE', #2497, 1000.000000000000000 ) ;
#4648 = ORIENTED_EDGE ( 'NONE', *, *, #3288, .T. ) ;
#4649 = DIRECTION ( 'NONE',  ( 0.000000000000000000, -1.000000000000000000, 0.000000000000000000 ) ) ;
#4650 = ADVANCED_FACE ( 'NONE', ( #6259 ), #1002, .F. ) ;
#4651 = CARTESIAN_POINT ( 'NONE',  ( 6.999999999999999112, -11.11999999999999922, 3.999999999999951594 ) ) ;
#4652 = FACE_OUTER_BOUND ( 'NONE', #9170, .T. ) ;
#4653 = EDGE_CURVE ( 'NONE', #4046, #2209, #3405, .T. ) ;
#4654 = CARTESIAN_POINT ( 'NONE',  ( 17.80000000000000782, -11.00000000000000000, -19.38000000000000256 ) ) ;
#4655 = CARTESIAN_POINT ( 'NONE',  ( 16.99999999999999645, -12.37999999999999901, -8.999999999999852562 ) ) ;
#4656 = EDGE_CURVE ( 'NONE', #7280, #2132, #6290, .T. ) ;
#4657 = CARTESIAN_POINT ( 'NONE',  ( 19.00000000000000355, 10.50000000000000355, 16.12000000000000099 ) ) ;
#4658 = DIRECTION ( 'NONE',  ( -0.000000000000000000, -0.000000000000000000, 1.000000000000000000 ) ) ;
#4659 = AXIS2_PLACEMENT_3D ( 'NONE', #4611, #1584, #4554 ) ;
#4660 = FACE_OUTER_BOUND ( 'NONE', #2564, .T. ) ;
#4661 = DIRECTION ( 'NONE',  ( -0.000000000000000000, 1.000000000000000000, -0.000000000000000000 ) ) ;
#4662 = DIRECTION ( 'NONE',  ( -0.000000000000000000, 1.000000000000000000, -0.000000000000000000 ) ) ;
#4663 = CIRCLE ( 'NONE', #120, 1.500000000000000666 ) ;
#4664 = AXIS2_PLACEMENT_3D ( 'NONE', #6161, #3154, #9183 ) ;
#4665 = LINE ( 'NONE', #2527, #8209 ) ;
#4666 = ADVANCED_FACE ( 'NONE', ( #4899 ), #1779, .T. ) ;
#4667 = EDGE_CURVE ( 'NONE', #8931, #4193, #8599, .T. ) ;
#4668 = DIRECTION ( 'NONE',  ( 0.000000000000000000, -1.000000000000000000, 0.000000000000000000 ) ) ;
#4669 = DIRECTION ( 'NONE',  ( -0.000000000000000000, 1.000000000000000000, -0.000000000000000000 ) ) ;
#4670 = LINE ( 'NONE', #8320, #2854 ) ;
#4671 = AXIS2_PLACEMENT_3D ( 'NONE', #4843, #9270, #7808 ) ;
#4672 = CIRCLE ( 'NONE', #3872, 0.1200000000000003147 ) ;
#4673 = CARTESIAN_POINT ( 'NONE',  ( -11.49465412728722313, -6.248877653752255235, 17.50000000000000355 ) ) ;
#4674 = CARTESIAN_POINT ( 'NONE',  ( 2.448452144513716976E-14, -12.37999999999999901, 7.880000000000001670 ) ) ;
#4675 = EDGE_LOOP ( 'NONE', ( #8918, #9507, #3213, #1552 ) ) ;
#4676 = VERTEX_POINT ( 'NONE', #4157 ) ;
#4677 = ORIENTED_EDGE ( 'NONE', *, *, #787, .F. ) ;
#4678 = DIRECTION ( 'NONE',  ( 0.000000000000000000, 0.000000000000000000, -1.000000000000000000 ) ) ;
#4679 = CARTESIAN_POINT ( 'NONE',  ( -10.12534587271282582, 0.7488776537524508559, 16.12000000000000099 ) ) ;
#4680 = DIRECTION ( 'NONE',  ( 0.000000000000000000, 0.000000000000000000, 1.000000000000000000 ) ) ;
#4681 = AXIS2_PLACEMENT_3D ( 'NONE', #3315, #7069, #5632 ) ;
#4682 = ORIENTED_EDGE ( 'NONE', *, *, #4034, .T. ) ;
#4683 = DIRECTION ( 'NONE',  ( -0.000000000000000000, -1.000000000000000000, -0.000000000000000000 ) ) ;
#4684 = ORIENTED_EDGE ( 'NONE', *, *, #9400, .F. ) ;
#4685 = ORIENTED_EDGE ( 'NONE', *, *, #5860, .F. ) ;
#4686 = ORIENTED_EDGE ( 'NONE', *, *, #907, .T. ) ;
#4687 = CARTESIAN_POINT ( 'NONE',  ( 10.12534587271282582, 2.248877653752447969, 16.12000000000000099 ) ) ;
#4688 = CARTESIAN_POINT ( 'NONE',  ( -24.49999999999999645, -11.00000000000000000, -5.821079761754772264 ) ) ;
#4689 = ORIENTED_EDGE ( 'NONE', *, *, #1489, .T. ) ;
#4690 = CARTESIAN_POINT ( 'NONE',  ( -24.49999999999999645, -12.49999999999999822, -7.499999999999999112 ) ) ;
#4691 = EDGE_CURVE ( 'NONE', #7534, #4191, #1737, .T. ) ;
#4692 = CARTESIAN_POINT ( 'NONE',  ( 2.428612866367529932E-14, -11.00000000000000000, 7.880000000000001670 ) ) ;
#4693 = ORIENTED_EDGE ( 'NONE', *, *, #7543, .T. ) ;
#4694 = CARTESIAN_POINT ( 'NONE',  ( -24.00000000000000000, -2.632523745243640523, -13.12000000000000099 ) ) ;
#4695 = ADVANCED_FACE ( 'NONE', ( #4002 ), #2521, .T. ) ;
#4696 = CARTESIAN_POINT ( 'NONE',  ( 24.49999999999999645, -12.37999999999999901, -9.178920238245225960 ) ) ;
#4697 = DIRECTION ( 'NONE',  ( 0.000000000000000000, 0.000000000000000000, 1.000000000000000000 ) ) ;
#4698 = EDGE_CURVE ( 'NONE', #7848, #1021, #4587, .T. ) ;
#4699 = DIRECTION ( 'NONE',  ( -1.000000000000000000, 0.000000000000000000, 0.000000000000000000 ) ) ;
#4700 = DIRECTION ( 'NONE',  ( 0.000000000000000000, 0.000000000000000000, 1.000000000000000000 ) ) ;
#4701 = VECTOR ( 'NONE', #4875, 1000.000000000000000 ) ;
#4702 = EDGE_CURVE ( 'NONE', #6800, #4517, #3002, .T. ) ;
#4703 = CYLINDRICAL_SURFACE ( 'NONE', #4302, 1.558920238245226519 ) ;
#4704 = ORIENTED_EDGE ( 'NONE', *, *, #4401, .T. ) ;
#4705 = FACE_OUTER_BOUND ( 'NONE', #8983, .T. ) ;
#4706 = CARTESIAN_POINT ( 'NONE',  ( -17.80000000000000782, -12.49999999999999822, -17.50000000000000000 ) ) ;
#4707 = DIRECTION ( 'NONE',  ( 1.000000000000000000, 0.000000000000000000, 0.000000000000000000 ) ) ;
#4708 = DIRECTION ( 'NONE',  ( -0.000000000000000000, 1.000000000000000000, 1.508455196501571429E-16 ) ) ;
#4709 = CIRCLE ( 'NONE', #3762, 0.1199999999999985800 ) ;
#4710 = CARTESIAN_POINT ( 'NONE',  ( -22.50000000000000711, 11.99999999999999289, 4.499999999999997335 ) ) ;
#4711 = CARTESIAN_POINT ( 'NONE',  ( -21.12000000000000099, -12.37999999999998835, -11.53041406348422626 ) ) ;
#4712 = EDGE_CURVE ( 'NONE', #6156, #9395, #4898, .T. ) ;
#4713 = DIRECTION ( 'NONE',  ( -0.000000000000000000, -0.000000000000000000, 1.000000000000000000 ) ) ;
#4714 = ADVANCED_FACE ( 'NONE', ( #4053 ), #1190, .F. ) ;
#4715 = CIRCLE ( 'NONE', #6433, 0.1200000000000003147 ) ;
#4716 = ORIENTED_EDGE ( 'NONE', *, *, #7605, .F. ) ;
#4717 = ORIENTED_EDGE ( 'NONE', *, *, #5796, .T. ) ;
#4718 = CIRCLE ( 'NONE', #8192, 1.619999999999999885 ) ;
#4719 = CARTESIAN_POINT ( 'NONE',  ( -24.00000000000000000, -4.250000000000000888, -13.12000000000000099 ) ) ;
#4720 = DIRECTION ( 'NONE',  ( 0.000000000000000000, 0.000000000000000000, -1.000000000000000000 ) ) ;
#4721 = VECTOR ( 'NONE', #9623, 1000.000000000000000 ) ;
#4722 = DIRECTION ( 'NONE',  ( 5.811872027389895469E-16, -0.000000000000000000, 1.000000000000000000 ) ) ;
#4723 = AXIS2_PLACEMENT_3D ( 'NONE', #3824, #1742, #3966 ) ;
#4724 = ORIENTED_EDGE ( 'NONE', *, *, #6016, .F. ) ;
#4725 = DIRECTION ( 'NONE',  ( 0.000000000000000000, 0.000000000000000000, 1.000000000000000000 ) ) ;
#4726 = ORIENTED_EDGE ( 'NONE', *, *, #695, .F. ) ;
#4727 = ORIENTED_EDGE ( 'NONE', *, *, #7166, .F. ) ;
#4728 = DIRECTION ( 'NONE',  ( 0.000000000000000000, 1.000000000000000000, 0.000000000000000000 ) ) ;
#4729 = AXIS2_PLACEMENT_3D ( 'NONE', #3900, #3156, #1775 ) ;
#4730 = ORIENTED_EDGE ( 'NONE', *, *, #6810, .T. ) ;
#4731 = LINE ( 'NONE', #7695, #5793 ) ;
#4732 = AXIS2_PLACEMENT_3D ( 'NONE', #4373, #7376, #623 ) ;
#4733 = CIRCLE ( 'NONE', #2207, 0.1200000000000003147 ) ;
#4734 = CARTESIAN_POINT ( 'NONE',  ( -28.87999999999999901, -10.49999999999999645, -12.50000000000000178 ) ) ;
#4735 = AXIS2_PLACEMENT_3D ( 'NONE', #9664, #852, #3797 ) ;
#4736 = VERTEX_POINT ( 'NONE', #3458 ) ;
#4737 = CARTESIAN_POINT ( 'NONE',  ( 6.999999999999999112, -12.37999999999999901, 0.8799999999999511546 ) ) ;
#4738 = AXIS2_PLACEMENT_3D ( 'NONE', #1142, #5626, #8643 ) ;
#4739 = DIRECTION ( 'NONE',  ( 0.000000000000000000, 0.000000000000000000, 1.000000000000000000 ) ) ;
#4740 = VERTEX_POINT ( 'NONE', #9470 ) ;
#4741 = DIRECTION ( 'NONE',  ( 0.000000000000000000, 0.000000000000000000, 1.000000000000000000 ) ) ;
#4742 = AXIS2_PLACEMENT_3D ( 'NONE', #5013, #2792, #2838 ) ;
#4743 = LINE ( 'NONE', #1636, #8204 ) ;
#4744 = DIRECTION ( 'NONE',  ( -1.000000000000000000, 0.000000000000000000, 0.000000000000000000 ) ) ;
#4745 = EDGE_CURVE ( 'NONE', #153, #591, #8059, .T. ) ;
#4746 = AXIS2_PLACEMENT_3D ( 'NONE', #2128, #8742, #1977 ) ;
#4747 = DIRECTION ( 'NONE',  ( 0.000000000000000000, 0.000000000000000000, -1.000000000000000000 ) ) ;
#4748 = DIRECTION ( 'NONE',  ( 0.000000000000000000, 0.000000000000000000, -1.000000000000000000 ) ) ;
#4749 = AXIS2_PLACEMENT_3D ( 'NONE', #7220, #2875, #1296 ) ;
#4750 = CARTESIAN_POINT ( 'NONE',  ( 29.00000000000000000, -10.49999999999999822, -13.11999999999999922 ) ) ;
#4751 = EDGE_CURVE ( 'NONE', #3505, #8093, #8520, .T. ) ;
#4752 = EDGE_CURVE ( 'NONE', #430, #6192, #8545, .T. ) ;
#4753 = AXIS2_PLACEMENT_3D ( 'NONE', #5810, #7484, #9456 ) ;
#4754 = ORIENTED_EDGE ( 'NONE', *, *, #3959, .F. ) ;
#4755 = DIRECTION ( 'NONE',  ( -0.000000000000000000, 1.508455196501571429E-16, -1.000000000000000000 ) ) ;
#4756 = CARTESIAN_POINT ( 'NONE',  ( 16.99999999999999645, -11.11999999999999922, -7.499999999999852562 ) ) ;
#4757 = CARTESIAN_POINT ( 'NONE',  ( -22.50000000000000711, 11.99999999999999645, -14.37999999999999723 ) ) ;
#4758 = CARTESIAN_POINT ( 'NONE',  ( 9.874654127287220362, -6.248877653752255235, 16.00000000000000000 ) ) ;
#4759 = AXIS2_PLACEMENT_3D ( 'NONE', #7857, #169, #3159 ) ;
#4760 = EDGE_CURVE ( 'NONE', #8722, #8802, #810, .T. ) ;
#4761 = CARTESIAN_POINT ( 'NONE',  ( -3.000000000000001776, -11.11999999999999922, -7.499999999999998224 ) ) ;
#4762 = AXIS2_PLACEMENT_3D ( 'NONE', #8952, #7424, #673 ) ;
#4763 = DIRECTION ( 'NONE',  ( 0.000000000000000000, 1.000000000000000000, 0.000000000000000000 ) ) ;
#4764 = CARTESIAN_POINT ( 'NONE',  ( -1.501122346247666606, 0.8753458727129063144, 10.50000000000001243 ) ) ;
#4765 = EDGE_CURVE ( 'NONE', #2016, #8682, #26, .T. ) ;
#4766 = EDGE_CURVE ( 'NONE', #4046, #3420, #1270, .T. ) ;
#4767 = AXIS2_PLACEMENT_3D ( 'NONE', #5608, #7944, #1170 ) ;
#4768 = ORIENTED_EDGE ( 'NONE', *, *, #9503, .T. ) ;
#4769 = VERTEX_POINT ( 'NONE', #1231 ) ;
#4770 = AXIS2_PLACEMENT_3D ( 'NONE', #4253, #1232, #1191 ) ;
#4771 = DIRECTION ( 'NONE',  ( -1.000000000000000000, -0.000000000000000000, -0.000000000000000000 ) ) ;
#4772 = DIRECTION ( 'NONE',  ( 0.000000000000000000, 0.000000000000000000, -1.000000000000000000 ) ) ;
#4773 = ADVANCED_FACE ( 'NONE', ( #514 ), #5523, .T. ) ;
#4774 = EDGE_CURVE ( 'NONE', #1422, #7852, #2679, .T. ) ;
#4775 = AXIS2_PLACEMENT_3D ( 'NONE', #7789, #342, #7144 ) ;
#4776 = DIRECTION ( 'NONE',  ( -1.000000000000000000, 0.000000000000000000, 2.891205793294696372E-15 ) ) ;
#4777 = AXIS2_PLACEMENT_3D ( 'NONE', #8120, #5778, #2077 ) ;
#4778 = ORIENTED_EDGE ( 'NONE', *, *, #6067, .T. ) ;
#4779 = DIRECTION ( 'NONE',  ( -1.000000000000000000, -0.000000000000000000, -0.000000000000000000 ) ) ;
#4780 = VERTEX_POINT ( 'NONE', #9571 ) ;
#4781 = ORIENTED_EDGE ( 'NONE', *, *, #4619, .T. ) ;
#4782 = CARTESIAN_POINT ( 'NONE',  ( -6.999999999999999112, -11.11999999999999922, 2.500000000000001332 ) ) ;
#4783 = VERTEX_POINT ( 'NONE', #6714 ) ;
#4784 = CYLINDRICAL_SURFACE ( 'NONE', #7385, 0.1199999999999985800 ) ;
#4785 = AXIS2_PLACEMENT_3D ( 'NONE', #7449, #5914, #8109 ) ;
#4786 = ADVANCED_FACE ( 'NONE', ( #5925 ), #8216, .T. ) ;
#4787 = EDGE_CURVE ( 'NONE', #5378, #5662, #9451, .T. ) ;
#4788 = FACE_OUTER_BOUND ( 'NONE', #2933, .T. ) ;
#4789 = DIRECTION ( 'NONE',  ( 0.000000000000000000, -1.000000000000000000, 0.000000000000000000 ) ) ;
#4790 = DIRECTION ( 'NONE',  ( 0.000000000000000000, 0.000000000000000000, -1.000000000000000000 ) ) ;
#4791 = AXIS2_PLACEMENT_3D ( 'NONE', #1262, #4281, #5854 ) ;
#4792 = DIRECTION ( 'NONE',  ( 0.000000000000000000, 0.000000000000000000, 1.000000000000000000 ) ) ;
#4793 = VERTEX_POINT ( 'NONE', #4359 ) ;
#4794 = ORIENTED_EDGE ( 'NONE', *, *, #5345, .T. ) ;
#4795 = ORIENTED_EDGE ( 'NONE', *, *, #7318, .T. ) ;
#4796 = DIRECTION ( 'NONE',  ( -0.000000000000000000, 1.000000000000000000, -0.000000000000000000 ) ) ;
#4797 = CARTESIAN_POINT ( 'NONE',  ( 10.00000000000002665, -11.11999999999999922, -14.49999999999990230 ) ) ;
#4798 = DIRECTION ( 'NONE',  ( 0.000000000000000000, 0.000000000000000000, -1.000000000000000000 ) ) ;
#4799 = AXIS2_PLACEMENT_3D ( 'NONE', #2345, #8281, #9733 ) ;
#4800 = DIRECTION ( 'NONE',  ( 0.000000000000000000, 0.000000000000000000, -1.000000000000000000 ) ) ;
#4801 = DIRECTION ( 'NONE',  ( -0.000000000000000000, -1.000000000000000000, -0.000000000000000000 ) ) ;
#4802 = DIRECTION ( 'NONE',  ( 0.000000000000000000, -1.508455196501571429E-16, 1.000000000000000000 ) ) ;
#4803 = AXIS2_PLACEMENT_3D ( 'NONE', #5105, #1148, #5681 ) ;
#4804 = DIRECTION ( 'NONE',  ( 0.000000000000000000, 0.000000000000000000, 1.000000000000000000 ) ) ;
#4805 = DIRECTION ( 'NONE',  ( -0.000000000000000000, 1.508455196501571429E-16, -1.000000000000000000 ) ) ;
#4806 = DIRECTION ( 'NONE',  ( 0.000000000000000000, -1.508455196501571429E-16, 1.000000000000000000 ) ) ;
#4807 = CARTESIAN_POINT ( 'NONE',  ( -10.12534587271282582, 6.128877653752448751, 16.12000000000000099 ) ) ;
#4808 = DIRECTION ( 'NONE',  ( -1.000000000000000000, 0.000000000000000000, 0.000000000000000000 ) ) ;
#4809 = DIRECTION ( 'NONE',  ( 0.000000000000000000, 0.000000000000000000, 1.000000000000000000 ) ) ;
#4810 = AXIS2_PLACEMENT_3D ( 'NONE', #3947, #1681, #263 ) ;
#4811 = DIRECTION ( 'NONE',  ( -0.000000000000000000, -0.000000000000000000, 1.000000000000000000 ) ) ;
#4812 = ADVANCED_FACE ( 'NONE', ( #2917 ), #5369, .T. ) ;
#4813 = ORIENTED_EDGE ( 'NONE', *, *, #7257, .T. ) ;
#4814 = ORIENTED_EDGE ( 'NONE', *, *, #7494, .T. ) ;
#4815 = CIRCLE ( 'NONE', #8142, 1.620000000000001217 ) ;
#4816 = CYLINDRICAL_SURFACE ( 'NONE', #2611, 0.5000000000000004441 ) ;
#4817 = AXIS2_PLACEMENT_3D ( 'NONE', #5506, #1109, #974 ) ;
#4818 = CARTESIAN_POINT ( 'NONE',  ( 9.999999999999927169, -12.37999999999999901, -2.119999999999900631 ) ) ;
#4819 = EDGE_CURVE ( 'NONE', #6894, #785, #8843, .T. ) ;
#4820 = EDGE_CURVE ( 'NONE', #9497, #4780, #7101, .T. ) ;
#4821 = DIRECTION ( 'NONE',  ( 0.000000000000000000, -1.000000000000000000, -0.000000000000000000 ) ) ;
#4822 = ORIENTED_EDGE ( 'NONE', *, *, #8289, .T. ) ;
#4823 = EDGE_LOOP ( 'NONE', ( #9243, #1265, #9072, #3891 ) ) ;
#4824 = AXIS2_PLACEMENT_3D ( 'NONE', #4734, #7696, #2416 ) ;
#4825 = AXIS2_PLACEMENT_3D ( 'NONE', #4906, #7768, #9377 ) ;
#4826 = EDGE_CURVE ( 'NONE', #8941, #6091, #2175, .T. ) ;
#4827 = CARTESIAN_POINT ( 'NONE',  ( -22.50000000000000711, 11.87999999999999723, -14.37999999999999723 ) ) ;
#4828 = ORIENTED_EDGE ( 'NONE', *, *, #6867, .F. ) ;
#4829 = VERTEX_POINT ( 'NONE', #2815 ) ;
#4830 = CARTESIAN_POINT ( 'NONE',  ( -3.001122346247667938, 0.8753458727129063144, 17.50000000000000355 ) ) ;
#4831 = ORIENTED_EDGE ( 'NONE', *, *, #3133, .T. ) ;
#4832 = CARTESIAN_POINT ( 'NONE',  ( -3.000000000000001776, -12.37999999999999901, -7.499999999999998224 ) ) ;
#4833 = TOROIDAL_SURFACE ( 'NONE', #8593, 1.880000000000000115, 0.1199999999999999956 ) ;
#4834 = ORIENTED_EDGE ( 'NONE', *, *, #4591, .T. ) ;
#4835 = CARTESIAN_POINT ( 'NONE',  ( -10.12534587271282582, 0.7488776537524508559, 16.12000000000000099 ) ) ;
#4836 = EDGE_CURVE ( 'NONE', #688, #1039, #5841, .T. ) ;
#4837 = DIRECTION ( 'NONE',  ( 0.000000000000000000, -1.000000000000000000, 0.000000000000000000 ) ) ;
#4838 = EDGE_CURVE ( 'NONE', #2013, #6107, #2851, .T. ) ;
#4839 = VERTEX_POINT ( 'NONE', #3709 ) ;
#4840 = ORIENTED_EDGE ( 'NONE', *, *, #4201, .F. ) ;
#4841 = DIRECTION ( 'NONE',  ( 0.000000000000000000, 0.000000000000000000, 1.000000000000000000 ) ) ;
#4842 = CARTESIAN_POINT ( 'NONE',  ( -10.00000000000000178, -12.37999999999999901, -7.499999999999999112 ) ) ;
#4843 = CARTESIAN_POINT ( 'NONE',  ( 21.12000000000000099, -11.11999999999999744, -11.53041406348422626 ) ) ;
#4844 = CARTESIAN_POINT ( 'NONE',  ( -10.12534587271282582, 9.368877653752452517, 16.00000000000000355 ) ) ;
#4845 = DIRECTION ( 'NONE',  ( 0.000000000000000000, 0.000000000000000000, -1.000000000000000000 ) ) ;
#4846 = DIRECTION ( 'NONE',  ( 1.224646799147355672E-16, 0.000000000000000000, -1.000000000000000000 ) ) ;
#4847 = ORIENTED_EDGE ( 'NONE', *, *, #9257, .T. ) ;
#4848 = DIRECTION ( 'NONE',  ( 1.000000000000000000, 0.000000000000000000, 0.000000000000000000 ) ) ;
#4849 = CARTESIAN_POINT ( 'NONE',  ( 10.12534587271282582, 6.128877653752448751, 16.00000000000000355 ) ) ;
#4850 = FACE_OUTER_BOUND ( 'NONE', #2859, .T. ) ;
#4851 = CARTESIAN_POINT ( 'NONE',  ( 19.68000000000000682, -11.11999999999999922, -17.50000000000000000 ) ) ;
#4852 = DIRECTION ( 'NONE',  ( 1.000000000000000000, 0.000000000000000000, 2.891205793294696372E-15 ) ) ;
#4853 = DIRECTION ( 'NONE',  ( -1.000000000000000000, -0.000000000000000000, -0.000000000000000000 ) ) ;
#4854 = CARTESIAN_POINT ( 'NONE',  ( -24.49999999999999645, -12.37999999999999901, 4.178920238245228624 ) ) ;
#4855 = ORIENTED_EDGE ( 'NONE', *, *, #2839, .T. ) ;
#4856 = ORIENTED_EDGE ( 'NONE', *, *, #6523, .T. ) ;
#4857 = EDGE_LOOP ( 'NONE', ( #6062, #4682, #4778, #3841, #835 ) ) ;
#4858 = CIRCLE ( 'NONE', #622, 4.499999999999998224 ) ;
#4859 = DIRECTION ( 'NONE',  ( -1.000000000000000000, 0.000000000000000000, 0.000000000000000000 ) ) ;
#4860 = FACE_OUTER_BOUND ( 'NONE', #403, .T. ) ;
#4861 = DIRECTION ( 'NONE',  ( -1.000000000000000000, 0.000000000000000000, 0.000000000000000000 ) ) ;
#4862 = EDGE_CURVE ( 'NONE', #4390, #6713, #1112, .T. ) ;
#4863 = CARTESIAN_POINT ( 'NONE',  ( 24.00000000000000000, -2.632523745243640523, -13.12000000000000099 ) ) ;
#4864 = ORIENTED_EDGE ( 'NONE', *, *, #851, .T. ) ;
#4865 = CIRCLE ( 'NONE', #460, 1.880000000000001448 ) ;
#4866 = VERTEX_POINT ( 'NONE', #6667 ) ;
#4867 = AXIS2_PLACEMENT_3D ( 'NONE', #3594, #646, #2113 ) ;
#4868 = DIRECTION ( 'NONE',  ( -1.000000000000000000, -0.000000000000000000, 0.000000000000000000 ) ) ;
#4869 = ADVANCED_FACE ( 'NONE', ( #1432 ), #7425, .T. ) ;
#4870 = VERTEX_POINT ( 'NONE', #8066 ) ;
#4871 = VERTEX_POINT ( 'NONE', #1288 ) ;
#4872 = EDGE_CURVE ( 'NONE', #5903, #2697, #6470, .T. ) ;
#4873 = CARTESIAN_POINT ( 'NONE',  ( 24.00000000000000000, 4.065128901295453012, -14.50000000000000000 ) ) ;
#4874 = ORIENTED_EDGE ( 'NONE', *, *, #84, .T. ) ;
#4875 = DIRECTION ( 'NONE',  ( -0.000000000000000000, -1.000000000000000000, -0.000000000000000000 ) ) ;
#4876 = ORIENTED_EDGE ( 'NONE', *, *, #5056, .T. ) ;
#4877 = AXIS2_PLACEMENT_3D ( 'NONE', #5349, #6037, #9055 ) ;
#4878 = ORIENTED_EDGE ( 'NONE', *, *, #5860, .T. ) ;
#4879 = ADVANCED_FACE ( 'NONE', ( #5147 ), #6791, .T. ) ;
#4880 = TOROIDAL_SURFACE ( 'NONE', #1563, 1.620000000000001217, 0.1199999999999999956 ) ;
#4881 = CARTESIAN_POINT ( 'NONE',  ( 22.50000000000000711, 10.49999999999999822, -13.11999999999999922 ) ) ;
#4882 = EDGE_LOOP ( 'NONE', ( #5398, #31, #2355, #9583 ) ) ;
#4883 = DIRECTION ( 'NONE',  ( 0.000000000000000000, -1.000000000000000000, 0.000000000000000000 ) ) ;
#4884 = VECTOR ( 'NONE', #5781, 1000.000000000000000 ) ;
#4885 = CARTESIAN_POINT ( 'NONE',  ( -21.00000000000000355, 10.50000000000000355, 10.50000000000001421 ) ) ;
#4886 = ORIENTED_EDGE ( 'NONE', *, *, #2771, .F. ) ;
#4887 = CIRCLE ( 'NONE', #5205, 1.499999999999996891 ) ;
#4888 = ORIENTED_EDGE ( 'NONE', *, *, #2130, .T. ) ;
#4889 = AXIS2_PLACEMENT_3D ( 'NONE', #7477, #2145, #726 ) ;
#4890 = DIRECTION ( 'NONE',  ( 1.000000000000000000, 0.000000000000000000, 0.000000000000000000 ) ) ;
#4891 = CARTESIAN_POINT ( 'NONE',  ( 24.49999999999999645, -12.37999999999999901, 4.178920238245228624 ) ) ;
#4892 = CARTESIAN_POINT ( 'NONE',  ( 27.50000000000000000, 10.49999999999999645, -13.11999999999999922 ) ) ;
#4893 = EDGE_LOOP ( 'NONE', ( #103, #7141 ) ) ;
#4894 = CIRCLE ( 'NONE', #6934, 1.500000000000003109 ) ;
#4895 = ADVANCED_FACE ( 'NONE', ( #3661 ), #2378, .T. ) ;
#4896 = DIRECTION ( 'NONE',  ( -0.000000000000000000, -1.000000000000000000, -0.000000000000000000 ) ) ;
#4897 = EDGE_CURVE ( 'NONE', #404, #6902, #657, .T. ) ;
#4898 = CIRCLE ( 'NONE', #5674, 0.1200000000000003147 ) ;
#4899 = FACE_OUTER_BOUND ( 'NONE', #8474, .T. ) ;
#4900 = CARTESIAN_POINT ( 'NONE',  ( 20.88000000000000611, -11.11999999999999922, 15.50000000000000178 ) ) ;
#4901 = CIRCLE ( 'NONE', #9149, 1.500000000000002220 ) ;
#4902 = DIRECTION ( 'NONE',  ( -0.000000000000000000, 1.508455196501571429E-16, -1.000000000000000000 ) ) ;
#4903 = DIRECTION ( 'NONE',  ( -0.000000000000000000, -0.000000000000000000, 1.000000000000000000 ) ) ;
#4904 = CIRCLE ( 'NONE', #816, 0.1200000000000003147 ) ;
#4905 = CARTESIAN_POINT ( 'NONE',  ( 3.001122346247667938, 0.8753458727129063144, 10.50000000000001243 ) ) ;
#4906 = CARTESIAN_POINT ( 'NONE',  ( 21.12000000000000099, -11.11999999999999744, -12.49999999999999822 ) ) ;
#4907 = DIRECTION ( 'NONE',  ( 0.000000000000000000, -1.000000000000000000, 0.000000000000000000 ) ) ;
#4908 = EDGE_CURVE ( 'NONE', #1462, #5703, #5682, .T. ) ;
#4909 = AXIS2_PLACEMENT_3D ( 'NONE', #7136, #6385, #9392 ) ;
#4910 = CYLINDRICAL_SURFACE ( 'NONE', #3145, 1.684871098704546322 ) ;
#4911 = CIRCLE ( 'NONE', #7278, 1.499999999999996891 ) ;
#4912 = DIRECTION ( 'NONE',  ( 0.000000000000000000, 0.000000000000000000, 1.000000000000000000 ) ) ;
#4913 = ORIENTED_EDGE ( 'NONE', *, *, #5391, .F. ) ;
#4914 = ORIENTED_EDGE ( 'NONE', *, *, #2995, .T. ) ;
#4915 = ORIENTED_EDGE ( 'NONE', *, *, #1810, .T. ) ;
#4916 = AXIS2_PLACEMENT_3D ( 'NONE', #3261, #7719, #7023 ) ;
#4917 = CARTESIAN_POINT ( 'NONE',  ( 10.00000000000000178, -12.49999999999999822, -7.499999999999999112 ) ) ;
#4918 = CARTESIAN_POINT ( 'NONE',  ( 21.12000000000000099, -10.49999999999999645, -12.50000000000000178 ) ) ;
#4919 = VECTOR ( 'NONE', #5889, 1000.000000000000000 ) ;
#4920 = DIRECTION ( 'NONE',  ( -0.000000000000000000, 1.508455196501571429E-16, -1.000000000000000000 ) ) ;
#4921 = CARTESIAN_POINT ( 'NONE',  ( -10.12534587271282582, 0.7488776537524508559, 17.50000000000000355 ) ) ;
#4922 = TOROIDAL_SURFACE ( 'NONE', #2242, 1.380000000000005000, 0.1199999999999999956 ) ;
#4923 = ORIENTED_EDGE ( 'NONE', *, *, #445, .F. ) ;
#4924 = AXIS2_PLACEMENT_3D ( 'NONE', #4004, #7015, #2285 ) ;
#4925 = EDGE_LOOP ( 'NONE', ( #6726, #9354 ) ) ;
#4926 = ORIENTED_EDGE ( 'NONE', *, *, #1335, .F. ) ;
#4927 = FACE_OUTER_BOUND ( 'NONE', #439, .T. ) ;
#4928 = ORIENTED_EDGE ( 'NONE', *, *, #126, .F. ) ;
#4929 = EDGE_CURVE ( 'NONE', #501, #7426, #6782, .T. ) ;
#4930 = FACE_OUTER_BOUND ( 'NONE', #6247, .T. ) ;
#4931 = TOROIDAL_SURFACE ( 'NONE', #9643, 1.619999999999999440, 0.1199999999999999956 ) ;
#4932 = CIRCLE ( 'NONE', #7610, 0.1199999999999985800 ) ;
#4933 = CARTESIAN_POINT ( 'NONE',  ( -20.88000000000000256, -11.11999999999999922, 15.50000000000000178 ) ) ;
#4934 = DIRECTION ( 'NONE',  ( 0.000000000000000000, 0.000000000000000000, -1.000000000000000000 ) ) ;
#4935 = EDGE_LOOP ( 'NONE', ( #7050, #7198, #1276, #582 ) ) ;
#4936 = DIRECTION ( 'NONE',  ( 0.000000000000000000, -1.000000000000000000, 0.000000000000000000 ) ) ;
#4937 = ORIENTED_EDGE ( 'NONE', *, *, #7805, .F. ) ;
#4938 = VERTEX_POINT ( 'NONE', #1632 ) ;
#4939 = AXIS2_PLACEMENT_3D ( 'NONE', #7308, #601, #2952 ) ;
#4940 = EDGE_CURVE ( 'NONE', #4565, #4183, #2223, .T. ) ;
#4941 = CARTESIAN_POINT ( 'NONE',  ( 6.999999999999999112, 1.727922061357856087, 3.999999999999951594 ) ) ;
#4942 = CARTESIAN_POINT ( 'NONE',  ( 24.49999999999999645, -11.00000000000000000, -7.499999999999999112 ) ) ;
#4943 = CARTESIAN_POINT ( 'NONE',  ( 16.99999999999999645, -12.49999999999999822, -9.119999999999850004 ) ) ;
#4944 = VECTOR ( 'NONE', #2577, 1000.000000000000000 ) ;
#4945 = DIRECTION ( 'NONE',  ( 0.000000000000000000, 0.000000000000000000, -1.000000000000000000 ) ) ;
#4946 = ADVANCED_FACE ( 'NONE', ( #3151 ), #9037, .F. ) ;
#4947 = EDGE_CURVE ( 'NONE', #7547, #6647, #336, .T. ) ;
#4948 = AXIS2_PLACEMENT_3D ( 'NONE', #9300, #4027, #9205 ) ;
#4949 = CARTESIAN_POINT ( 'NONE',  ( 10.12534587271282582, 7.748877653752450634, 16.00000000000000355 ) ) ;
#4950 = DIRECTION ( 'NONE',  ( 0.000000000000000000, -1.000000000000000000, 0.000000000000000000 ) ) ;
#4951 = EDGE_CURVE ( 'NONE', #4041, #1121, #1676, .T. ) ;
#4952 = VERTEX_POINT ( 'NONE', #9177 ) ;
#4953 = CARTESIAN_POINT ( 'NONE',  ( -24.00000000000000000, -5.867476254756361698, -13.12000000000000099 ) ) ;
#4954 = CYLINDRICAL_SURFACE ( 'NONE', #5281, 1.499999999999997780 ) ;
#4955 = AXIS2_PLACEMENT_3D ( 'NONE', #2092, #7981, #1205 ) ;
#4956 = CARTESIAN_POINT ( 'NONE',  ( 6.999999999999999112, -12.49999999999999822, 2.499999999999951594 ) ) ;
#4957 = CARTESIAN_POINT ( 'NONE',  ( 11.49465412728722313, -6.248877653752255235, 17.38000000000000611 ) ) ;
#4958 = CARTESIAN_POINT ( 'NONE',  ( -20.88000000000000611, -10.49999999999999822, 15.50000000000000178 ) ) ;
#4959 = VERTEX_POINT ( 'NONE', #4654 ) ;
#4960 = DIRECTION ( 'NONE',  ( 0.000000000000000000, 0.000000000000000000, -1.000000000000000000 ) ) ;
#4961 = CARTESIAN_POINT ( 'NONE',  ( 27.50000000000000000, 10.49999999999999645, -13.11999999999999922 ) ) ;
#4962 = AXIS2_PLACEMENT_3D ( 'NONE', #1877, #8700, #1931 ) ;
#4963 = ADVANCED_FACE ( 'NONE', ( #5333 ), #8370, .T. ) ;
#4964 = ADVANCED_FACE ( 'NONE', ( #7699 ), #6944, .T. ) ;
#4965 = ORIENTED_EDGE ( 'NONE', *, *, #6033, .F. ) ;
#4966 = DIRECTION ( 'NONE',  ( -0.000000000000000000, 1.000000000000000000, -0.000000000000000000 ) ) ;
#4967 = DIRECTION ( 'NONE',  ( -1.000000000000000000, 0.000000000000000000, 0.000000000000000000 ) ) ;
#4968 = FACE_OUTER_BOUND ( 'NONE', #8002, .T. ) ;
#4969 = DIRECTION ( 'NONE',  ( 0.000000000000000000, -1.000000000000000000, 0.000000000000000000 ) ) ;
#4970 = CARTESIAN_POINT ( 'NONE',  ( -20.70000000000000284, -11.11999999999999744, -11.53041406348422626 ) ) ;
#4971 = ORIENTED_EDGE ( 'NONE', *, *, #2309, .F. ) ;
#4972 = CARTESIAN_POINT ( 'NONE',  ( -24.49999999999999645, -12.37999999999999901, 2.500000000000001332 ) ) ;
#4973 = ORIENTED_EDGE ( 'NONE', *, *, #5207, .F. ) ;
#4974 = ORIENTED_EDGE ( 'NONE', *, *, #319, .F. ) ;
#4975 = CIRCLE ( 'NONE', #8912, 0.1199999999999998845 ) ;
#4976 = ORIENTED_EDGE ( 'NONE', *, *, #8568, .F. ) ;
#4977 = EDGE_LOOP ( 'NONE', ( #9564, #9695, #6504, #9486, #9003 ) ) ;
#4978 = DIRECTION ( 'NONE',  ( 0.000000000000000000, 0.000000000000000000, -1.000000000000000000 ) ) ;
#4979 = ORIENTED_EDGE ( 'NONE', *, *, #6327, .T. ) ;
#4980 = TOROIDAL_SURFACE ( 'NONE', #8301, 1.620000000000000773, 0.1199999999999999956 ) ;
#4981 = CARTESIAN_POINT ( 'NONE',  ( 21.50000000000000355, -12.49999999999999822, 10.33348794342497712 ) ) ;
#4982 = AXIS2_PLACEMENT_3D ( 'NONE', #5317, #1557, #2352 ) ;
#4983 = ORIENTED_EDGE ( 'NONE', *, *, #2420, .F. ) ;
#4984 = CARTESIAN_POINT ( 'NONE',  ( -21.00000000000000355, 27.00000000000000355, 10.33348794342497712 ) ) ;
#4985 = ORIENTED_EDGE ( 'NONE', *, *, #9252, .F. ) ;
#4986 = DIRECTION ( 'NONE',  ( -1.000000000000000000, -0.000000000000000000, -0.000000000000000000 ) ) ;
#4987 = VERTEX_POINT ( 'NONE', #7509 ) ;
#4988 = ORIENTED_EDGE ( 'NONE', *, *, #3800, .F. ) ;
#4989 = ORIENTED_EDGE ( 'NONE', *, *, #8033, .T. ) ;
#4990 = AXIS2_PLACEMENT_3D ( 'NONE', #134, #9147, #9686 ) ;
#4991 = CARTESIAN_POINT ( 'NONE',  ( 16.99999999999999645, -11.11999999999999922, -7.499999999999852562 ) ) ;
#4992 = CARTESIAN_POINT ( 'NONE',  ( 22.50000000000000711, 11.88000000000000256, -14.37999999999999901 ) ) ;
#4993 = CARTESIAN_POINT ( 'NONE',  ( -24.49999999999999645, -12.37999999999999901, -9.178920238245225960 ) ) ;
#4994 = DIRECTION ( 'NONE',  ( 1.000000000000000000, 0.000000000000000000, 0.000000000000000000 ) ) ;
#4995 = ADVANCED_FACE ( 'NONE', ( #5237 ), #3943, .F. ) ;
#4996 = DIRECTION ( 'NONE',  ( -0.000000000000000000, 1.000000000000000000, 0.000000000000000000 ) ) ;
#4997 = FACE_OUTER_BOUND ( 'NONE', #3892, .T. ) ;
#4998 = ADVANCED_FACE ( 'NONE', ( #4608 ), #6633, .T. ) ;
#4999 = EDGE_CURVE ( 'NONE', #161, #7544, #502, .T. ) ;
#5000 = CARTESIAN_POINT ( 'NONE',  ( 10.00000000000002665, -12.49999999999999822, -16.11999999999990152 ) ) ;
#5001 = DIRECTION ( 'NONE',  ( -1.000000000000000000, 0.000000000000000000, 0.000000000000000000 ) ) ;
#5002 = DIRECTION ( 'NONE',  ( -0.000000000000000000, 1.508455196501571429E-16, -1.000000000000000000 ) ) ;
#5003 = DIRECTION ( 'NONE',  ( 1.000000000000000000, 0.000000000000000000, -1.224646799147353207E-16 ) ) ;
#5004 = DIRECTION ( 'NONE',  ( -1.000000000000000000, 0.000000000000000000, 0.000000000000000000 ) ) ;
#5005 = EDGE_CURVE ( 'NONE', #4839, #8144, #186, .T. ) ;
#5006 = CARTESIAN_POINT ( 'NONE',  ( -9.999999999999927169, -12.49999999999999822, -2.119999999999900631 ) ) ;
#5007 = CARTESIAN_POINT ( 'NONE',  ( 24.00000000000000000, -5.867476254756364362, 4.499999999999995559 ) ) ;
#5008 = EDGE_LOOP ( 'NONE', ( #8574, #3429, #2565, #8634, #7939 ) ) ;
#5009 = ORIENTED_EDGE ( 'NONE', *, *, #8511, .F. ) ;
#5010 = CARTESIAN_POINT ( 'NONE',  ( 28.88000000000000256, -10.49999999999999289, -14.38000000000000256 ) ) ;
#5011 = LINE ( 'NONE', #3532, #467 ) ;
#5012 = CARTESIAN_POINT ( 'NONE',  ( -20.88000000000000256, -12.37999999999998835, 15.50000000000000178 ) ) ;
#5013 = CARTESIAN_POINT ( 'NONE',  ( 2.428612866367529932E-14, 1.727922061357856087, 9.500000000000001776 ) ) ;
#5014 = EDGE_CURVE ( 'NONE', #1745, #598, #3643, .T. ) ;
#5015 = ADVANCED_FACE ( 'NONE', ( #8400 ), #4598, .T. ) ;
#5016 = DIRECTION ( 'NONE',  ( -1.000000000000000000, 0.000000000000000000, 0.000000000000000000 ) ) ;
#5017 = ORIENTED_EDGE ( 'NONE', *, *, #434, .T. ) ;
#5018 = ORIENTED_EDGE ( 'NONE', *, *, #2215, .F. ) ;
#5019 = CIRCLE ( 'NONE', #6595, 1.620000000000003437 ) ;
#5020 = DIRECTION ( 'NONE',  ( 0.000000000000000000, -1.000000000000000000, 0.000000000000000000 ) ) ;
#5021 = VERTEX_POINT ( 'NONE', #9128 ) ;
#5022 = VERTEX_POINT ( 'NONE', #7100 ) ;
#5023 = ORIENTED_EDGE ( 'NONE', *, *, #7847, .T. ) ;
#5024 = VERTEX_POINT ( 'NONE', #8680 ) ;
#5025 = FACE_OUTER_BOUND ( 'NONE', #3190, .T. ) ;
#5026 = VECTOR ( 'NONE', #3042, 1000.000000000000000 ) ;
#5027 = ORIENTED_EDGE ( 'NONE', *, *, #2691, .T. ) ;
#5028 = EDGE_CURVE ( 'NONE', #5087, #6344, #7271, .T. ) ;
#5029 = DIRECTION ( 'NONE',  ( -1.000000000000000000, 0.000000000000000000, 0.000000000000000000 ) ) ;
#5030 = AXIS2_PLACEMENT_3D ( 'NONE', #3884, #6890, #6142 ) ;
#5031 = CARTESIAN_POINT ( 'NONE',  ( -10.12534587271282582, 0.7488776537524508559, 16.00000000000000000 ) ) ;
#5032 = ORIENTED_EDGE ( 'NONE', *, *, #1085, .T. ) ;
#5033 = CARTESIAN_POINT ( 'NONE',  ( 29.00000000000000000, -12.49999999999999822, -12.50000000000000178 ) ) ;
#5034 = VERTEX_POINT ( 'NONE', #5570 ) ;
#5035 = ORIENTED_EDGE ( 'NONE', *, *, #1189, .T. ) ;
#5036 = CIRCLE ( 'NONE', #643, 1.678920238245226848 ) ;
#5037 = VECTOR ( 'NONE', #7601, 1000.000000000000000 ) ;
#5038 = DIRECTION ( 'NONE',  ( 0.000000000000000000, 0.000000000000000000, 1.000000000000000000 ) ) ;
#5039 = VECTOR ( 'NONE', #1649, 1000.000000000000000 ) ;
#5040 = DIRECTION ( 'NONE',  ( 0.000000000000000000, -1.000000000000000000, 0.000000000000000000 ) ) ;
#5041 = CARTESIAN_POINT ( 'NONE',  ( -10.00000000000002665, -12.37999999999999901, -16.11999999999990152 ) ) ;
#5042 = DIRECTION ( 'NONE',  ( 0.000000000000000000, -2.797941090285169336E-15, 1.000000000000000000 ) ) ;
#5043 = CIRCLE ( 'NONE', #8, 4.499999999999998224 ) ;
#5044 = ORIENTED_EDGE ( 'NONE', *, *, #2309, .T. ) ;
#5045 = CARTESIAN_POINT ( 'NONE',  ( 16.99999999999999645, -11.00000000000000000, -7.499999999999852562 ) ) ;
#5046 = CARTESIAN_POINT ( 'NONE',  ( 8.505345872712823052, 7.748877653752450634, 17.38000000000000611 ) ) ;
#5047 = EDGE_LOOP ( 'NONE', ( #2748, #2881 ) ) ;
#5048 = DIRECTION ( 'NONE',  ( -0.000000000000000000, -1.000000000000000000, -0.000000000000000000 ) ) ;
#5049 = AXIS2_PLACEMENT_3D ( 'NONE', #905, #7807, #946 ) ;
#5050 = CARTESIAN_POINT ( 'NONE',  ( 20.10000000000000853, -12.37999999999996703, -11.23041406348422733 ) ) ;
#5051 = DIRECTION ( 'NONE',  ( -1.000000000000000000, 0.000000000000000000, 0.000000000000000000 ) ) ;
#5052 = AXIS2_PLACEMENT_3D ( 'NONE', #4202, #459, #6364 ) ;
#5053 = CARTESIAN_POINT ( 'NONE',  ( -21.00000000000000000, -11.11999999999999744, -12.49999999999999822 ) ) ;
#5054 = CIRCLE ( 'NONE', #7258, 1.879999999999997895 ) ;
#5055 = DIRECTION ( 'NONE',  ( 0.000000000000000000, 0.000000000000000000, 1.000000000000000000 ) ) ;
#5056 = EDGE_CURVE ( 'NONE', #6843, #8225, #4904, .T. ) ;
#5057 = DIRECTION ( 'NONE',  ( 0.000000000000000000, -1.000000000000000000, 0.000000000000000000 ) ) ;
#5058 = ADVANCED_FACE ( 'NONE', ( #1911 ), #1817, .T. ) ;
#5059 = AXIS2_PLACEMENT_3D ( 'NONE', #7878, #157, #5695 ) ;
#5060 = DIRECTION ( 'NONE',  ( -0.000000000000000000, 1.508455196501571429E-16, -1.000000000000000000 ) ) ;
#5061 = AXIS2_PLACEMENT_3D ( 'NONE', #210, #7951, #4141 ) ;
#5062 = ORIENTED_EDGE ( 'NONE', *, *, #2174, .F. ) ;
#5063 = CARTESIAN_POINT ( 'NONE',  ( 8.625345872712824047, 7.748877653752450634, 17.38000000000000611 ) ) ;
#5064 = EDGE_CURVE ( 'NONE', #738, #5960, #6148, .T. ) ;
#5065 = DIRECTION ( 'NONE',  ( 0.000000000000000000, 0.000000000000000000, -1.000000000000000000 ) ) ;
#5066 = FACE_OUTER_BOUND ( 'NONE', #599, .T. ) ;
#5067 = AXIS2_PLACEMENT_3D ( 'NONE', #7525, #9100, #90 ) ;
#5068 = DIRECTION ( 'NONE',  ( -1.000000000000000000, 0.000000000000000000, 0.000000000000000000 ) ) ;
#5069 = VECTOR ( 'NONE', #6131, 1000.000000000000000 ) ;
#5070 = EDGE_CURVE ( 'NONE', #6410, #3447, #6299, .T. ) ;
#5071 = FACE_BOUND ( 'NONE', #6512, .T. ) ;
#5072 = VERTEX_POINT ( 'NONE', #8586 ) ;
#5073 = ADVANCED_FACE ( 'NONE', ( #7052 ), #8528, .T. ) ;
#5074 = CIRCLE ( 'NONE', #8696, 0.1199999999999998845 ) ;
#5075 = DIRECTION ( 'NONE',  ( 0.000000000000000000, 0.000000000000000000, -1.000000000000000000 ) ) ;
#5076 = ORIENTED_EDGE ( 'NONE', *, *, #318, .F. ) ;
#5077 = ORIENTED_EDGE ( 'NONE', *, *, #351, .F. ) ;
#5078 = ORIENTED_EDGE ( 'NONE', *, *, #6022, .F. ) ;
#5079 = AXIS2_PLACEMENT_3D ( 'NONE', #6477, #3473, #1992 ) ;
#5080 = EDGE_CURVE ( 'NONE', #593, #607, #3795, .T. ) ;
#5081 = ORIENTED_EDGE ( 'NONE', *, *, #5787, .F. ) ;
#5082 = DIRECTION ( 'NONE',  ( -1.000000000000000000, 0.000000000000000000, 2.891205793294696372E-15 ) ) ;
#5083 = AXIS2_PLACEMENT_3D ( 'NONE', #2967, #5295, #6027 ) ;
#5084 = ORIENTED_EDGE ( 'NONE', *, *, #4947, .F. ) ;
#5085 = CARTESIAN_POINT ( 'NONE',  ( 10.00000000000002665, -11.00000000000000000, -14.49999999999990230 ) ) ;
#5086 = AXIS2_PLACEMENT_3D ( 'NONE', #8129, #5253, #4317 ) ;
#5087 = VERTEX_POINT ( 'NONE', #9261 ) ;
#5088 = DIRECTION ( 'NONE',  ( 0.000000000000000000, -1.000000000000000000, 0.000000000000000000 ) ) ;
#5089 = VERTEX_POINT ( 'NONE', #8631 ) ;
#5090 = CARTESIAN_POINT ( 'NONE',  ( 17.80000000000000782, -11.11999999999999744, -17.50000000000000000 ) ) ;
#5091 = VERTEX_POINT ( 'NONE', #6249 ) ;
#5092 = ORIENTED_EDGE ( 'NONE', *, *, #4040, .T. ) ;
#5093 = AXIS2_PLACEMENT_3D ( 'NONE', #2559, #9721, #8405 ) ;
#5094 = EDGE_CURVE ( 'NONE', #3336, #438, #4438, .T. ) ;
#5095 = EDGE_CURVE ( 'NONE', #6101, #5315, #5522, .T. ) ;
#5096 = CYLINDRICAL_SURFACE ( 'NONE', #1032, 1.500000000000001332 ) ;
#5097 = CIRCLE ( 'NONE', #56, 1.620000000000003437 ) ;
#5098 = CARTESIAN_POINT ( 'NONE',  ( -16.99999999999999645, -12.37999999999999901, -5.999999999999852562 ) ) ;
#5099 = DIRECTION ( 'NONE',  ( 0.000000000000000000, 0.000000000000000000, -1.000000000000000000 ) ) ;
#5100 = DIRECTION ( 'NONE',  ( -0.000000000000000000, 1.000000000000000000, 0.000000000000000000 ) ) ;
#5101 = AXIS2_PLACEMENT_3D ( 'NONE', #9669, #566, #6618 ) ;
#5102 = DIRECTION ( 'NONE',  ( -1.000000000000000000, 0.000000000000000000, 0.000000000000000000 ) ) ;
#5103 = VERTEX_POINT ( 'NONE', #7152 ) ;
#5104 = AXIS2_PLACEMENT_3D ( 'NONE', #5140, #4902, #2625 ) ;
#5105 = CARTESIAN_POINT ( 'NONE',  ( 22.50000000000000711, 10.49999999999999467, 4.499999999999997335 ) ) ;
#5106 = CARTESIAN_POINT ( 'NONE',  ( 0.000000000000000000, 1.727922061357856087, 2.500000000000001332 ) ) ;
#5107 = CARTESIAN_POINT ( 'NONE',  ( -24.00000000000000000, -4.250000000000003553, 4.499999999999995559 ) ) ;
#5108 = AXIS2_PLACEMENT_3D ( 'NONE', #1519, #931, #1662 ) ;
#5109 = DIRECTION ( 'NONE',  ( 0.000000000000000000, -1.000000000000000000, 0.000000000000000000 ) ) ;
#5110 = DIRECTION ( 'NONE',  ( 0.000000000000000000, 0.000000000000000000, -1.000000000000000000 ) ) ;
#5111 = CARTESIAN_POINT ( 'NONE',  ( -16.99999999999999645, 1.727922061357856087, -8.999999999999852562 ) ) ;
#5112 = DIRECTION ( 'NONE',  ( -1.000000000000000000, 0.000000000000000000, 0.000000000000000000 ) ) ;
#5113 = VECTOR ( 'NONE', #9496, 1000.000000000000000 ) ;
#5114 = ORIENTED_EDGE ( 'NONE', *, *, #1438, .F. ) ;
#5115 = ORIENTED_EDGE ( 'NONE', *, *, #1388, .T. ) ;
#5116 = DIRECTION ( 'NONE',  ( 0.000000000000000000, -1.508455196501571429E-16, 1.000000000000000000 ) ) ;
#5117 = CARTESIAN_POINT ( 'NONE',  ( 24.00000000000000000, 5.749999999999999112, -13.12000000000000099 ) ) ;
#5118 = CARTESIAN_POINT ( 'NONE',  ( 16.99999999999999645, -12.49999999999999822, -7.499999999999852562 ) ) ;
#5119 = DIRECTION ( 'NONE',  ( 0.000000000000000000, -1.000000000000000000, -0.000000000000000000 ) ) ;
#5120 = DIRECTION ( 'NONE',  ( -0.000000000000000000, 1.000000000000000000, 0.000000000000000000 ) ) ;
#5121 = EDGE_CURVE ( 'NONE', #9421, #7642, #8841, .T. ) ;
#5122 = DIRECTION ( 'NONE',  ( 0.000000000000000000, 0.000000000000000000, -1.000000000000000000 ) ) ;
#5123 = VERTEX_POINT ( 'NONE', #6355 ) ;
#5124 = ORIENTED_EDGE ( 'NONE', *, *, #2762, .T. ) ;
#5125 = ORIENTED_EDGE ( 'NONE', *, *, #1993, .F. ) ;
#5126 = ORIENTED_EDGE ( 'NONE', *, *, #4838, .T. ) ;
#5127 = EDGE_CURVE ( 'NONE', #5703, #5325, #7590, .T. ) ;
#5128 = DIRECTION ( 'NONE',  ( 0.000000000000000000, 1.000000000000000000, 0.000000000000000000 ) ) ;
#5129 = TOROIDAL_SURFACE ( 'NONE', #3214, 1.619999999999996776, 0.1199999999999999956 ) ;
#5130 = EDGE_CURVE ( 'NONE', #4268, #1861, #195, .T. ) ;
#5131 = DIRECTION ( 'NONE',  ( 0.000000000000000000, 0.000000000000000000, 1.000000000000000000 ) ) ;
#5132 = EDGE_CURVE ( 'NONE', #2985, #1925, #7899, .T. ) ;
#5133 = VERTEX_POINT ( 'NONE', #1769 ) ;
#5134 = CIRCLE ( 'NONE', #8937, 1.619999999999999885 ) ;
#5135 = CIRCLE ( 'NONE', #6211, 0.1199999999999985800 ) ;
#5136 = EDGE_LOOP ( 'NONE', ( #3141, #3088, #8418, #9506, #9549 ) ) ;
#5137 = CARTESIAN_POINT ( 'NONE',  ( 27.50000000000000000, 11.99999999999999289, 4.499999999999997335 ) ) ;
#5138 = VERTEX_POINT ( 'NONE', #5660 ) ;
#5139 = ORIENTED_EDGE ( 'NONE', *, *, #8868, .F. ) ;
#5140 = CARTESIAN_POINT ( 'NONE',  ( 16.99887765375237692, 0.6246541272872884187, 16.12000000000000099 ) ) ;
#5141 = VECTOR ( 'NONE', #3403, 1000.000000000000000 ) ;
#5142 = DIRECTION ( 'NONE',  ( 0.000000000000000000, 0.000000000000000000, -1.000000000000000000 ) ) ;
#5143 = CARTESIAN_POINT ( 'NONE',  ( 21.00000000000000355, 10.50000000000000355, 10.50000000000001421 ) ) ;
#5144 = AXIS2_PLACEMENT_3D ( 'NONE', #5458, #8469, #4772 ) ;
#5145 = EDGE_CURVE ( 'NONE', #8433, #2261, #1594, .T. ) ;
#5146 = EDGE_CURVE ( 'NONE', #8941, #5923, #9012, .T. ) ;
#5147 = FACE_OUTER_BOUND ( 'NONE', #6705, .T. ) ;
#5148 = CARTESIAN_POINT ( 'NONE',  ( -16.99887765375237692, 0.6246541272872884187, 16.12000000000000099 ) ) ;
#5149 = CIRCLE ( 'NONE', #6076, 1.804871098704547538 ) ;
#5150 = CIRCLE ( 'NONE', #4026, 1.499999999999996891 ) ;
#5151 = ORIENTED_EDGE ( 'NONE', *, *, #2287, .T. ) ;
#5152 = DIRECTION ( 'NONE',  ( -0.000000000000000000, 1.000000000000000000, 0.000000000000000000 ) ) ;
#5153 = PLANE ( 'NONE',  #8661 ) ;
#5154 = DIRECTION ( 'NONE',  ( 0.000000000000000000, 0.000000000000000000, -1.000000000000000000 ) ) ;
#5155 = CYLINDRICAL_SURFACE ( 'NONE', #6643, 0.1199999999999985800 ) ;
#5156 = CIRCLE ( 'NONE', #1338, 0.1199999999999985800 ) ;
#5157 = CARTESIAN_POINT ( 'NONE',  ( 24.00000000000000000, -4.250000000000000888, -13.00000000000000000 ) ) ;
#5158 = FACE_OUTER_BOUND ( 'NONE', #4541, .T. ) ;
#5159 = CARTESIAN_POINT ( 'NONE',  ( 6.999999999999999112, -12.37999999999999901, 0.9999999999999510392 ) ) ;
#5160 = EDGE_LOOP ( 'NONE', ( #3638, #4432, #9221, #8291 ) ) ;
#5161 = FACE_BOUND ( 'NONE', #2419, .T. ) ;
#5162 = CARTESIAN_POINT ( 'NONE',  ( 3.000000000000001776, -11.11999999999999922, -9.119999999999999218 ) ) ;
#5163 = CYLINDRICAL_SURFACE ( 'NONE', #6716, 1.500000000000000444 ) ;
#5164 = CARTESIAN_POINT ( 'NONE',  ( -10.12534587271282582, 7.748877653752450634, 17.38000000000000611 ) ) ;
#5165 = LINE ( 'NONE', #7433, #2505 ) ;
#5166 = CYLINDRICAL_SURFACE ( 'NONE', #382, 4.499999999999998224 ) ;
#5167 = VERTEX_POINT ( 'NONE', #1033 ) ;
#5168 = ORIENTED_EDGE ( 'NONE', *, *, #3016, .T. ) ;
#5169 = ORIENTED_EDGE ( 'NONE', *, *, #5014, .F. ) ;
#5170 = VERTEX_POINT ( 'NONE', #4042 ) ;
#5171 = CARTESIAN_POINT ( 'NONE',  ( -10.00000000000000178, -12.37999999999999901, -11.99999999999999645 ) ) ;
#5172 = ADVANCED_FACE ( 'NONE', ( #8053 ), #3807, .T. ) ;
#5173 = LINE ( 'NONE', #2852, #632 ) ;
#5174 = EDGE_CURVE ( 'NONE', #6647, #3049, #2804, .T. ) ;
#5175 = EDGE_CURVE ( 'NONE', #5606, #6621, #8071, .T. ) ;
#5176 = EDGE_LOOP ( 'NONE', ( #6875, #3740, #7778, #4241, #2901, #944, #8390, #7737 ) ) ;
#5177 = DIRECTION ( 'NONE',  ( 0.000000000000000000, 0.000000000000000000, 1.000000000000000000 ) ) ;
#5178 = ORIENTED_EDGE ( 'NONE', *, *, #204, .T. ) ;
#5179 = ORIENTED_EDGE ( 'NONE', *, *, #856, .F. ) ;
#5180 = CARTESIAN_POINT ( 'NONE',  ( -21.50000000000000711, -12.49999999999999822, 9.713487943424976123 ) ) ;
#5181 = TOROIDAL_SURFACE ( 'NONE', #929, 1.620000000000002549, 0.1199999999999999956 ) ;
#5182 = ADVANCED_FACE ( 'NONE', ( #6448 ), #6797, .T. ) ;
#5183 = DIRECTION ( 'NONE',  ( 0.000000000000000000, 0.000000000000000000, -1.000000000000000000 ) ) ;
#5184 = CARTESIAN_POINT ( 'NONE',  ( -19.68000000000000327, -12.49999999999999822, -17.50000000000000000 ) ) ;
#5185 = ORIENTED_EDGE ( 'NONE', *, *, #7962, .F. ) ;
#5186 = DIRECTION ( 'NONE',  ( 0.000000000000000000, 0.000000000000000000, -1.000000000000000000 ) ) ;
#5187 = TOROIDAL_SURFACE ( 'NONE', #2502, 4.619999999999998330, 0.1199999999999999956 ) ;
#5188 = CARTESIAN_POINT ( 'NONE',  ( 29.00000000000000000, 11.87999999999999545, -13.00000000000000000 ) ) ;
#5189 = AXIS2_PLACEMENT_3D ( 'NONE', #196, #1753, #4776 ) ;
#5190 = ORIENTED_EDGE ( 'NONE', *, *, #3558, .F. ) ;
#5191 = CARTESIAN_POINT ( 'NONE',  ( 10.12534587271282582, 7.748877653752450634, 17.38000000000000611 ) ) ;
#5192 = EDGE_CURVE ( 'NONE', #2469, #8589, #8078, .T. ) ;
#5193 = ORIENTED_EDGE ( 'NONE', *, *, #5659, .T. ) ;
#5194 = EDGE_CURVE ( 'NONE', #8225, #7931, #512, .T. ) ;
#5195 = DIRECTION ( 'NONE',  ( 0.000000000000000000, -1.000000000000000000, -1.508455196501571429E-16 ) ) ;
#5196 = DIRECTION ( 'NONE',  ( -1.000000000000000000, 0.000000000000000000, 0.000000000000000000 ) ) ;
#5197 = CIRCLE ( 'NONE', #7879, 1.499999999999996891 ) ;
#5198 = CARTESIAN_POINT ( 'NONE',  ( -7.329206686002009974E-14, -12.37999999999999901, -5.999999999999998224 ) ) ;
#5199 = DIRECTION ( 'NONE',  ( -0.000000000000000000, -0.000000000000000000, 1.000000000000000000 ) ) ;
#5200 = AXIS2_PLACEMENT_3D ( 'NONE', #4573, #6088, #4763 ) ;
#5201 = CARTESIAN_POINT ( 'NONE',  ( 21.50000000000000355, -12.49999999999999822, 9.713487943424976123 ) ) ;
#5202 = AXIS2_PLACEMENT_3D ( 'NONE', #7662, #6907, #2568 ) ;
#5203 = ORIENTED_EDGE ( 'NONE', *, *, #5637, .F. ) ;
#5204 = CARTESIAN_POINT ( 'NONE',  ( 29.00000000000000000, 12.50000000000000000, 17.50000000000000355 ) ) ;
#5205 = AXIS2_PLACEMENT_3D ( 'NONE', #8219, #6630, #5888 ) ;
#5206 = AXIS2_PLACEMENT_3D ( 'NONE', #2834, #7283, #7183 ) ;
#5207 = EDGE_CURVE ( 'NONE', #498, #6439, #2250, .T. ) ;
#5208 = FACE_OUTER_BOUND ( 'NONE', #3508, .T. ) ;
#5209 = CARTESIAN_POINT ( 'NONE',  ( -10.00000000000000178, -11.11999999999999922, -7.499999999999999112 ) ) ;
#5210 = DIRECTION ( 'NONE',  ( -0.000000000000000000, 1.000000000000000000, 0.000000000000000000 ) ) ;
#5211 = AXIS2_PLACEMENT_3D ( 'NONE', #3005, #2318, #1426 ) ;
#5212 = DIRECTION ( 'NONE',  ( 0.000000000000000000, 0.000000000000000000, 1.000000000000000000 ) ) ;
#5213 = AXIS2_PLACEMENT_3D ( 'NONE', #2381, #6771, #1492 ) ;
#5214 = DIRECTION ( 'NONE',  ( 0.000000000000000000, -1.000000000000000000, 0.000000000000000000 ) ) ;
#5215 = ORIENTED_EDGE ( 'NONE', *, *, #9570, .F. ) ;
#5216 = VERTEX_POINT ( 'NONE', #4238 ) ;
#5217 = VERTEX_POINT ( 'NONE', #2298 ) ;
#5218 = AXIS2_PLACEMENT_3D ( 'NONE', #7505, #4500, #1379 ) ;
#5219 = VERTEX_POINT ( 'NONE', #8105 ) ;
#5220 = LINE ( 'NONE', #3091, #5026 ) ;
#5221 = AXIS2_PLACEMENT_3D ( 'NONE', #6018, #2324, #899 ) ;
#5222 = FACE_BOUND ( 'NONE', #8816, .T. ) ;
#5223 = EDGE_LOOP ( 'NONE', ( #5949, #971, #1704, #9017 ) ) ;
#5224 = AXIS2_PLACEMENT_3D ( 'NONE', #3265, #3125, #4631 ) ;
#5225 = ORIENTED_EDGE ( 'NONE', *, *, #1134, .T. ) ;
#5226 = EDGE_CURVE ( 'NONE', #9736, #297, #1901, .T. ) ;
#5227 = CARTESIAN_POINT ( 'NONE',  ( -3.000000000000001776, -11.00000000000000000, -7.499999999999998224 ) ) ;
#5228 = ORIENTED_EDGE ( 'NONE', *, *, #626, .F. ) ;
#5229 = VERTEX_POINT ( 'NONE', #2064 ) ;
#5230 = DIRECTION ( 'NONE',  ( -1.000000000000000000, 0.000000000000000000, 4.841193211655195936E-16 ) ) ;
#5231 = VECTOR ( 'NONE', #4852, 1000.000000000000000 ) ;
#5232 = CYLINDRICAL_SURFACE ( 'NONE', #3155, 0.1199999999999985800 ) ;
#5233 = DIRECTION ( 'NONE',  ( -1.000000000000000000, 0.000000000000000000, 0.000000000000000000 ) ) ;
#5234 = ORIENTED_EDGE ( 'NONE', *, *, #5839, .T. ) ;
#5235 = CIRCLE ( 'NONE', #2549, 4.620000000000000107 ) ;
#5236 = ORIENTED_EDGE ( 'NONE', *, *, #3739, .T. ) ;
#5237 = FACE_OUTER_BOUND ( 'NONE', #9699, .T. ) ;
#5238 = CIRCLE ( 'NONE', #8083, 4.500000000000000000 ) ;
#5239 = EDGE_CURVE ( 'NONE', #1218, #6359, #343, .T. ) ;
#5240 = DIRECTION ( 'NONE',  ( 0.000000000000000000, 0.000000000000000000, -1.000000000000000000 ) ) ;
#5241 = CIRCLE ( 'NONE', #3822, 0.1199999999999985800 ) ;
#5242 = DIRECTION ( 'NONE',  ( 0.000000000000000000, 0.000000000000000000, 1.000000000000000000 ) ) ;
#5243 = ADVANCED_FACE ( 'NONE', ( #6560 ), #5263, .F. ) ;
#5244 = DIRECTION ( 'NONE',  ( 0.000000000000000000, -1.000000000000000000, 0.000000000000000000 ) ) ;
#5245 = ADVANCED_FACE ( 'NONE', ( #3504 ), #823, .T. ) ;
#5246 = AXIS2_PLACEMENT_3D ( 'NONE', #7516, #4789, #9091 ) ;
#5247 = FACE_OUTER_BOUND ( 'NONE', #6274, .T. ) ;
#5248 = EDGE_LOOP ( 'NONE', ( #7833, #6719, #4089, #1365 ) ) ;
#5249 = CARTESIAN_POINT ( 'NONE',  ( -21.00000000000000000, -10.50000000000000178, 16.11999999999999389 ) ) ;
#5250 = AXIS2_PLACEMENT_3D ( 'NONE', #402, #7850, #3347 ) ;
#5251 = DIRECTION ( 'NONE',  ( 0.000000000000000000, 0.000000000000000000, -1.000000000000000000 ) ) ;
#5252 = ADVANCED_FACE ( 'NONE', ( #3444 ), #6951, .T. ) ;
#5253 = DIRECTION ( 'NONE',  ( 1.000000000000000000, 0.000000000000000000, -0.000000000000000000 ) ) ;
#5254 = ORIENTED_EDGE ( 'NONE', *, *, #5028, .T. ) ;
#5255 = DIRECTION ( 'NONE',  ( 0.000000000000000000, 0.000000000000000000, 1.000000000000000000 ) ) ;
#5256 = AXIS2_PLACEMENT_3D ( 'NONE', #4346, #6703, #4295 ) ;
#5257 = DIRECTION ( 'NONE',  ( 0.000000000000000000, -1.000000000000000000, -1.508455196501571429E-16 ) ) ;
#5258 = DIRECTION ( 'NONE',  ( -1.000000000000000000, -0.000000000000000000, 0.000000000000000000 ) ) ;
#5259 = DIRECTION ( 'NONE',  ( 0.000000000000000000, 0.000000000000000000, -1.000000000000000000 ) ) ;
#5260 = FACE_BOUND ( 'NONE', #1075, .T. ) ;
#5261 = CIRCLE ( 'NONE', #7317, 0.1200000000000003147 ) ;
#5262 = ADVANCED_FACE ( 'NONE', ( #4343 ), #9731, .T. ) ;
#5263 = CYLINDRICAL_SURFACE ( 'NONE', #1285, 1.500000000000001332 ) ;
#5264 = ADVANCED_FACE ( 'NONE', ( #9014 ), #8280, .F. ) ;
#5265 = CARTESIAN_POINT ( 'NONE',  ( -22.38252374524363830, -4.250000000000000888, -13.12000000000000099 ) ) ;
#5266 = ORIENTED_EDGE ( 'NONE', *, *, #2624, .F. ) ;
#5267 = EDGE_LOOP ( 'NONE', ( #1595, #3488, #4834, #7875 ) ) ;
#5268 = VERTEX_POINT ( 'NONE', #7999 ) ;
#5269 = CARTESIAN_POINT ( 'NONE',  ( -20.88000000000000611, -11.11999999999999744, 10.33348794342497712 ) ) ;
#5270 = CARTESIAN_POINT ( 'NONE',  ( 16.99999999999999645, -12.37999999999999901, -7.499999999999852562 ) ) ;
#5271 = CIRCLE ( 'NONE', #4799, 1.558920238245227408 ) ;
#5272 = CARTESIAN_POINT ( 'NONE',  ( -20.88000000000000256, 10.50000000000000355, 16.12000000000000099 ) ) ;
#5273 = EDGE_LOOP ( 'NONE', ( #1214, #5462, #1679, #4146, #1554 ) ) ;
#5274 = AXIS2_PLACEMENT_3D ( 'NONE', #7949, #7201, #9505 ) ;
#5275 = ORIENTED_EDGE ( 'NONE', *, *, #3188, .T. ) ;
#5276 = ORIENTED_EDGE ( 'NONE', *, *, #5787, .T. ) ;
#5277 = CARTESIAN_POINT ( 'NONE',  ( 24.00000000000000000, 5.749999999999999112, -13.12000000000000099 ) ) ;
#5278 = VERTEX_POINT ( 'NONE', #9509 ) ;
#5279 = VERTEX_POINT ( 'NONE', #3036 ) ;
#5280 = ORIENTED_EDGE ( 'NONE', *, *, #1318, .T. ) ;
#5281 = AXIS2_PLACEMENT_3D ( 'NONE', #615, #9574, #417 ) ;
#5282 = DIRECTION ( 'NONE',  ( 0.000000000000000000, 0.000000000000000000, -1.000000000000000000 ) ) ;
#5283 = CARTESIAN_POINT ( 'NONE',  ( -11.74534587271282327, 0.7488776537524508559, 17.38000000000000611 ) ) ;
#5284 = DIRECTION ( 'NONE',  ( 0.000000000000000000, 0.000000000000000000, 1.000000000000000000 ) ) ;
#5285 = VECTOR ( 'NONE', #5393, 1000.000000000000000 ) ;
#5286 = EDGE_LOOP ( 'NONE', ( #3835, #1883, #8168, #6516 ) ) ;
#5287 = DIRECTION ( 'NONE',  ( 0.000000000000000000, 0.000000000000000000, 1.000000000000000000 ) ) ;
#5288 = CARTESIAN_POINT ( 'NONE',  ( -21.12000000000000099, -11.11999999999999744, -11.53041406348422626 ) ) ;
#5289 = CIRCLE ( 'NONE', #6549, 0.1199999999999985800 ) ;
#5290 = CIRCLE ( 'NONE', #4817, 0.1200000000000003147 ) ;
#5291 = DIRECTION ( 'NONE',  ( 1.000000000000000000, 0.000000000000000000, 0.000000000000000000 ) ) ;
#5292 = CARTESIAN_POINT ( 'NONE',  ( 29.00000000000000000, -11.11999999999999922, -19.50000000000000355 ) ) ;
#5293 = CARTESIAN_POINT ( 'NONE',  ( -16.99887765375237692, 2.244654127287289302, 16.00000000000000000 ) ) ;
#5294 = ADVANCED_FACE ( 'NONE', ( #1221 ), #5850, .T. ) ;
#5295 = DIRECTION ( 'NONE',  ( 1.000000000000000000, -0.000000000000000000, 0.000000000000000000 ) ) ;
#5296 = LINE ( 'NONE', #7567, #1647 ) ;
#5297 = VECTOR ( 'NONE', #9255, 1000.000000000000000 ) ;
#5298 = FACE_OUTER_BOUND ( 'NONE', #4407, .T. ) ;
#5299 = VECTOR ( 'NONE', #6591, 1000.000000000000000 ) ;
#5300 = CARTESIAN_POINT ( 'NONE',  ( -16.99887765375237692, -0.9953458727127123540, 16.00000000000000000 ) ) ;
#5301 = EDGE_CURVE ( 'NONE', #2056, #593, #2394, .T. ) ;
#5302 = EDGE_LOOP ( 'NONE', ( #758, #3, #1616, #5775 ) ) ;
#5303 = DIRECTION ( 'NONE',  ( -0.000000000000000000, 0.000000000000000000, -1.000000000000000000 ) ) ;
#5304 = FACE_OUTER_BOUND ( 'NONE', #8620, .T. ) ;
#5305 = DIRECTION ( 'NONE',  ( 1.000000000000000000, -1.224646799147352961E-16, -1.847324828052840849E-32 ) ) ;
#5306 = AXIS2_PLACEMENT_3D ( 'NONE', #6267, #275, #9331 ) ;
#5307 = EDGE_CURVE ( 'NONE', #5219, #8876, #6310, .T. ) ;
#5308 = CARTESIAN_POINT ( 'NONE',  ( -10.00000000000002665, -11.11999999999999922, -16.11999999999990152 ) ) ;
#5309 = DIRECTION ( 'NONE',  ( 0.000000000000000000, -1.000000000000000000, -0.000000000000000000 ) ) ;
#5310 = DIRECTION ( 'NONE',  ( 0.000000000000000000, 0.000000000000000000, -1.000000000000000000 ) ) ;
#5311 = APPLICATION_CONTEXT ( 'automotive_design' ) ;
#5312 = CARTESIAN_POINT ( 'NONE',  ( 9.874654127287220362, -6.248877653752255235, 16.11999999999999744 ) ) ;
#5313 = EDGE_LOOP ( 'NONE', ( #2121, #8163, #6009, #441 ) ) ;
#5314 = VERTEX_POINT ( 'NONE', #7723 ) ;
#5315 = VERTEX_POINT ( 'NONE', #1744 ) ;
#5316 = DIRECTION ( 'NONE',  ( -0.000000000000000000, 1.000000000000000000, -0.000000000000000000 ) ) ;
#5317 = CARTESIAN_POINT ( 'NONE',  ( -25.73747625475635914, -4.250000000000000888, -13.12000000000000099 ) ) ;
#5318 = EDGE_CURVE ( 'NONE', #7036, #3529, #6005, .T. ) ;
#5319 = ADVANCED_FACE ( 'NONE', ( #5453 ), #2065, .T. ) ;
#5320 = DIRECTION ( 'NONE',  ( 0.000000000000000000, 0.000000000000000000, -1.000000000000000000 ) ) ;
#5321 = ORIENTED_EDGE ( 'NONE', *, *, #6967, .T. ) ;
#5322 = ORIENTED_EDGE ( 'NONE', *, *, #4543, .T. ) ;
#5323 = VERTEX_POINT ( 'NONE', #7582 ) ;
#5324 = DIRECTION ( 'NONE',  ( 0.000000000000000000, 0.000000000000000000, -1.000000000000000000 ) ) ;
#5325 = VERTEX_POINT ( 'NONE', #6883 ) ;
#5326 = EDGE_LOOP ( 'NONE', ( #7734, #3492, #6046, #4642 ) ) ;
#5327 = ORIENTED_EDGE ( 'NONE', *, *, #6396, .T. ) ;
#5328 = DIRECTION ( 'NONE',  ( -1.000000000000000000, -0.000000000000000000, -0.000000000000000000 ) ) ;
#5329 = ADVANCED_FACE ( 'NONE', ( #7629 ), #279, .F. ) ;
#5330 = CARTESIAN_POINT ( 'NONE',  ( -9.874654127287220362, -4.748877653752252570, 16.11999999999999744 ) ) ;
#5331 = DIRECTION ( 'NONE',  ( 0.000000000000000000, 0.000000000000000000, -1.000000000000000000 ) ) ;
#5332 = ORIENTED_EDGE ( 'NONE', *, *, #3122, .F. ) ;
#5333 = FACE_OUTER_BOUND ( 'NONE', #1124, .T. ) ;
#5334 = LINE ( 'NONE', #6204, #2093 ) ;
#5335 = AXIS2_PLACEMENT_3D ( 'NONE', #3340, #9304, #2555 ) ;
#5336 = CARTESIAN_POINT ( 'NONE',  ( 4.501122346247669270, 0.8753458727129063144, 16.12000000000000099 ) ) ;
#5337 = LINE ( 'NONE', #5292, #7246 ) ;
#5338 = FACE_OUTER_BOUND ( 'NONE', #9461, .T. ) ;
#5339 = CARTESIAN_POINT ( 'NONE',  ( -27.00000000000000355, -12.37999999999998124, 7.833487943424977118 ) ) ;
#5340 = DIRECTION ( 'NONE',  ( 0.000000000000000000, 0.000000000000000000, -1.000000000000000000 ) ) ;
#5341 = CIRCLE ( 'NONE', #9732, 1.678920238245227292 ) ;
#5342 = LINE ( 'NONE', #9187, #651 ) ;
#5343 = CIRCLE ( 'NONE', #2350, 1.879999999999997895 ) ;
#5344 = CARTESIAN_POINT ( 'NONE',  ( -6.999999999999999112, -11.11999999999999922, 4.000000000000000888 ) ) ;
#5345 = EDGE_CURVE ( 'NONE', #6107, #9495, #9288, .T. ) ;
#5346 = ORIENTED_EDGE ( 'NONE', *, *, #9383, .T. ) ;
#5347 = CARTESIAN_POINT ( 'NONE',  ( -19.68000000000000682, -12.37999999999998835, -11.53041406348422626 ) ) ;
#5348 = AXIS2_PLACEMENT_3D ( 'NONE', #9376, #3960, #9282 ) ;
#5349 = CARTESIAN_POINT ( 'NONE',  ( -16.99999999999999645, -12.49999999999999822, -7.499999999999852562 ) ) ;
#5350 = DIRECTION ( 'NONE',  ( 0.000000000000000000, 0.000000000000000000, 1.000000000000000000 ) ) ;
#5351 = AXIS2_PLACEMENT_3D ( 'NONE', #1211, #4277, #337 ) ;
#5352 = DIRECTION ( 'NONE',  ( 0.000000000000000000, 1.000000000000000000, 0.000000000000000000 ) ) ;
#5353 = ORIENTED_EDGE ( 'NONE', *, *, #5708, .T. ) ;
#5354 = CARTESIAN_POINT ( 'NONE',  ( 11.37465412728722391, -6.248877653752255235, 16.11999999999999744 ) ) ;
#5355 = CIRCLE ( 'NONE', #8197, 2.000000000000000000 ) ;
#5356 = DIRECTION ( 'NONE',  ( 0.000000000000000000, 0.000000000000000000, -1.000000000000000000 ) ) ;
#5357 = EDGE_CURVE ( 'NONE', #7548, #4180, #1750, .T. ) ;
#5358 = CIRCLE ( 'NONE', #5666, 1.620000000000001661 ) ;
#5359 = DIRECTION ( 'NONE',  ( -0.000000000000000000, 1.508455196501571429E-16, -1.000000000000000000 ) ) ;
#5360 = AXIS2_PLACEMENT_3D ( 'NONE', #8501, #2480, #7120 ) ;
#5361 = ORIENTED_EDGE ( 'NONE', *, *, #3729, .F. ) ;
#5362 = ORIENTED_EDGE ( 'NONE', *, *, #2515, .T. ) ;
#5363 = ORIENTED_EDGE ( 'NONE', *, *, #1316, .F. ) ;
#5364 = CARTESIAN_POINT ( 'NONE',  ( 9.999999999999927169, -12.37999999999999901, -0.4999999999998998579 ) ) ;
#5365 = CARTESIAN_POINT ( 'NONE',  ( -6.999999999999999112, -12.37999999999999901, 4.000000000000000888 ) ) ;
#5366 = AXIS2_PLACEMENT_3D ( 'NONE', #7261, #2618, #9413 ) ;
#5367 = EDGE_CURVE ( 'NONE', #344, #5917, #7432, .T. ) ;
#5368 = EDGE_CURVE ( 'NONE', #712, #4736, #7910, .T. ) ;
#5369 = TOROIDAL_SURFACE ( 'NONE', #2372, 1.620000000000000773, 0.1199999999999999956 ) ;
#5370 = TOROIDAL_SURFACE ( 'NONE', #8364, 0.6200000000000004396, 0.1199999999999999956 ) ;
#5371 = DIRECTION ( 'NONE',  ( 0.000000000000000000, -1.000000000000000000, 0.000000000000000000 ) ) ;
#5372 = ORIENTED_EDGE ( 'NONE', *, *, #3741, .F. ) ;
#5373 = AXIS2_PLACEMENT_3D ( 'NONE', #7313, #4303, #7960 ) ;
#5374 = EDGE_CURVE ( 'NONE', #7785, #1180, #6179, .T. ) ;
#5375 = ORIENTED_EDGE ( 'NONE', *, *, #6015, .T. ) ;
#5376 = DIRECTION ( 'NONE',  ( -0.000000000000000000, -1.000000000000000000, -0.000000000000000000 ) ) ;
#5377 = EDGE_LOOP ( 'NONE', ( #141, #1182 ) ) ;
#5378 = VERTEX_POINT ( 'NONE', #4014 ) ;
#5379 = AXIS2_PLACEMENT_3D ( 'NONE', #6297, #7849, #9218 ) ;
#5380 = ORIENTED_EDGE ( 'NONE', *, *, #2228, .F. ) ;
#5381 = CYLINDRICAL_SURFACE ( 'NONE', #7057, 1.499999999999999556 ) ;
#5382 = CARTESIAN_POINT ( 'NONE',  ( 22.50000000000000711, 10.49999999999999822, -13.00000000000000000 ) ) ;
#5383 = LINE ( 'NONE', #6948, #1353 ) ;
#5384 = AXIS2_PLACEMENT_3D ( 'NONE', #5990, #7678, #2339 ) ;
#5385 = VERTEX_POINT ( 'NONE', #8465 ) ;
#5386 = AXIS2_PLACEMENT_3D ( 'NONE', #3875, #8510, #93 ) ;
#5387 = EDGE_LOOP ( 'NONE', ( #3191, #4983, #1509, #6561 ) ) ;
#5388 = CARTESIAN_POINT ( 'NONE',  ( 0.000000000000000000, -12.37999999999999901, 2.500000000000001332 ) ) ;
#5389 = EDGE_CURVE ( 'NONE', #5960, #6846, #4911, .T. ) ;
#5390 = FACE_OUTER_BOUND ( 'NONE', #3603, .T. ) ;
#5391 = EDGE_CURVE ( 'NONE', #4987, #9647, #1650, .T. ) ;
#5392 = AXIS2_PLACEMENT_3D ( 'NONE', #3963, #7173, #9424 ) ;
#5393 = DIRECTION ( 'NONE',  ( -1.000000000000000000, 0.000000000000000000, -2.891205793294696372E-15 ) ) ;
#5394 = AXIS2_PLACEMENT_3D ( 'NONE', #2034, #5060, #6632 ) ;
#5395 = DIRECTION ( 'NONE',  ( 1.000000000000000000, 0.000000000000000000, 0.000000000000000000 ) ) ;
#5396 = DIRECTION ( 'NONE',  ( 0.000000000000000000, -1.000000000000000000, -1.508455196501571429E-16 ) ) ;
#5397 = LINE ( 'NONE', #2233, #3509 ) ;
#5398 = ORIENTED_EDGE ( 'NONE', *, *, #6684, .T. ) ;
#5399 = AXIS2_PLACEMENT_3D ( 'NONE', #7565, #3759, #3857 ) ;
#5400 = CARTESIAN_POINT ( 'NONE',  ( 10.00000000000002665, 1.727922061357856087, -15.99999999999990408 ) ) ;
#5401 = CARTESIAN_POINT ( 'NONE',  ( -21.50000000000000355, 27.00000000000000355, 10.33348794342497712 ) ) ;
#5402 = DIRECTION ( 'NONE',  ( 1.000000000000000000, -0.000000000000000000, -0.000000000000000000 ) ) ;
#5403 = EDGE_LOOP ( 'NONE', ( #4814, #6199, #3742, #6943 ) ) ;
#5404 = CARTESIAN_POINT ( 'NONE',  ( 16.99887765375237692, 0.6246541272872884187, 16.12000000000000099 ) ) ;
#5405 = AXIS2_PLACEMENT_3D ( 'NONE', #125, #1590, #9308 ) ;
#5406 = CARTESIAN_POINT ( 'NONE',  ( -24.49999999999999645, -11.11999999999999922, 2.500000000000001332 ) ) ;
#5407 = FACE_OUTER_BOUND ( 'NONE', #4138, .T. ) ;
#5408 = DIRECTION ( 'NONE',  ( 0.000000000000000000, -1.000000000000000000, 0.000000000000000000 ) ) ;
#5409 = TOROIDAL_SURFACE ( 'NONE', #3342, 1.880000000000000115, 0.1199999999999999956 ) ;
#5410 = FACE_OUTER_BOUND ( 'NONE', #2122, .T. ) ;
#5411 = DIRECTION ( 'NONE',  ( -1.000000000000000000, 0.000000000000000000, 0.000000000000000000 ) ) ;
#5412 = DIRECTION ( 'NONE',  ( 0.000000000000000000, -1.000000000000000000, -0.000000000000000000 ) ) ;
#5413 = CIRCLE ( 'NONE', #9186, 0.1199999999999999956 ) ;
#5414 = ORIENTED_EDGE ( 'NONE', *, *, #543, .F. ) ;
#5415 = ORIENTED_EDGE ( 'NONE', *, *, #9044, .F. ) ;
#5416 = ORIENTED_EDGE ( 'NONE', *, *, #7898, .F. ) ;
#5417 = CARTESIAN_POINT ( 'NONE',  ( 27.00000000000000355, -11.00000000000000000, 9.713487943424976123 ) ) ;
#5418 = DIRECTION ( 'NONE',  ( 0.000000000000000000, 0.000000000000000000, -1.000000000000000000 ) ) ;
#5419 = CIRCLE ( 'NONE', #1306, 0.1200000000000003147 ) ;
#5420 = ADVANCED_FACE ( 'NONE', ( #6089 ), #3968, .F. ) ;
#5421 = CARTESIAN_POINT ( 'NONE',  ( 9.999999999999927169, -11.11999999999999922, -0.4999999999998998579 ) ) ;
#5422 = VERTEX_POINT ( 'NONE', #8559 ) ;
#5423 = CARTESIAN_POINT ( 'NONE',  ( 29.00000000000000000, -11.00000000000000000, -13.00000000000000000 ) ) ;
#5424 = EDGE_CURVE ( 'NONE', #6785, #2904, #5687, .T. ) ;
#5425 = ORIENTED_EDGE ( 'NONE', *, *, #7222, .F. ) ;
#5426 = VERTEX_POINT ( 'NONE', #9102 ) ;
#5427 = EDGE_CURVE ( 'NONE', #6945, #6302, #8532, .T. ) ;
#5428 = AXIS2_PLACEMENT_3D ( 'NONE', #1297, #7327, #9481 ) ;
#5429 = ORIENTED_EDGE ( 'NONE', *, *, #900, .F. ) ;
#5430 = DIRECTION ( 'NONE',  ( 0.000000000000000000, 0.000000000000000000, 1.000000000000000000 ) ) ;
#5431 = DIRECTION ( 'NONE',  ( 0.000000000000000000, 0.000000000000000000, -1.000000000000000000 ) ) ;
#5432 = EDGE_CURVE ( 'NONE', #1351, #3205, #3917, .T. ) ;
#5433 = VERTEX_POINT ( 'NONE', #1940 ) ;
#5434 = DIRECTION ( 'NONE',  ( -0.000000000000000000, 1.000000000000000000, 0.000000000000000000 ) ) ;
#5435 = ORIENTED_EDGE ( 'NONE', *, *, #9210, .F. ) ;
#5436 = CARTESIAN_POINT ( 'NONE',  ( 10.00000000000002665, -12.37999999999999901, -15.99999999999990408 ) ) ;
#5437 = DIRECTION ( 'NONE',  ( 0.000000000000000000, 0.000000000000000000, -1.000000000000000000 ) ) ;
#5438 = DIRECTION ( 'NONE',  ( -0.000000000000000000, 1.000000000000000000, -0.000000000000000000 ) ) ;
#5439 = EDGE_CURVE ( 'NONE', #8426, #9176, #5694, .T. ) ;
#5440 = DIRECTION ( 'NONE',  ( -4.841193211655195936E-16, 0.000000000000000000, -1.000000000000000000 ) ) ;
#5441 = EDGE_CURVE ( 'NONE', #1248, #3780, #2866, .T. ) ;
#5442 = FACE_OUTER_BOUND ( 'NONE', #17, .T. ) ;
#5443 = CYLINDRICAL_SURFACE ( 'NONE', #8546, 0.5000000000000004441 ) ;
#5444 = AXIS2_PLACEMENT_3D ( 'NONE', #1042, #1776, #4798 ) ;
#5445 = CIRCLE ( 'NONE', #7012, 1.678920238245226848 ) ;
#5446 = DIRECTION ( 'NONE',  ( -1.000000000000000000, -0.000000000000000000, -0.000000000000000000 ) ) ;
#5447 = DIRECTION ( 'NONE',  ( -1.000000000000000000, 0.000000000000000000, -0.000000000000000000 ) ) ;
#5448 = DIRECTION ( 'NONE',  ( 0.000000000000000000, -1.508455196501571429E-16, 1.000000000000000000 ) ) ;
#5449 = DIRECTION ( 'NONE',  ( 0.000000000000000000, -1.000000000000000000, -0.000000000000000000 ) ) ;
#5450 = DIRECTION ( 'NONE',  ( 0.000000000000000000, 0.000000000000000000, 1.000000000000000000 ) ) ;
#5451 = CIRCLE ( 'NONE', #579, 2.000000000000000000 ) ;
#5452 = CARTESIAN_POINT ( 'NONE',  ( 6.999999999999999112, -11.11999999999999922, 4.119999999999952145 ) ) ;
#5453 = FACE_OUTER_BOUND ( 'NONE', #293, .T. ) ;
#5454 = ORIENTED_EDGE ( 'NONE', *, *, #2750, .F. ) ;
#5455 = AXIS2_PLACEMENT_3D ( 'NONE', #2245, #4627, #2193 ) ;
#5456 = ORIENTED_EDGE ( 'NONE', *, *, #9202, .F. ) ;
#5457 = DIRECTION ( 'NONE',  ( -0.000000000000000000, 1.508455196501571429E-16, -1.000000000000000000 ) ) ;
#5458 = CARTESIAN_POINT ( 'NONE',  ( -6.999999999999999112, -11.11999999999999922, 4.120000000000000107 ) ) ;
#5459 = DIRECTION ( 'NONE',  ( 0.000000000000000000, -1.000000000000000000, 0.000000000000000000 ) ) ;
#5460 = EDGE_LOOP ( 'NONE', ( #6099, #2075, #7792, #7799 ) ) ;
#5461 = CARTESIAN_POINT ( 'NONE',  ( -28.87999999999999901, -10.49999999999999645, -12.50000000000000178 ) ) ;
#5462 = ORIENTED_EDGE ( 'NONE', *, *, #7526, .T. ) ;
#5463 = ORIENTED_EDGE ( 'NONE', *, *, #4468, .T. ) ;
#5464 = DIRECTION ( 'NONE',  ( 0.000000000000000000, 0.000000000000000000, -1.000000000000000000 ) ) ;
#5465 = ADVANCED_FACE ( 'NONE', ( #7872 ), #1601, .T. ) ;
#5466 = ORIENTED_EDGE ( 'NONE', *, *, #3229, .T. ) ;
#5467 = DIRECTION ( 'NONE',  ( 0.000000000000000000, 0.000000000000000000, 1.000000000000000000 ) ) ;
#5468 = CARTESIAN_POINT ( 'NONE',  ( 11.62534587271282938, 7.748877653752450634, 17.38000000000000611 ) ) ;
#5469 = ORIENTED_EDGE ( 'NONE', *, *, #8289, .F. ) ;
#5470 = ADVANCED_FACE ( 'NONE', ( #472 ), #7225, .T. ) ;
#5471 = EDGE_CURVE ( 'NONE', #581, #1180, #9473, .T. ) ;
#5472 = DIRECTION ( 'NONE',  ( 0.000000000000000000, -1.000000000000000000, 0.000000000000000000 ) ) ;
#5473 = CARTESIAN_POINT ( 'NONE',  ( -9.999999999999927169, -12.49999999999999822, -0.4999999999998998579 ) ) ;
#5474 = ORIENTED_EDGE ( 'NONE', *, *, #2160, .T. ) ;
#5475 = ORIENTED_EDGE ( 'NONE', *, *, #1378, .F. ) ;
#5476 = ADVANCED_FACE ( 'NONE', ( #4212 ), #198, .T. ) ;
#5477 = VERTEX_POINT ( 'NONE', #1841 ) ;
#5478 = CARTESIAN_POINT ( 'NONE',  ( 10.12534587271282582, 0.7488776537524508559, 17.38000000000000611 ) ) ;
#5479 = DIRECTION ( 'NONE',  ( -1.224646799147352961E-16, 1.000000000000000000, 0.000000000000000000 ) ) ;
#5480 = DIRECTION ( 'NONE',  ( 0.000000000000000000, 0.000000000000000000, 1.000000000000000000 ) ) ;
#5481 = LINE ( 'NONE', #3210, #5697 ) ;
#5482 = EDGE_CURVE ( 'NONE', #5649, #6843, #6808, .T. ) ;
#5483 = DIRECTION ( 'NONE',  ( -0.000000000000000000, 1.508455196501571429E-16, -1.000000000000000000 ) ) ;
#5484 = VECTOR ( 'NONE', #1762, 1000.000000000000000 ) ;
#5485 = DIRECTION ( 'NONE',  ( -0.000000000000000000, -0.000000000000000000, 1.000000000000000000 ) ) ;
#5486 = ORIENTED_EDGE ( 'NONE', *, *, #8633, .T. ) ;
#5487 = ADVANCED_FACE ( 'NONE', ( #9484 ), #4118, .T. ) ;
#5488 = ADVANCED_FACE ( 'NONE', ( #3527 ), #2784, .T. ) ;
#5489 = DIRECTION ( 'NONE',  ( -0.000000000000000000, 1.000000000000000000, 1.508455196501571429E-16 ) ) ;
#5490 = DIRECTION ( 'NONE',  ( -0.000000000000000000, -1.000000000000000000, -0.000000000000000000 ) ) ;
#5491 = DIRECTION ( 'NONE',  ( 1.000000000000000000, 0.000000000000000000, 0.000000000000000000 ) ) ;
#5492 = DIRECTION ( 'NONE',  ( 1.000000000000000000, 0.000000000000000000, 0.000000000000000000 ) ) ;
#5493 = CIRCLE ( 'NONE', #5805, 4.619999999999998330 ) ;
#5494 = FACE_OUTER_BOUND ( 'NONE', #8563, .T. ) ;
#5495 = CARTESIAN_POINT ( 'NONE',  ( 9.874654127287220362, -6.248877653752255235, 16.11999999999999744 ) ) ;
#5496 = DIRECTION ( 'NONE',  ( 0.000000000000000000, -1.000000000000000000, 0.000000000000000000 ) ) ;
#5497 = CIRCLE ( 'NONE', #1869, 1.879999999999999671 ) ;
#5498 = EDGE_CURVE ( 'NONE', #7632, #8682, #5739, .T. ) ;
#5499 = CIRCLE ( 'NONE', #8329, 1.620000000000000329 ) ;
#5500 = EDGE_CURVE ( 'NONE', #8930, #7642, #6376, .T. ) ;
#5501 = VERTEX_POINT ( 'NONE', #8023 ) ;
#5502 = ORIENTED_EDGE ( 'NONE', *, *, #3959, .T. ) ;
#5503 = ORIENTED_EDGE ( 'NONE', *, *, #1433, .F. ) ;
#5504 = TOROIDAL_SURFACE ( 'NONE', #7247, 1.620000000000000329, 0.1199999999999999956 ) ;
#5505 = CARTESIAN_POINT ( 'NONE',  ( 11.62534587271282405, 0.7488776537524508559, 10.50000000000001243 ) ) ;
#5506 = CARTESIAN_POINT ( 'NONE',  ( -10.00000000000002665, -12.37999999999999901, -12.87999999999990131 ) ) ;
#5507 = CIRCLE ( 'NONE', #5821, 0.1199999999999985800 ) ;
#5508 = CARTESIAN_POINT ( 'NONE',  ( -27.00000000000000355, -11.11999999999999744, 9.833487943424977118 ) ) ;
#5509 = AXIS2_PLACEMENT_3D ( 'NONE', #8951, #1445, #1395 ) ;
#5510 = ORIENTED_EDGE ( 'NONE', *, *, #2518, .T. ) ;
#5511 = DIRECTION ( 'NONE',  ( 0.000000000000000000, -1.000000000000000000, 0.000000000000000000 ) ) ;
#5512 = EDGE_LOOP ( 'NONE', ( #2761, #7054, #280, #9154 ) ) ;
#5513 = ORIENTED_EDGE ( 'NONE', *, *, #2509, .T. ) ;
#5514 = CARTESIAN_POINT ( 'NONE',  ( -10.00000000000000178, -11.11999999999999922, -7.499999999999999112 ) ) ;
#5515 = CIRCLE ( 'NONE', #174, 1.620000000000003437 ) ;
#5516 = EDGE_LOOP ( 'NONE', ( #4704, #8253, #8189, #3995, #9558 ) ) ;
#5517 = CARTESIAN_POINT ( 'NONE',  ( 21.50000000000000355, -11.00000000000000000, 10.33348794342497712 ) ) ;
#5518 = AXIS2_PLACEMENT_3D ( 'NONE', #8119, #4996, #9714 ) ;
#5519 = AXIS2_PLACEMENT_3D ( 'NONE', #2243, #6119, #5255 ) ;
#5520 =( LENGTH_UNIT ( ) NAMED_UNIT ( * ) SI_UNIT ( .MILLI., .METRE. ) );
#5521 = CIRCLE ( 'NONE', #958, 1.620000000000000329 ) ;
#5522 = LINE ( 'NONE', #9311, #3313 ) ;
#5523 = TOROIDAL_SURFACE ( 'NONE', #5518, 1.678920238245227292, 0.1199999999999999956 ) ;
#5524 = LINE ( 'NONE', #4885, #8113 ) ;
#5525 = ORIENTED_EDGE ( 'NONE', *, *, #4418, .F. ) ;
#5526 = ORIENTED_EDGE ( 'NONE', *, *, #68, .T. ) ;
#5527 = VERTEX_POINT ( 'NONE', #6421 ) ;
#5528 = DIRECTION ( 'NONE',  ( 0.000000000000000000, 0.000000000000000000, 1.000000000000000000 ) ) ;
#5529 = AXIS2_PLACEMENT_3D ( 'NONE', #9590, #6687, #6485 ) ;
#5530 = DIRECTION ( 'NONE',  ( 0.000000000000000000, 0.000000000000000000, -1.000000000000000000 ) ) ;
#5531 = CARTESIAN_POINT ( 'NONE',  ( 21.00000000000000000, -11.11999999999999744, -12.49999999999999822 ) ) ;
#5532 = AXIS2_PLACEMENT_3D ( 'NONE', #1076, #1715, #8483 ) ;
#5533 = DIRECTION ( 'NONE',  ( 0.000000000000000000, -1.000000000000000000, -0.000000000000000000 ) ) ;
#5534 = ADVANCED_FACE ( 'NONE', ( #7928 ), #9318, .T. ) ;
#5535 = DIRECTION ( 'NONE',  ( 0.000000000000000000, 0.000000000000000000, -1.000000000000000000 ) ) ;
#5536 = CIRCLE ( 'NONE', #8531, 0.1199999999999985800 ) ;
#5537 = DIRECTION ( 'NONE',  ( 0.000000000000000000, 0.000000000000000000, -1.000000000000000000 ) ) ;
#5538 = AXIS2_PLACEMENT_3D ( 'NONE', #8728, #6783, #9561 ) ;
#5539 = ADVANCED_FACE ( 'NONE', ( #2631 ), #518, .T. ) ;
#5540 = EDGE_CURVE ( 'NONE', #9385, #6681, #5858, .T. ) ;
#5541 = CARTESIAN_POINT ( 'NONE',  ( -24.49999999999999645, -12.37999999999999901, 2.500000000000001332 ) ) ;
#5542 = CARTESIAN_POINT ( 'NONE',  ( 2.428612866367529932E-14, -11.00000000000000000, 9.500000000000001776 ) ) ;
#5543 = DIRECTION ( 'NONE',  ( -0.000000000000000000, -0.000000000000000000, 1.000000000000000000 ) ) ;
#5544 = DIRECTION ( 'NONE',  ( 4.841193211655195936E-16, -0.000000000000000000, 1.000000000000000000 ) ) ;
#5545 = VECTOR ( 'NONE', #1086, 1000.000000000000000 ) ;
#5546 = DIRECTION ( 'NONE',  ( 0.000000000000000000, -1.000000000000000000, 0.000000000000000000 ) ) ;
#5547 = CIRCLE ( 'NONE', #5394, 1.500000000000000666 ) ;
#5548 = EDGE_CURVE ( 'NONE', #161, #8985, #8540, .T. ) ;
#5549 = CARTESIAN_POINT ( 'NONE',  ( 20.10000000000000853, -12.37999999999998835, -11.11041406348422811 ) ) ;
#5550 = DIRECTION ( 'NONE',  ( 0.000000000000000000, -1.000000000000000000, 0.000000000000000000 ) ) ;
#5551 = VECTOR ( 'NONE', #1031, 1000.000000000000000 ) ;
#5552 = ORIENTED_EDGE ( 'NONE', *, *, #2481, .F. ) ;
#5553 = ORIENTED_EDGE ( 'NONE', *, *, #3115, .T. ) ;
#5554 = CIRCLE ( 'NONE', #6491, 0.1199999999999998845 ) ;
#5555 = DIRECTION ( 'NONE',  ( -1.000000000000000000, 0.000000000000000000, 0.000000000000000000 ) ) ;
#5556 = DIRECTION ( 'NONE',  ( 1.000000000000000000, 0.000000000000000000, 0.000000000000000000 ) ) ;
#5557 = DIRECTION ( 'NONE',  ( 0.000000000000000000, 0.000000000000000000, 1.000000000000000000 ) ) ;
#5558 = EDGE_CURVE ( 'NONE', #2633, #7945, #5547, .T. ) ;
#5559 = EDGE_CURVE ( 'NONE', #6351, #399, #1448, .T. ) ;
#5560 = CARTESIAN_POINT ( 'NONE',  ( 22.50000000000000711, 11.99999999999999645, 4.499999999999997335 ) ) ;
#5561 = VECTOR ( 'NONE', #8306, 1000.000000000000000 ) ;
#5562 = CARTESIAN_POINT ( 'NONE',  ( 10.00000000000002665, -12.37999999999999901, -14.49999999999990230 ) ) ;
#5563 = VERTEX_POINT ( 'NONE', #2088 ) ;
#5564 = EDGE_LOOP ( 'NONE', ( #7055, #1481, #3970, #2161, #6054 ) ) ;
#5565 = AXIS2_PLACEMENT_3D ( 'NONE', #3215, #8500, #7764 ) ;
#5566 = ORIENTED_EDGE ( 'NONE', *, *, #2283, .T. ) ;
#5567 = CARTESIAN_POINT ( 'NONE',  ( -11.37465412728722391, -6.248877653752255235, 17.38000000000000611 ) ) ;
#5568 = CARTESIAN_POINT ( 'NONE',  ( -10.00000000000002665, 1.727922061357856087, -14.49999999999990230 ) ) ;
#5569 = DIRECTION ( 'NONE',  ( -1.000000000000000000, 0.000000000000000000, 0.000000000000000000 ) ) ;
#5570 = CARTESIAN_POINT ( 'NONE',  ( 8.374654127287218586, -6.248877653752255235, 17.38000000000000611 ) ) ;
#5571 = EDGE_LOOP ( 'NONE', ( #6634, #3382, #2200, #2006 ) ) ;
#5572 = EDGE_LOOP ( 'NONE', ( #2920, #235, #3041, #7294 ) ) ;
#5573 = DIRECTION ( 'NONE',  ( -0.000000000000000000, -1.000000000000000000, -0.000000000000000000 ) ) ;
#5574 = DIRECTION ( 'NONE',  ( 0.000000000000000000, -1.000000000000000000, 0.000000000000000000 ) ) ;
#5575 = AXIS2_PLACEMENT_3D ( 'NONE', #7630, #2984, #687 ) ;
#5576 = CARTESIAN_POINT ( 'NONE',  ( -21.11999999999999744, -10.49999999999999645, -12.50000000000000178 ) ) ;
#5577 = CARTESIAN_POINT ( 'NONE',  ( 20.70000000000000284, -12.37999999999999901, -11.11041406348422633 ) ) ;
#5578 = AXIS2_PLACEMENT_3D ( 'NONE', #348, #3343, #6400 ) ;
#5579 = CARTESIAN_POINT ( 'NONE',  ( -22.50000000000000711, 10.49999999999999112, -14.37999999999999723 ) ) ;
#5580 = ORIENTED_EDGE ( 'NONE', *, *, #5318, .F. ) ;
#5581 = AXIS2_PLACEMENT_3D ( 'NONE', #1341, #4205, #464 ) ;
#5582 = CARTESIAN_POINT ( 'NONE',  ( 22.50000000000000711, 11.88000000000000256, -13.11999999999999922 ) ) ;
#5583 = LINE ( 'NONE', #8458, #645 ) ;
#5584 = EDGE_CURVE ( 'NONE', #3267, #392, #7915, .T. ) ;
#5585 = DIRECTION ( 'NONE',  ( 0.000000000000000000, 0.000000000000000000, -1.000000000000000000 ) ) ;
#5586 = CARTESIAN_POINT ( 'NONE',  ( 0.000000000000000000, -12.49999999999999822, 7.120000000000000995 ) ) ;
#5587 = CARTESIAN_POINT ( 'NONE',  ( -24.00000000000000000, 5.749999999999999112, -13.12000000000000099 ) ) ;
#5588 = AXIS2_PLACEMENT_3D ( 'NONE', #4058, #5492, #8504 ) ;
#5589 = EDGE_CURVE ( 'NONE', #5951, #7546, #3816, .T. ) ;
#5590 = AXIS2_PLACEMENT_3D ( 'NONE', #1135, #4245, #8782 ) ;
#5591 = EDGE_CURVE ( 'NONE', #979, #9500, #3675, .T. ) ;
#5592 = CARTESIAN_POINT ( 'NONE',  ( -10.12534587271282582, 7.748877653752450634, 16.12000000000000099 ) ) ;
#5593 = EDGE_LOOP ( 'NONE', ( #2746, #6968, #6391, #4227 ) ) ;
#5594 = ORIENTED_EDGE ( 'NONE', *, *, #7847, .F. ) ;
#5595 = ADVANCED_FACE ( 'NONE', ( #1300 ), #2188, .T. ) ;
#5596 = AXIS2_PLACEMENT_3D ( 'NONE', #4355, #560, #1922 ) ;
#5597 = DIRECTION ( 'NONE',  ( 0.000000000000000000, 0.000000000000000000, -1.000000000000000000 ) ) ;
#5598 = DIRECTION ( 'NONE',  ( 0.000000000000000000, 0.000000000000000000, 1.000000000000000000 ) ) ;
#5599 = VECTOR ( 'NONE', #2683, 1000.000000000000000 ) ;
#5600 = CARTESIAN_POINT ( 'NONE',  ( 6.999999999999999112, -11.00000000000000000, 2.499999999999951594 ) ) ;
#5601 = LINE ( 'NONE', #1999, #6276 ) ;
#5602 = ORIENTED_EDGE ( 'NONE', *, *, #3849, .F. ) ;
#5603 = TOROIDAL_SURFACE ( 'NONE', #9379, 1.620000000000000773, 0.1199999999999999956 ) ;
#5604 = CIRCLE ( 'NONE', #6388, 1.620000000000001661 ) ;
#5605 = CYLINDRICAL_SURFACE ( 'NONE', #4156, 0.5000000000000004441 ) ;
#5606 = VERTEX_POINT ( 'NONE', #2830 ) ;
#5607 = ORIENTED_EDGE ( 'NONE', *, *, #8756, .F. ) ;
#5608 = CARTESIAN_POINT ( 'NONE',  ( 3.001122346247667938, 0.8753458727129063144, 16.00000000000000000 ) ) ;
#5609 = EDGE_CURVE ( 'NONE', #5323, #5606, #6584, .T. ) ;
#5610 = ORIENTED_EDGE ( 'NONE', *, *, #2889, .T. ) ;
#5611 = EDGE_CURVE ( 'NONE', #4391, #2944, #3172, .T. ) ;
#5612 = CARTESIAN_POINT ( 'NONE',  ( 27.50000000000000000, 11.87999999999999545, -13.00000000000000000 ) ) ;
#5613 = DIRECTION ( 'NONE',  ( 0.000000000000000000, 0.000000000000000000, 1.000000000000000000 ) ) ;
#5614 = TOROIDAL_SURFACE ( 'NONE', #4342, 0.6199999999999999956, 0.1199999999999999956 ) ;
#5615 = DIRECTION ( 'NONE',  ( 0.000000000000000000, 0.000000000000000000, 1.000000000000000000 ) ) ;
#5616 = DIRECTION ( 'NONE',  ( -0.000000000000000000, -1.000000000000000000, -0.000000000000000000 ) ) ;
#5617 = DIRECTION ( 'NONE',  ( 0.000000000000000000, -1.000000000000000000, -0.000000000000000000 ) ) ;
#5618 = ORIENTED_EDGE ( 'NONE', *, *, #3084, .F. ) ;
#5619 = ORIENTED_EDGE ( 'NONE', *, *, #3084, .T. ) ;
#5620 = ORIENTED_EDGE ( 'NONE', *, *, #4951, .T. ) ;
#5621 = DIRECTION ( 'NONE',  ( 0.000000000000000000, 0.000000000000000000, 1.000000000000000000 ) ) ;
#5622 = FACE_OUTER_BOUND ( 'NONE', #8478, .T. ) ;
#5623 = CARTESIAN_POINT ( 'NONE',  ( 24.00000000000000000, -2.632523745243640523, -14.50000000000000000 ) ) ;
#5624 = CARTESIAN_POINT ( 'NONE',  ( -3.001122346247667938, 0.8753458727129063144, 16.12000000000000099 ) ) ;
#5625 = ORIENTED_EDGE ( 'NONE', *, *, #4752, .F. ) ;
#5626 = DIRECTION ( 'NONE',  ( 1.000000000000000000, 0.000000000000000000, 0.000000000000000000 ) ) ;
#5627 = CARTESIAN_POINT ( 'NONE',  ( -16.99999999999999645, -12.37999999999999901, -9.119999999999850004 ) ) ;
#5628 = CARTESIAN_POINT ( 'NONE',  ( 10.00000000000000178, -11.00000000000000000, -2.880000000000000782 ) ) ;
#5629 = CARTESIAN_POINT ( 'NONE',  ( 24.00000000000000000, 5.749999999999999112, -13.00000000000000000 ) ) ;
#5630 = ORIENTED_EDGE ( 'NONE', *, *, #2891, .F. ) ;
#5631 = CYLINDRICAL_SURFACE ( 'NONE', #6925, 1.500000000000001332 ) ;
#5632 = DIRECTION ( 'NONE',  ( 0.000000000000000000, 0.000000000000000000, -1.000000000000000000 ) ) ;
#5633 = DIRECTION ( 'NONE',  ( 0.000000000000000000, -1.000000000000000000, 0.000000000000000000 ) ) ;
#5634 = ORIENTED_EDGE ( 'NONE', *, *, #4208, .T. ) ;
#5635 = AXIS2_PLACEMENT_3D ( 'NONE', #7842, #1069, #6442 ) ;
#5636 = DIRECTION ( 'NONE',  ( 1.000000000000000000, 0.000000000000000000, 0.000000000000000000 ) ) ;
#5637 = EDGE_CURVE ( 'NONE', #7992, #2013, #1493, .T. ) ;
#5638 = DIRECTION ( 'NONE',  ( -0.000000000000000000, 1.508455196501571429E-16, -1.000000000000000000 ) ) ;
#5639 = EDGE_LOOP ( 'NONE', ( #1963, #6366 ) ) ;
#5640 = VECTOR ( 'NONE', #1401, 1000.000000000000000 ) ;
#5641 = DIRECTION ( 'NONE',  ( 0.000000000000000000, 0.000000000000000000, -1.000000000000000000 ) ) ;
#5642 = CARTESIAN_POINT ( 'NONE',  ( 16.99999999999999645, -12.37999999999999901, -5.879999999999853344 ) ) ;
#5643 = DIRECTION ( 'NONE',  ( -1.000000000000000000, 0.000000000000000000, 0.000000000000000000 ) ) ;
#5644 = DIRECTION ( 'NONE',  ( 0.000000000000000000, 0.000000000000000000, 1.000000000000000000 ) ) ;
#5645 = AXIS2_PLACEMENT_3D ( 'NONE', #9146, #5942, #2976 ) ;
#5646 = EDGE_CURVE ( 'NONE', #7631, #9053, #672, .T. ) ;
#5647 = TOROIDAL_SURFACE ( 'NONE', #6270, 1.620000000000002549, 0.1199999999999999956 ) ;
#5648 = DIRECTION ( 'NONE',  ( 0.000000000000000000, -1.000000000000000000, 0.000000000000000000 ) ) ;
#5649 = VERTEX_POINT ( 'NONE', #9001 ) ;
#5650 = ORIENTED_EDGE ( 'NONE', *, *, #3965, .F. ) ;
#5651 = DIRECTION ( 'NONE',  ( 0.000000000000000000, -1.000000000000000000, 0.000000000000000000 ) ) ;
#5652 = ORIENTED_EDGE ( 'NONE', *, *, #6534, .T. ) ;
#5653 = EDGE_CURVE ( 'NONE', #2370, #530, #7441, .T. ) ;
#5654 = CARTESIAN_POINT ( 'NONE',  ( -27.00000000000000355, -12.49999999999999822, 7.833487943424977118 ) ) ;
#5655 = EDGE_CURVE ( 'NONE', #3276, #3945, #9309, .T. ) ;
#5656 = AXIS2_PLACEMENT_3D ( 'NONE', #4520, #7675, #3769 ) ;
#5657 = CIRCLE ( 'NONE', #943, 1.558920238245227408 ) ;
#5658 = VERTEX_POINT ( 'NONE', #8269 ) ;
#5659 = EDGE_CURVE ( 'NONE', #2253, #5170, #7377, .T. ) ;
#5660 = CARTESIAN_POINT ( 'NONE',  ( -8.254654127287219367, -6.248877653752255235, 17.50000000000000355 ) ) ;
#5661 = AXIS2_PLACEMENT_3D ( 'NONE', #6369, #3259, #5585 ) ;
#5662 = VERTEX_POINT ( 'NONE', #1350 ) ;
#5663 = LINE ( 'NONE', #7802, #3673 ) ;
#5664 = ORIENTED_EDGE ( 'NONE', *, *, #9704, .F. ) ;
#5665 = EDGE_LOOP ( 'NONE', ( #6252, #6656 ) ) ;
#5666 = AXIS2_PLACEMENT_3D ( 'NONE', #2236, #2878, #7421 ) ;
#5667 = ORIENTED_EDGE ( 'NONE', *, *, #1034, .T. ) ;
#5668 = AXIS2_PLACEMENT_3D ( 'NONE', #3258, #6264, #1835 ) ;
#5669 = CARTESIAN_POINT ( 'NONE',  ( -8.374654127287218586, -6.248877653752255235, 10.50000000000001243 ) ) ;
#5670 = DIRECTION ( 'NONE',  ( -1.000000000000000000, -0.000000000000000000, 0.000000000000000000 ) ) ;
#5671 = DIRECTION ( 'NONE',  ( 0.000000000000000000, 0.000000000000000000, -1.000000000000000000 ) ) ;
#5672 = VECTOR ( 'NONE', #5574, 1000.000000000000000 ) ;
#5673 = DIRECTION ( 'NONE',  ( 0.000000000000000000, 0.000000000000000000, 1.000000000000000000 ) ) ;
#5674 = AXIS2_PLACEMENT_3D ( 'NONE', #7761, #8496, #366 ) ;
#5675 = EDGE_CURVE ( 'NONE', #8780, #6929, #5235, .T. ) ;
#5676 = EDGE_CURVE ( 'NONE', #5916, #993, #4290, .T. ) ;
#5677 = DIRECTION ( 'NONE',  ( 0.000000000000000000, -1.000000000000000000, 0.000000000000000000 ) ) ;
#5678 = DIRECTION ( 'NONE',  ( 0.000000000000000000, 0.000000000000000000, -1.000000000000000000 ) ) ;
#5679 = AXIS2_PLACEMENT_3D ( 'NONE', #8713, #8660, #435 ) ;
#5680 = DIRECTION ( 'NONE',  ( 0.000000000000000000, -1.000000000000000000, 0.000000000000000000 ) ) ;
#5681 = DIRECTION ( 'NONE',  ( 0.000000000000000000, 1.000000000000000000, 0.000000000000000000 ) ) ;
#5682 = CIRCLE ( 'NONE', #5221, 1.500000000000000000 ) ;
#5683 = DIRECTION ( 'NONE',  ( 1.000000000000000000, 0.000000000000000000, 0.000000000000000000 ) ) ;
#5684 = DIRECTION ( 'NONE',  ( 0.000000000000000000, 0.000000000000000000, 1.000000000000000000 ) ) ;
#5685 = CIRCLE ( 'NONE', #6788, 1.499999999999999556 ) ;
#5686 = CARTESIAN_POINT ( 'NONE',  ( 22.50000000000000711, 10.49999999999999822, -14.49999999999999822 ) ) ;
#5687 = CIRCLE ( 'NONE', #2230, 1.500000000000000444 ) ;
#5688 = DIRECTION ( 'NONE',  ( 0.000000000000000000, -1.000000000000000000, 0.000000000000000000 ) ) ;
#5689 = EDGE_LOOP ( 'NONE', ( #8535, #9701, #4471, #8719 ) ) ;
#5690 = EDGE_LOOP ( 'NONE', ( #9552, #7594, #6147, #8482 ) ) ;
#5691 = CIRCLE ( 'NONE', #7744, 1.500000000000003109 ) ;
#5692 = DIRECTION ( 'NONE',  ( 0.000000000000000000, 0.000000000000000000, 1.000000000000000000 ) ) ;
#5693 = DIRECTION ( 'NONE',  ( 0.000000000000000000, -1.000000000000000000, 0.000000000000000000 ) ) ;
#5694 = CIRCLE ( 'NONE', #4612, 0.1200000000000003147 ) ;
#5695 = DIRECTION ( 'NONE',  ( 0.000000000000000000, 0.000000000000000000, -1.000000000000000000 ) ) ;
#5696 = DIRECTION ( 'NONE',  ( -0.000000000000000000, 1.000000000000000000, -0.000000000000000000 ) ) ;
#5697 = VECTOR ( 'NONE', #7810, 1000.000000000000000 ) ;
#5698 = CIRCLE ( 'NONE', #8243, 0.1199999999999998845 ) ;
#5699 = LINE ( 'NONE', #5799, #6041 ) ;
#5700 = ORIENTED_EDGE ( 'NONE', *, *, #5591, .F. ) ;
#5701 = ORIENTED_EDGE ( 'NONE', *, *, #5424, .T. ) ;
#5702 = ORIENTED_EDGE ( 'NONE', *, *, #7539, .F. ) ;
#5703 = VERTEX_POINT ( 'NONE', #5159 ) ;
#5704 = FACE_OUTER_BOUND ( 'NONE', #3105, .T. ) ;
#5705 = VERTEX_POINT ( 'NONE', #1396 ) ;
#5706 = ORIENTED_EDGE ( 'NONE', *, *, #1400, .T. ) ;
#5707 = VECTOR ( 'NONE', #2330, 1000.000000000000000 ) ;
#5708 = EDGE_CURVE ( 'NONE', #9431, #7344, #3329, .T. ) ;
#5709 = EDGE_LOOP ( 'NONE', ( #7465, #9263, #3665, #4876, #3595 ) ) ;
#5710 = VECTOR ( 'NONE', #5102, 1000.000000000000000 ) ;
#5711 = DIRECTION ( 'NONE',  ( -0.000000000000000000, -0.000000000000000000, 1.000000000000000000 ) ) ;
#5712 = ORIENTED_EDGE ( 'NONE', *, *, #4167, .T. ) ;
#5713 = EDGE_CURVE ( 'NONE', #7544, #8299, #6484, .T. ) ;
#5714 = CARTESIAN_POINT ( 'NONE',  ( -24.00000000000000000, 5.749999999999999112, -13.00000000000000000 ) ) ;
#5715 = ADVANCED_FACE ( 'NONE', ( #5939 ), #2237, .T. ) ;
#5716 = ORIENTED_EDGE ( 'NONE', *, *, #136, .F. ) ;
#5717 = CARTESIAN_POINT ( 'NONE',  ( -10.12534587271282582, 0.7488776537524508559, 16.00000000000000000 ) ) ;
#5718 = ORIENTED_EDGE ( 'NONE', *, *, #3201, .F. ) ;
#5719 = ORIENTED_EDGE ( 'NONE', *, *, #4368, .T. ) ;
#5720 = VECTOR ( 'NONE', #1705, 1000.000000000000000 ) ;
#5721 = CARTESIAN_POINT ( 'NONE',  ( -3.000000000000001776, -12.49999999999999822, -5.879999999999997229 ) ) ;
#5722 = EDGE_CURVE ( 'NONE', #7852, #2333, #8221, .T. ) ;
#5723 = DIRECTION ( 'NONE',  ( -1.000000000000000000, 0.000000000000000000, 0.000000000000000000 ) ) ;
#5724 = DIRECTION ( 'NONE',  ( 0.000000000000000000, 0.000000000000000000, -1.000000000000000000 ) ) ;
#5725 = CIRCLE ( 'NONE', #4639, 1.620000000000002549 ) ;
#5726 = DIRECTION ( 'NONE',  ( 1.000000000000000000, 0.000000000000000000, -2.891205793294696766E-15 ) ) ;
#5727 = TOROIDAL_SURFACE ( 'NONE', #7467, 1.880000000000000115, 0.1199999999999999956 ) ;
#5728 = DIRECTION ( 'NONE',  ( -1.000000000000000000, 0.000000000000000000, 0.000000000000000000 ) ) ;
#5729 = CARTESIAN_POINT ( 'NONE',  ( 5.657868212060770629E-16, -12.37999999999999901, -2.119999999999998774 ) ) ;
#5730 = CARTESIAN_POINT ( 'NONE',  ( 9.999999999999927169, 1.727922061357856087, -0.4999999999998998579 ) ) ;
#5731 = AXIS2_PLACEMENT_3D ( 'NONE', #1444, #4261, #5055 ) ;
#5732 = EDGE_CURVE ( 'NONE', #5170, #452, #7756, .T. ) ;
#5733 = EDGE_CURVE ( 'NONE', #4769, #8529, #9020, .T. ) ;
#5734 = FACE_OUTER_BOUND ( 'NONE', #674, .T. ) ;
#5735 = CYLINDRICAL_SURFACE ( 'NONE', #2780, 1.617476254756360587 ) ;
#5736 = DIRECTION ( 'NONE',  ( 1.000000000000000000, -1.224646799147352961E-16, -1.847324828052840849E-32 ) ) ;
#5737 = CARTESIAN_POINT ( 'NONE',  ( -9.999999999999927169, -12.49999999999999822, 1.120000000000100915 ) ) ;
#5738 = DIRECTION ( 'NONE',  ( 0.000000000000000000, 0.000000000000000000, -1.000000000000000000 ) ) ;
#5739 = LINE ( 'NONE', #6538, #1127 ) ;
#5740 = AXIS2_PLACEMENT_3D ( 'NONE', #6070, #2179, #2277 ) ;
#5741 = VERTEX_POINT ( 'NONE', #5344 ) ;
#5742 = EDGE_LOOP ( 'NONE', ( #2224, #4979, #4028, #5502, #5151 ) ) ;
#5743 = CARTESIAN_POINT ( 'NONE',  ( -27.00000000000000355, 27.00000000000000355, 9.833487943424977118 ) ) ;
#5744 = DIRECTION ( 'NONE',  ( 1.000000000000000000, 0.000000000000000000, -1.224646799147353207E-16 ) ) ;
#5745 = DIRECTION ( 'NONE',  ( -1.000000000000000000, 0.000000000000000000, 0.000000000000000000 ) ) ;
#5746 = DIRECTION ( 'NONE',  ( 0.000000000000000000, 0.000000000000000000, 1.000000000000000000 ) ) ;
#5747 = AXIS2_PLACEMENT_3D ( 'NONE', #5770, #6407, #5621 ) ;
#5748 = DIRECTION ( 'NONE',  ( 0.000000000000000000, -1.000000000000000000, 0.000000000000000000 ) ) ;
#5749 = ORIENTED_EDGE ( 'NONE', *, *, #7318, .F. ) ;
#5750 = ORIENTED_EDGE ( 'NONE', *, *, #8497, .F. ) ;
#5751 = DIRECTION ( 'NONE',  ( -0.000000000000000000, -0.000000000000000000, 1.000000000000000000 ) ) ;
#5752 = VECTOR ( 'NONE', #1284, 1000.000000000000000 ) ;
#5753 = VERTEX_POINT ( 'NONE', #4750 ) ;
#5754 = EDGE_LOOP ( 'NONE', ( #8602, #5702, #4828, #5125 ) ) ;
#5755 = AXIS2_PLACEMENT_3D ( 'NONE', #7589, #927, #1513 ) ;
#5756 = ORIENTED_EDGE ( 'NONE', *, *, #5764, .F. ) ;
#5757 = ORIENTED_EDGE ( 'NONE', *, *, #1978, .F. ) ;
#5758 = DIRECTION ( 'NONE',  ( -1.000000000000000000, 0.000000000000000000, 0.000000000000000000 ) ) ;
#5759 = VERTEX_POINT ( 'NONE', #5300 ) ;
#5760 = VERTEX_POINT ( 'NONE', #82 ) ;
#5761 = DIRECTION ( 'NONE',  ( 1.000000000000000000, 0.000000000000000000, 0.000000000000000000 ) ) ;
#5762 = CIRCLE ( 'NONE', #7025, 1.500000000000001332 ) ;
#5763 = DIRECTION ( 'NONE',  ( -0.000000000000000000, 1.000000000000000000, 0.000000000000000000 ) ) ;
#5764 = EDGE_CURVE ( 'NONE', #9498, #1959, #842, .T. ) ;
#5765 = ORIENTED_EDGE ( 'NONE', *, *, #5733, .T. ) ;
#5766 = CARTESIAN_POINT ( 'NONE',  ( -8.505345872712830158, 0.7488776537524510779, 17.50000000000000355 ) ) ;
#5767 = ORIENTED_EDGE ( 'NONE', *, *, #2729, .T. ) ;
#5768 = ORIENTED_EDGE ( 'NONE', *, *, #911, .T. ) ;
#5769 = AXIS2_PLACEMENT_3D ( 'NONE', #7022, #7372, #6531 ) ;
#5770 = CARTESIAN_POINT ( 'NONE',  ( 21.12000000000000099, 10.49999999999999822, -13.11999999999999922 ) ) ;
#5771 = ADVANCED_FACE ( 'NONE', ( #6965 ), #5443, .F. ) ;
#5772 = CARTESIAN_POINT ( 'NONE',  ( -9.874654127287220362, -7.748877653752257899, 16.11999999999999744 ) ) ;
#5773 = CARTESIAN_POINT ( 'NONE',  ( 9.874654127287220362, -6.248877653752255235, 17.50000000000000355 ) ) ;
#5774 = ADVANCED_FACE ( 'NONE', ( #1538 ), #3511, .T. ) ;
#5775 = ORIENTED_EDGE ( 'NONE', *, *, #1256, .F. ) ;
#5776 = DIRECTION ( 'NONE',  ( 0.000000000000000000, -1.000000000000000000, 0.000000000000000000 ) ) ;
#5777 = ADVANCED_FACE ( 'NONE', ( #7670 ), #3114, .F. ) ;
#5778 = DIRECTION ( 'NONE',  ( -0.000000000000000000, 1.000000000000000000, 0.000000000000000000 ) ) ;
#5779 = DIRECTION ( 'NONE',  ( -0.000000000000000000, 1.000000000000000000, 0.000000000000000000 ) ) ;
#5780 = ADVANCED_FACE ( 'NONE', ( #1643 ), #4703, .F. ) ;
#5781 = DIRECTION ( 'NONE',  ( 1.000000000000000000, -0.000000000000000000, -0.000000000000000000 ) ) ;
#5782 = CARTESIAN_POINT ( 'NONE',  ( -16.99887765375237692, 0.6246541272872884187, 16.12000000000000099 ) ) ;
#5783 = ADVANCED_FACE ( 'NONE', ( #3072 ), #3664, .T. ) ;
#5784 = CARTESIAN_POINT ( 'NONE',  ( -28.87999999999999901, -12.37999999999999901, 15.50000000000000178 ) ) ;
#5785 = DIRECTION ( 'NONE',  ( 0.000000000000000000, 0.000000000000000000, -1.000000000000000000 ) ) ;
#5786 = DIRECTION ( 'NONE',  ( 0.000000000000000000, 0.000000000000000000, 1.000000000000000000 ) ) ;
#5787 = EDGE_CURVE ( 'NONE', #7287, #6262, #271, .T. ) ;
#5788 = DIRECTION ( 'NONE',  ( -1.000000000000000000, -0.000000000000000000, 0.000000000000000000 ) ) ;
#5789 = ORIENTED_EDGE ( 'NONE', *, *, #5318, .T. ) ;
#5790 = DIRECTION ( 'NONE',  ( -1.000000000000000000, -0.000000000000000000, 2.891205793294696372E-15 ) ) ;
#5791 = LINE ( 'NONE', #7983, #5640 ) ;
#5792 = FACE_OUTER_BOUND ( 'NONE', #2001, .T. ) ;
#5793 = VECTOR ( 'NONE', #9121, 1000.000000000000000 ) ;
#5794 = CYLINDRICAL_SURFACE ( 'NONE', #191, 0.1200000000000003147 ) ;
#5795 = CARTESIAN_POINT ( 'NONE',  ( -3.001122346247667938, 0.8753458727129063144, 16.00000000000000000 ) ) ;
#5796 = EDGE_CURVE ( 'NONE', #3932, #4769, #3906, .T. ) ;
#5797 = EDGE_CURVE ( 'NONE', #5268, #1698, #7125, .T. ) ;
#5798 = CIRCLE ( 'NONE', #3755, 1.879999999999999671 ) ;
#5799 = CARTESIAN_POINT ( 'NONE',  ( -20.10000000000000853, -11.11999999999999744, -11.23041406348422733 ) ) ;
#5800 = VERTEX_POINT ( 'NONE', #1593 ) ;
#5801 = ORIENTED_EDGE ( 'NONE', *, *, #7859, .F. ) ;
#5802 = ORIENTED_EDGE ( 'NONE', *, *, #6506, .T. ) ;
#5803 = ORIENTED_EDGE ( 'NONE', *, *, #474, .T. ) ;
#5804 = LINE ( 'NONE', #7443, #6109 ) ;
#5805 = AXIS2_PLACEMENT_3D ( 'NONE', #6932, #7588, #2351 ) ;
#5806 = CARTESIAN_POINT ( 'NONE',  ( -3.001122346247667938, -0.6246541272870950179, 16.12000000000000099 ) ) ;
#5807 = VERTEX_POINT ( 'NONE', #6031 ) ;
#5808 = AXIS2_PLACEMENT_3D ( 'NONE', #55, #9070, #4340 ) ;
#5809 = ORIENTED_EDGE ( 'NONE', *, *, #8809, .F. ) ;
#5810 = CARTESIAN_POINT ( 'NONE',  ( -10.12534587271282582, 7.748877653752450634, 16.12000000000000099 ) ) ;
#5811 = VERTEX_POINT ( 'NONE', #1685 ) ;
#5812 = CARTESIAN_POINT ( 'NONE',  ( 2.428612866367529932E-14, -12.49999999999999822, 11.12000000000000099 ) ) ;
#5813 = EDGE_LOOP ( 'NONE', ( #7347, #6497, #1204, #5456 ) ) ;
#5814 = EDGE_LOOP ( 'NONE', ( #8027, #9241, #1965, #3604 ) ) ;
#5815 = AXIS2_PLACEMENT_3D ( 'NONE', #9213, #1710, #3747 ) ;
#5816 = DIRECTION ( 'NONE',  ( -0.000000000000000000, -0.000000000000000000, 1.000000000000000000 ) ) ;
#5817 = AXIS2_PLACEMENT_3D ( 'NONE', #3034, #6040, #7627 ) ;
#5818 = DIRECTION ( 'NONE',  ( 0.000000000000000000, 0.000000000000000000, -1.000000000000000000 ) ) ;
#5819 = CYLINDRICAL_SURFACE ( 'NONE', #5596, 1.684871098704546322 ) ;
#5820 = SURFACE_STYLE_FILL_AREA ( #410 ) ;
#5821 = AXIS2_PLACEMENT_3D ( 'NONE', #7512, #3063, #3018 ) ;
#5822 = ORIENTED_EDGE ( 'NONE', *, *, #5708, .F. ) ;
#5823 = DIRECTION ( 'NONE',  ( 0.000000000000000000, 0.000000000000000000, -1.000000000000000000 ) ) ;
#5824 = CIRCLE ( 'NONE', #1571, 1.500000000000000444 ) ;
#5825 = CARTESIAN_POINT ( 'NONE',  ( 18.61887765375237791, 0.6246541272872886408, 17.50000000000000355 ) ) ;
#5826 = ORIENTED_EDGE ( 'NONE', *, *, #5357, .F. ) ;
#5827 = CARTESIAN_POINT ( 'NONE',  ( 29.00000000000000000, -10.49999999999999645, -12.50000000000000178 ) ) ;
#5828 = AXIS2_PLACEMENT_3D ( 'NONE', #6817, #3714, #1531 ) ;
#5829 = CARTESIAN_POINT ( 'NONE',  ( -17.80000000000000782, -12.37999999999998835, -17.50000000000000000 ) ) ;
#5830 = DIRECTION ( 'NONE',  ( -1.000000000000000000, 0.000000000000000000, 0.000000000000000000 ) ) ;
#5831 = EDGE_CURVE ( 'NONE', #5800, #344, #6334, .T. ) ;
#5832 = TOROIDAL_SURFACE ( 'NONE', #3474, 4.620000000000000107, 0.1199999999999999956 ) ;
#5833 = CARTESIAN_POINT ( 'NONE',  ( 21.00000000000000355, 27.00000000000000355, 10.33348794342497712 ) ) ;
#5834 = AXIS2_PLACEMENT_3D ( 'NONE', #8954, #4421, #8226 ) ;
#5835 = LINE ( 'NONE', #5743, #7475 ) ;
#5836 = DIRECTION ( 'NONE',  ( -0.000000000000000000, 1.000000000000000000, 0.000000000000000000 ) ) ;
#5837 = AXIS2_PLACEMENT_3D ( 'NONE', #803, #2267, #65 ) ;
#5838 = DIRECTION ( 'NONE',  ( -0.000000000000000000, 1.000000000000000000, 0.000000000000000000 ) ) ;
#5839 = EDGE_CURVE ( 'NONE', #744, #7026, #9141, .T. ) ;
#5840 = EDGE_CURVE ( 'NONE', #5103, #930, #9324, .T. ) ;
#5841 = CIRCLE ( 'NONE', #7901, 1.500000000000001332 ) ;
#5842 = ORIENTED_EDGE ( 'NONE', *, *, #956, .T. ) ;
#5843 = ORIENTED_EDGE ( 'NONE', *, *, #6248, .F. ) ;
#5844 = DIRECTION ( 'NONE',  ( 0.000000000000000000, 0.000000000000000000, -1.000000000000000000 ) ) ;
#5845 = CARTESIAN_POINT ( 'NONE',  ( -9.999999999999927169, -12.37999999999999901, -0.4999999999998998579 ) ) ;
#5846 = DIRECTION ( 'NONE',  ( -0.000000000000000000, 1.000000000000000000, 0.000000000000000000 ) ) ;
#5847 = AXIS2_PLACEMENT_3D ( 'NONE', #481, #5210, #5849 ) ;
#5848 = EDGE_CURVE ( 'NONE', #2259, #7931, #1765, .T. ) ;
#5849 = DIRECTION ( 'NONE',  ( 0.000000000000000000, 0.000000000000000000, 1.000000000000000000 ) ) ;
#5850 = TOROIDAL_SURFACE ( 'NONE', #5224, 1.620000000000000773, 0.1199999999999999956 ) ;
#5851 = DIRECTION ( 'NONE',  ( -1.000000000000000000, 0.000000000000000000, 0.000000000000000000 ) ) ;
#5852 = ORIENTED_EDGE ( 'NONE', *, *, #9206, .T. ) ;
#5853 = AXIS2_PLACEMENT_3D ( 'NONE', #3574, #6473, #1987 ) ;
#5854 = DIRECTION ( 'NONE',  ( -1.000000000000000000, 0.000000000000000000, 0.000000000000000000 ) ) ;
#5855 = ORIENTED_EDGE ( 'NONE', *, *, #8992, .T. ) ;
#5856 = ORIENTED_EDGE ( 'NONE', *, *, #4656, .T. ) ;
#5857 = ORIENTED_EDGE ( 'NONE', *, *, #7434, .T. ) ;
#5858 = CIRCLE ( 'NONE', #3964, 1.500000000000002220 ) ;
#5859 = ORIENTED_EDGE ( 'NONE', *, *, #5915, .F. ) ;
#5860 = EDGE_CURVE ( 'NONE', #8295, #5606, #525, .T. ) ;
#5861 = ADVANCED_FACE ( 'NONE', ( #2574 ), #7291, .T. ) ;
#5862 = CIRCLE ( 'NONE', #1917, 1.499999999999997780 ) ;
#5863 = VERTEX_POINT ( 'NONE', #2623 ) ;
#5864 = FACE_BOUND ( 'NONE', #1851, .T. ) ;
#5865 = AXIS2_PLACEMENT_3D ( 'NONE', #9372, #5240, #612 ) ;
#5866 = EDGE_LOOP ( 'NONE', ( #1909, #9052, #4717, #5510, #4754 ) ) ;
#5867 = ORIENTED_EDGE ( 'NONE', *, *, #7538, .T. ) ;
#5868 = DIRECTION ( 'NONE',  ( -0.000000000000000000, 1.508455196501571429E-16, -1.000000000000000000 ) ) ;
#5869 = ORIENTED_EDGE ( 'NONE', *, *, #2941, .F. ) ;
#5870 = EDGE_LOOP ( 'NONE', ( #200, #1114, #5958, #5486 ) ) ;
#5871 = CIRCLE ( 'NONE', #7452, 0.1200000000000003147 ) ;
#5872 = DIRECTION ( 'NONE',  ( 0.000000000000000000, 0.000000000000000000, -1.000000000000000000 ) ) ;
#5873 = AXIS2_PLACEMENT_3D ( 'NONE', #8534, #6300, #6357 ) ;
#5874 = DIRECTION ( 'NONE',  ( -0.000000000000000000, 1.508455196501571429E-16, -1.000000000000000000 ) ) ;
#5875 = DIRECTION ( 'NONE',  ( -0.000000000000000000, -1.000000000000000000, -0.000000000000000000 ) ) ;
#5876 = EDGE_LOOP ( 'NONE', ( #6103, #3556, #1397, #7333 ) ) ;
#5877 = DIRECTION ( 'NONE',  ( 0.000000000000000000, -1.508455196501571429E-16, 1.000000000000000000 ) ) ;
#5878 = CIRCLE ( 'NONE', #7460, 1.500000000000001332 ) ;
#5879 = DIRECTION ( 'NONE',  ( -1.000000000000000000, 0.000000000000000000, 0.000000000000000000 ) ) ;
#5880 = ORIENTED_EDGE ( 'NONE', *, *, #5127, .T. ) ;
#5881 = VECTOR ( 'NONE', #7215, 1000.000000000000000 ) ;
#5882 = CARTESIAN_POINT ( 'NONE',  ( 24.49999999999999645, -12.49999999999999822, -7.499999999999999112 ) ) ;
#5883 = DIRECTION ( 'NONE',  ( -0.000000000000000000, 1.000000000000000000, -0.000000000000000000 ) ) ;
#5884 = DIRECTION ( 'NONE',  ( 0.000000000000000000, 0.000000000000000000, 1.000000000000000000 ) ) ;
#5885 = CIRCLE ( 'NONE', #1319, 4.619999999999998330 ) ;
#5886 = CARTESIAN_POINT ( 'NONE',  ( 16.99887765375237692, -0.9953458727127123540, 16.00000000000000000 ) ) ;
#5887 = DIRECTION ( 'NONE',  ( -1.000000000000000000, 0.000000000000000000, 0.000000000000000000 ) ) ;
#5888 = DIRECTION ( 'NONE',  ( 0.000000000000000000, -1.000000000000000000, 0.000000000000000000 ) ) ;
#5889 = DIRECTION ( 'NONE',  ( -0.000000000000000000, -1.000000000000000000, -0.000000000000000000 ) ) ;
#5890 = AXIS2_PLACEMENT_3D ( 'NONE', #3672, #5937, #8020 ) ;
#5891 = EDGE_CURVE ( 'NONE', #1118, #767, #5097, .T. ) ;
#5892 = EDGE_LOOP ( 'NONE', ( #4563, #9555, #3448, #9600 ) ) ;
#5893 = CARTESIAN_POINT ( 'NONE',  ( -16.99999999999999645, -11.00000000000000000, -9.119999999999850004 ) ) ;
#5894 = DIRECTION ( 'NONE',  ( -0.000000000000000000, 1.000000000000000000, 0.000000000000000000 ) ) ;
#5895 = CARTESIAN_POINT ( 'NONE',  ( -11.74534587271283037, 7.748877653752450634, 17.50000000000000355 ) ) ;
#5896 = CARTESIAN_POINT ( 'NONE',  ( 27.00000000000000355, -11.11999999999998323, 9.833487943424978894 ) ) ;
#5897 = EDGE_CURVE ( 'NONE', #6232, #3017, #5241, .T. ) ;
#5898 = ADVANCED_FACE ( 'NONE', ( #4997 ), #2722, .T. ) ;
#5899 = FACE_BOUND ( 'NONE', #8396, .T. ) ;
#5900 = EDGE_CURVE ( 'NONE', #1423, #6929, #5554, .T. ) ;
#5901 = DIRECTION ( 'NONE',  ( 0.000000000000000000, -1.000000000000000000, 0.000000000000000000 ) ) ;
#5902 = ORIENTED_EDGE ( 'NONE', *, *, #9166, .T. ) ;
#5903 = VERTEX_POINT ( 'NONE', #6412 ) ;
#5904 = VERTEX_POINT ( 'NONE', #4054 ) ;
#5905 = ORIENTED_EDGE ( 'NONE', *, *, #237, .F. ) ;
#5906 = DIRECTION ( 'NONE',  ( -0.000000000000000000, 1.000000000000000000, 0.000000000000000000 ) ) ;
#5907 = CIRCLE ( 'NONE', #1018, 1.678920238245226848 ) ;
#5908 = FACE_BOUND ( 'NONE', #9018, .T. ) ;
#5909 = ORIENTED_EDGE ( 'NONE', *, *, #4233, .F. ) ;
#5910 = CIRCLE ( 'NONE', #5936, 1.500000000000000444 ) ;
#5911 = VECTOR ( 'NONE', #8735, 1000.000000000000000 ) ;
#5912 = EDGE_CURVE ( 'NONE', #9063, #1175, #2711, .T. ) ;
#5913 = ORIENTED_EDGE ( 'NONE', *, *, #727, .F. ) ;
#5914 = DIRECTION ( 'NONE',  ( -1.000000000000000000, -0.000000000000000000, -0.000000000000000000 ) ) ;
#5915 = EDGE_CURVE ( 'NONE', #6002, #5658, #6325, .T. ) ;
#5916 = VERTEX_POINT ( 'NONE', #7914 ) ;
#5917 = VERTEX_POINT ( 'NONE', #2668 ) ;
#5918 = DIRECTION ( 'NONE',  ( 0.000000000000000000, 0.000000000000000000, -1.000000000000000000 ) ) ;
#5919 = AXIS2_PLACEMENT_3D ( 'NONE', #3950, #5438, #3999 ) ;
#5920 = DIRECTION ( 'NONE',  ( -0.000000000000000000, -1.000000000000000000, -0.000000000000000000 ) ) ;
#5921 = CARTESIAN_POINT ( 'NONE',  ( -27.00000000000000355, -12.37999999999997414, 9.833487943424977118 ) ) ;
#5922 = AXIS2_PLACEMENT_3D ( 'NONE', #2095, #2041, #2837 ) ;
#5923 = VERTEX_POINT ( 'NONE', #6261 ) ;
#5924 = EDGE_LOOP ( 'NONE', ( #1821, #8893, #4092, #8361 ) ) ;
#5925 = FACE_OUTER_BOUND ( 'NONE', #7346, .T. ) ;
#5926 = EDGE_CURVE ( 'NONE', #6107, #6150, #314, .T. ) ;
#5927 = CARTESIAN_POINT ( 'NONE',  ( -27.50000000000000000, 10.49999999999998757, 4.499999999999997335 ) ) ;
#5928 = EDGE_CURVE ( 'NONE', #7645, #9734, #2869, .T. ) ;
#5929 = CIRCLE ( 'NONE', #112, 0.1200000000000003147 ) ;
#5930 = AXIS2_PLACEMENT_3D ( 'NONE', #3218, #4708, #3260 ) ;
#5931 = ORIENTED_EDGE ( 'NONE', *, *, #7831, .F. ) ;
#5932 = DIRECTION ( 'NONE',  ( -1.000000000000000000, 0.000000000000000000, 0.000000000000000000 ) ) ;
#5933 = DIRECTION ( 'NONE',  ( 0.000000000000000000, -1.508455196501571429E-16, 1.000000000000000000 ) ) ;
#5934 = CARTESIAN_POINT ( 'NONE',  ( -27.50000000000000000, 10.49999999999999112, -13.11999999999999922 ) ) ;
#5935 = DIRECTION ( 'NONE',  ( 0.000000000000000000, 0.000000000000000000, -1.000000000000000000 ) ) ;
#5936 = AXIS2_PLACEMENT_3D ( 'NONE', #9193, #5449, #2484 ) ;
#5937 = DIRECTION ( 'NONE',  ( -1.000000000000000000, -0.000000000000000000, -0.000000000000000000 ) ) ;
#5938 = CARTESIAN_POINT ( 'NONE',  ( -24.49999999999999645, 1.727922061357856087, -7.499999999999999112 ) ) ;
#5939 = FACE_OUTER_BOUND ( 'NONE', #4437, .T. ) ;
#5940 = ORIENTED_EDGE ( 'NONE', *, *, #6882, .T. ) ;
#5941 = DIRECTION ( 'NONE',  ( -0.000000000000000000, -0.000000000000000000, 1.000000000000000000 ) ) ;
#5942 = DIRECTION ( 'NONE',  ( 0.000000000000000000, -1.000000000000000000, 0.000000000000000000 ) ) ;
#5943 = DIRECTION ( 'NONE',  ( -1.000000000000000000, -0.000000000000000000, -0.000000000000000000 ) ) ;
#5944 = FACE_OUTER_BOUND ( 'NONE', #6757, .T. ) ;
#5945 = EDGE_CURVE ( 'NONE', #8668, #3828, #1928, .T. ) ;
#5946 = DIRECTION ( 'NONE',  ( 0.000000000000000000, 1.000000000000000000, 1.508455196501571429E-16 ) ) ;
#5947 = CARTESIAN_POINT ( 'NONE',  ( -3.001122346247667938, 0.8753458727129063144, 10.50000000000001243 ) ) ;
#5948 = ORIENTED_EDGE ( 'NONE', *, *, #5, .F. ) ;
#5949 = ORIENTED_EDGE ( 'NONE', *, *, #2450, .F. ) ;
#5950 = EDGE_LOOP ( 'NONE', ( #3778, #1167, #5801, #2412 ) ) ;
#5951 = VERTEX_POINT ( 'NONE', #8547 ) ;
#5952 = DIRECTION ( 'NONE',  ( 0.000000000000000000, -1.000000000000000000, 0.000000000000000000 ) ) ;
#5953 = EDGE_CURVE ( 'NONE', #704, #1381, #358, .T. ) ;
#5954 = FACE_BOUND ( 'NONE', #2047, .T. ) ;
#5955 = CIRCLE ( 'NONE', #4066, 0.1200000000000003147 ) ;
#5956 = EDGE_LOOP ( 'NONE', ( #2833, #649, #415, #5503 ) ) ;
#5957 = CARTESIAN_POINT ( 'NONE',  ( -28.87999999999999901, -10.49999999999999645, -14.50000000000000178 ) ) ;
#5958 = ORIENTED_EDGE ( 'NONE', *, *, #6947, .F. ) ;
#5959 = EDGE_CURVE ( 'NONE', #2016, #6599, #2399, .T. ) ;
#5960 = VERTEX_POINT ( 'NONE', #4203 ) ;
#5961 = ORIENTED_EDGE ( 'NONE', *, *, #4897, .T. ) ;
#5962 = EDGE_CURVE ( 'NONE', #2056, #6410, #3334, .T. ) ;
#5963 = CARTESIAN_POINT ( 'NONE',  ( -28.88000000000000256, -10.49999999999999645, -14.38000000000000256 ) ) ;
#5964 = CIRCLE ( 'NONE', #6752, 1.619999999999999885 ) ;
#5965 = CARTESIAN_POINT ( 'NONE',  ( 3.001122346247667938, 0.8753458727129063144, 16.12000000000000099 ) ) ;
#5966 = LINE ( 'NONE', #3006, #7504 ) ;
#5967 = EDGE_LOOP ( 'NONE', ( #1905, #8431, #6798, #5869 ) ) ;
#5968 = ADVANCED_FACE ( 'NONE', ( #3308 ), #6316, .T. ) ;
#5969 = ORIENTED_EDGE ( 'NONE', *, *, #3380, .T. ) ;
#5970 = AXIS2_PLACEMENT_3D ( 'NONE', #8227, #6877, #7478 ) ;
#5971 = DIRECTION ( 'NONE',  ( -0.000000000000000000, 1.508455196501571429E-16, -1.000000000000000000 ) ) ;
#5972 = AXIS2_PLACEMENT_3D ( 'NONE', #2902, #8290, #7540 ) ;
#5973 = DIRECTION ( 'NONE',  ( -0.000000000000000000, 1.000000000000000000, -0.000000000000000000 ) ) ;
#5974 = VERTEX_POINT ( 'NONE', #3360 ) ;
#5975 = CARTESIAN_POINT ( 'NONE',  ( 10.00000000000000178, -11.11999999999999922, -7.499999999999999112 ) ) ;
#5976 = CYLINDRICAL_SURFACE ( 'NONE', #6879, 1.499999999999999556 ) ;
#5977 = CIRCLE ( 'NONE', #1716, 1.499999999999996891 ) ;
#5978 = EDGE_CURVE ( 'NONE', #5138, #4134, #4621, .T. ) ;
#5979 = CARTESIAN_POINT ( 'NONE',  ( 10.00000000000002665, -11.11999999999999922, -15.99999999999990408 ) ) ;
#5980 = EDGE_CURVE ( 'NONE', #5753, #5229, #1609, .T. ) ;
#5981 = ORIENTED_EDGE ( 'NONE', *, *, #5439, .T. ) ;
#5982 = VECTOR ( 'NONE', #6546, 1000.000000000000000 ) ;
#5983 = DIRECTION ( 'NONE',  ( -1.000000000000000000, 0.000000000000000000, -0.000000000000000000 ) ) ;
#5984 = DIRECTION ( 'NONE',  ( -1.000000000000000000, -0.000000000000000000, -0.000000000000000000 ) ) ;
#5985 = ORIENTED_EDGE ( 'NONE', *, *, #4591, .F. ) ;
#5986 = CARTESIAN_POINT ( 'NONE',  ( -9.874654127287220362, -6.248877653752255235, 10.50000000000001243 ) ) ;
#5987 = AXIS2_PLACEMENT_3D ( 'NONE', #1597, #6035, #3724 ) ;
#5988 = DIRECTION ( 'NONE',  ( -1.000000000000000000, -0.000000000000000000, 0.000000000000000000 ) ) ;
#5989 = CARTESIAN_POINT ( 'NONE',  ( -21.11999999999999744, -10.49999999999998046, -14.50000000000000178 ) ) ;
#5990 = CARTESIAN_POINT ( 'NONE',  ( -28.87999999999999901, -10.49999999999999822, -13.11999999999999922 ) ) ;
#5991 = FACE_BOUND ( 'NONE', #383, .T. ) ;
#5992 = VECTOR ( 'NONE', #3359, 1000.000000000000000 ) ;
#5993 = DIRECTION ( 'NONE',  ( 0.000000000000000000, 0.000000000000000000, -1.000000000000000000 ) ) ;
#5994 = CARTESIAN_POINT ( 'NONE',  ( -22.50000000000000711, 11.87999999999999723, -13.11999999999999922 ) ) ;
#5995 = ORIENTED_EDGE ( 'NONE', *, *, #8865, .F. ) ;
#5996 = ORIENTED_EDGE ( 'NONE', *, *, #8107, .F. ) ;
#5997 = ORIENTED_EDGE ( 'NONE', *, *, #9202, .T. ) ;
#5998 = AXIS2_PLACEMENT_3D ( 'NONE', #8035, #5119, #5746 ) ;
#5999 = CARTESIAN_POINT ( 'NONE',  ( -10.00000000000002665, -11.11999999999999922, -12.99999999999990052 ) ) ;
#6000 = DIRECTION ( 'NONE',  ( 0.000000000000000000, -1.000000000000000000, -0.000000000000000000 ) ) ;
#6001 = AXIS2_PLACEMENT_3D ( 'NONE', #7607, #760, #3751 ) ;
#6002 = VERTEX_POINT ( 'NONE', #3564 ) ;
#6003 = DIRECTION ( 'NONE',  ( 1.000000000000000000, 0.000000000000000000, 1.224646799147352961E-16 ) ) ;
#6004 = AXIS2_PLACEMENT_3D ( 'NONE', #1544, #135, #8275 ) ;
#6005 = CIRCLE ( 'NONE', #3164, 1.499999999999996891 ) ;
#6006 = ORIENTED_EDGE ( 'NONE', *, *, #8048, .F. ) ;
#6007 = LINE ( 'NONE', #107, #694 ) ;
#6008 = ORIENTED_EDGE ( 'NONE', *, *, #5978, .F. ) ;
#6009 = ORIENTED_EDGE ( 'NONE', *, *, #3262, .T. ) ;
#6010 = EDGE_CURVE ( 'NONE', #2132, #2658, #7410, .T. ) ;
#6011 = DIRECTION ( 'NONE',  ( 4.841193211655195936E-16, 0.000000000000000000, 1.000000000000000000 ) ) ;
#6012 = AXIS2_PLACEMENT_3D ( 'NONE', #7664, #2926, #6868 ) ;
#6013 = CYLINDRICAL_SURFACE ( 'NONE', #6144, 1.558920238245226519 ) ;
#6014 = DIRECTION ( 'NONE',  ( 7.302723057389411073E-32, -1.000000000000000000, -1.508455196501571429E-16 ) ) ;
#6015 = EDGE_CURVE ( 'NONE', #399, #4870, #8706, .T. ) ;
#6016 = EDGE_CURVE ( 'NONE', #9080, #2914, #9716, .T. ) ;
#6017 = ORIENTED_EDGE ( 'NONE', *, *, #5005, .T. ) ;
#6018 = CARTESIAN_POINT ( 'NONE',  ( 6.999999999999999112, -12.37999999999999901, 2.499999999999951594 ) ) ;
#6019 = VECTOR ( 'NONE', #7042, 1000.000000000000000 ) ;
#6020 = DIRECTION ( 'NONE',  ( 0.000000000000000000, 0.000000000000000000, 1.000000000000000000 ) ) ;
#6021 = AXIS2_PLACEMENT_3D ( 'NONE', #6914, #6823, #8359 ) ;
#6022 = EDGE_CURVE ( 'NONE', #1180, #9065, #5698, .T. ) ;
#6023 = CARTESIAN_POINT ( 'NONE',  ( -10.12534587271282582, 0.7488776537524508559, 17.38000000000000611 ) ) ;
#6024 = ORIENTED_EDGE ( 'NONE', *, *, #5559, .F. ) ;
#6025 = CARTESIAN_POINT ( 'NONE',  ( 29.00000000000000000, 12.50000000000000000, 16.00000000000000355 ) ) ;
#6026 = CARTESIAN_POINT ( 'NONE',  ( 1.381122346247666721, 0.8753458727129063144, 17.38000000000000611 ) ) ;
#6027 = DIRECTION ( 'NONE',  ( 0.000000000000000000, 0.000000000000000000, -1.000000000000000000 ) ) ;
#6028 = LINE ( 'NONE', #6768, #5707 ) ;
#6029 = AXIS2_PLACEMENT_3D ( 'NONE', #5148, #4456, #2817 ) ;
#6030 = DIRECTION ( 'NONE',  ( 1.000000000000000000, 0.000000000000000000, 0.000000000000000000 ) ) ;
#6031 = CARTESIAN_POINT ( 'NONE',  ( 15.37887765375237770, 0.6246541272872884187, 17.50000000000000355 ) ) ;
#6032 = ADVANCED_FACE ( 'NONE', ( #2774 ), #9524, .T. ) ;
#6033 = EDGE_CURVE ( 'NONE', #6424, #1801, #1290, .T. ) ;
#6034 = ORIENTED_EDGE ( 'NONE', *, *, #3165, .F. ) ;
#6035 = DIRECTION ( 'NONE',  ( -0.000000000000000000, 1.000000000000000000, 0.000000000000000000 ) ) ;
#6036 = TOROIDAL_SURFACE ( 'NONE', #3357, 1.737476254756360472, 0.1199999999999999956 ) ;
#6037 = DIRECTION ( 'NONE',  ( -0.000000000000000000, 1.000000000000000000, 0.000000000000000000 ) ) ;
#6038 = DIRECTION ( 'NONE',  ( 1.000000000000000000, 0.000000000000000000, -1.224646799147353207E-16 ) ) ;
#6039 = CARTESIAN_POINT ( 'NONE',  ( 3.000000000000001776, -12.37999999999999901, -9.119999999999999218 ) ) ;
#6040 = DIRECTION ( 'NONE',  ( -0.000000000000000000, 0.000000000000000000, 1.000000000000000000 ) ) ;
#6041 = VECTOR ( 'NONE', #4330, 1000.000000000000000 ) ;
#6042 = DIRECTION ( 'NONE',  ( 0.000000000000000000, 0.000000000000000000, -1.000000000000000000 ) ) ;
#6043 = CARTESIAN_POINT ( 'NONE',  ( 3.000000000000001776, -12.49999999999999822, -7.499999999999998224 ) ) ;
#6044 = ADVANCED_FACE ( 'NONE', ( #1384 ), #850, .T. ) ;
#6045 = ORIENTED_EDGE ( 'NONE', *, *, #2002, .F. ) ;
#6046 = ORIENTED_EDGE ( 'NONE', *, *, #2701, .T. ) ;
#6047 = ORIENTED_EDGE ( 'NONE', *, *, #7793, .F. ) ;
#6048 = AXIS2_PLACEMENT_3D ( 'NONE', #2282, #7617, #867 ) ;
#6049 = CARTESIAN_POINT ( 'NONE',  ( 3.001122346247667938, 0.8753458727129063144, 16.12000000000000099 ) ) ;
#6050 = FACE_OUTER_BOUND ( 'NONE', #6587, .T. ) ;
#6051 = CIRCLE ( 'NONE', #1639, 1.737476254756360028 ) ;
#6052 = FACE_BOUND ( 'NONE', #1843, .T. ) ;
#6053 = ORIENTED_EDGE ( 'NONE', *, *, #5094, .T. ) ;
#6054 = ORIENTED_EDGE ( 'NONE', *, *, #6329, .F. ) ;
#6055 = FACE_OUTER_BOUND ( 'NONE', #7439, .T. ) ;
#6056 = ORIENTED_EDGE ( 'NONE', *, *, #7653, .F. ) ;
#6057 = ORIENTED_EDGE ( 'NONE', *, *, #3370, .T. ) ;
#6058 = AXIS2_PLACEMENT_3D ( 'NONE', #5629, #7970, #6528 ) ;
#6059 = DIRECTION ( 'NONE',  ( -1.000000000000000000, 0.000000000000000000, 0.000000000000000000 ) ) ;
#6060 = DIRECTION ( 'NONE',  ( 1.000000000000000000, -0.000000000000000000, 2.891205793294696766E-15 ) ) ;
#6061 = DIRECTION ( 'NONE',  ( -0.000000000000000000, -0.000000000000000000, 1.000000000000000000 ) ) ;
#6062 = ORIENTED_EDGE ( 'NONE', *, *, #806, .T. ) ;
#6063 = CIRCLE ( 'NONE', #1961, 0.1200000000000003147 ) ;
#6064 = ORIENTED_EDGE ( 'NONE', *, *, #7168, .T. ) ;
#6065 = DIRECTION ( 'NONE',  ( 0.000000000000000000, 0.000000000000000000, -1.000000000000000000 ) ) ;
#6066 = CIRCLE ( 'NONE', #8601, 1.620000000000000329 ) ;
#6067 = EDGE_CURVE ( 'NONE', #3348, #2445, #9618, .T. ) ;
#6068 = AXIS2_PLACEMENT_3D ( 'NONE', #2448, #9391, #239 ) ;
#6069 = EDGE_CURVE ( 'NONE', #97, #4083, #4932, .T. ) ;
#6070 = CARTESIAN_POINT ( 'NONE',  ( -22.50000000000000711, 10.49999999999999112, -14.49999999999999822 ) ) ;
#6071 = FACE_OUTER_BOUND ( 'NONE', #9705, .T. ) ;
#6072 = CARTESIAN_POINT ( 'NONE',  ( -6.999999999999999112, -11.11999999999999922, 0.8800000000000018918 ) ) ;
#6073 = DIRECTION ( 'NONE',  ( 0.000000000000000000, 0.000000000000000000, 1.000000000000000000 ) ) ;
#6074 = DIRECTION ( 'NONE',  ( -0.000000000000000000, -0.000000000000000000, 1.000000000000000000 ) ) ;
#6075 = EDGE_CURVE ( 'NONE', #7296, #1118, #7301, .T. ) ;
#6076 = AXIS2_PLACEMENT_3D ( 'NONE', #2125, #8939, #654 ) ;
#6077 = DIRECTION ( 'NONE',  ( 0.000000000000000000, 0.000000000000000000, -1.000000000000000000 ) ) ;
#6078 = TOROIDAL_SURFACE ( 'NONE', #7990, 1.620000000000000329, 0.1199999999999999956 ) ;
#6079 = DIRECTION ( 'NONE',  ( 0.000000000000000000, -1.000000000000000000, 0.000000000000000000 ) ) ;
#6080 = EDGE_CURVE ( 'NONE', #4736, #9204, #6975, .T. ) ;
#6081 = ORIENTED_EDGE ( 'NONE', *, *, #4084, .F. ) ;
#6082 = DIRECTION ( 'NONE',  ( 1.000000000000000000, 0.000000000000000000, 0.000000000000000000 ) ) ;
#6083 = DIRECTION ( 'NONE',  ( -0.000000000000000000, 1.508455196501571429E-16, -1.000000000000000000 ) ) ;
#6084 = CARTESIAN_POINT ( 'NONE',  ( -7.329206686002009974E-14, 1.727922061357856087, -5.999999999999998224 ) ) ;
#6085 = CIRCLE ( 'NONE', #8137, 1.619999999999996554 ) ;
#6086 = LINE ( 'NONE', #3914, #2389 ) ;
#6087 = ADVANCED_FACE ( 'NONE', ( #4308 ), #8554, .T. ) ;
#6088 = DIRECTION ( 'NONE',  ( 1.000000000000000000, -1.224646799147352961E-16, -1.847324828052840849E-32 ) ) ;
#6089 = FACE_OUTER_BOUND ( 'NONE', #2972, .T. ) ;
#6090 = DIRECTION ( 'NONE',  ( 0.000000000000000000, 0.000000000000000000, -1.000000000000000000 ) ) ;
#6091 = VERTEX_POINT ( 'NONE', #2868 ) ;
#6092 = VERTEX_POINT ( 'NONE', #1434 ) ;
#6093 = ORIENTED_EDGE ( 'NONE', *, *, #1871, .T. ) ;
#6094 = DIRECTION ( 'NONE',  ( -1.000000000000000000, 0.000000000000000000, 0.000000000000000000 ) ) ;
#6095 = DIRECTION ( 'NONE',  ( 0.000000000000000000, 0.000000000000000000, -1.000000000000000000 ) ) ;
#6096 = EDGE_CURVE ( 'NONE', #7091, #1417, #2406, .T. ) ;
#6097 = EDGE_CURVE ( 'NONE', #9212, #2633, #9489, .T. ) ;
#6098 = CYLINDRICAL_SURFACE ( 'NONE', #5030, 0.1199999999999985800 ) ;
#6099 = ORIENTED_EDGE ( 'NONE', *, *, #787, .T. ) ;
#6100 = FACE_BOUND ( 'NONE', #9105, .T. ) ;
#6101 = VERTEX_POINT ( 'NONE', #2176 ) ;
#6102 = VERTEX_POINT ( 'NONE', #5825 ) ;
#6103 = ORIENTED_EDGE ( 'NONE', *, *, #8090, .T. ) ;
#6104 = DIRECTION ( 'NONE',  ( -0.000000000000000000, 1.000000000000000000, -0.000000000000000000 ) ) ;
#6105 = FACE_OUTER_BOUND ( 'NONE', #5709, .T. ) ;
#6106 = DIRECTION ( 'NONE',  ( -1.000000000000000000, 0.000000000000000000, 0.000000000000000000 ) ) ;
#6107 = VERTEX_POINT ( 'NONE', #8208 ) ;
#6108 = DIRECTION ( 'NONE',  ( 0.000000000000000000, 0.000000000000000000, -1.000000000000000000 ) ) ;
#6109 = VECTOR ( 'NONE', #5082, 1000.000000000000000 ) ;
#6110 = DIRECTION ( 'NONE',  ( 0.000000000000000000, 1.000000000000000000, 0.000000000000000000 ) ) ;
#6111 = FACE_BOUND ( 'NONE', #2491, .T. ) ;
#6112 = DIRECTION ( 'NONE',  ( 0.000000000000000000, 0.000000000000000000, 1.000000000000000000 ) ) ;
#6113 = DIRECTION ( 'NONE',  ( 0.000000000000000000, 0.000000000000000000, -1.000000000000000000 ) ) ;
#6114 = CARTESIAN_POINT ( 'NONE',  ( -10.12534587271282582, 7.748877653752450634, 16.12000000000000099 ) ) ;
#6115 = FACE_OUTER_BOUND ( 'NONE', #8147, .T. ) ;
#6116 = CIRCLE ( 'NONE', #8652, 1.379999999999999227 ) ;
#6117 = DIRECTION ( 'NONE',  ( -5.811872027389895469E-16, 0.000000000000000000, -1.000000000000000000 ) ) ;
#6118 = CARTESIAN_POINT ( 'NONE',  ( 9.874654127287220362, -4.628877653752252463, 16.11999999999999744 ) ) ;
#6119 = DIRECTION ( 'NONE',  ( -1.000000000000000000, -0.000000000000000000, -0.000000000000000000 ) ) ;
#6120 = CIRCLE ( 'NONE', #1560, 1.737476254756360028 ) ;
#6121 = EDGE_CURVE ( 'NONE', #8236, #4393, #8166, .T. ) ;
#6122 = AXIS2_PLACEMENT_3D ( 'NONE', #1570, #3194, #8300 ) ;
#6123 = CYLINDRICAL_SURFACE ( 'NONE', #4412, 0.2999999999999999334 ) ;
#6124 = DIRECTION ( 'NONE',  ( 0.000000000000000000, 0.000000000000000000, -1.000000000000000000 ) ) ;
#6125 = AXIS2_PLACEMENT_3D ( 'NONE', #5495, #6128, #6227 ) ;
#6126 = DIRECTION ( 'NONE',  ( 0.000000000000000000, -1.000000000000000000, -1.508455196501571429E-16 ) ) ;
#6127 = ADVANCED_FACE ( 'NONE', ( #1337 ), #6669, .F. ) ;
#6128 = DIRECTION ( 'NONE',  ( -0.000000000000000000, 1.508455196501571429E-16, -1.000000000000000000 ) ) ;
#6129 = EDGE_CURVE ( 'NONE', #8177, #6312, #4307, .T. ) ;
#6130 = AXIS2_PLACEMENT_3D ( 'NONE', #320, #1690, #4707 ) ;
#6131 = DIRECTION ( 'NONE',  ( -0.000000000000000000, -1.000000000000000000, -0.000000000000000000 ) ) ;
#6132 = CIRCLE ( 'NONE', #1881, 1.380000000000004556 ) ;
#6133 = AXIS2_PLACEMENT_3D ( 'NONE', #6320, #6221, #9235 ) ;
#6134 = ORIENTED_EDGE ( 'NONE', *, *, #3012, .T. ) ;
#6135 = ORIENTED_EDGE ( 'NONE', *, *, #1974, .F. ) ;
#6136 = ORIENTED_EDGE ( 'NONE', *, *, #2460, .F. ) ;
#6137 = EDGE_CURVE ( 'NONE', #5103, #9724, #9032, .T. ) ;
#6138 = CARTESIAN_POINT ( 'NONE',  ( 29.00000000000000000, -11.00000000000000000, 15.50000000000000178 ) ) ;
#6139 = DIRECTION ( 'NONE',  ( -0.000000000000000000, -1.000000000000000000, -0.000000000000000000 ) ) ;
#6140 = AXIS2_PLACEMENT_3D ( 'NONE', #217, #3998, #7010 ) ;
#6141 = AXIS2_PLACEMENT_3D ( 'NONE', #3022, #4661, #3905 ) ;
#6142 = DIRECTION ( 'NONE',  ( 0.000000000000000000, 0.000000000000000000, 1.000000000000000000 ) ) ;
#6143 = ORIENTED_EDGE ( 'NONE', *, *, #5840, .T. ) ;
#6144 = AXIS2_PLACEMENT_3D ( 'NONE', #8342, #9711, #5183 ) ;
#6145 = CARTESIAN_POINT ( 'NONE',  ( 24.49999999999999645, -12.37999999999999901, 0.9410797617547741467 ) ) ;
#6146 = ORIENTED_EDGE ( 'NONE', *, *, #3450, .T. ) ;
#6147 = ORIENTED_EDGE ( 'NONE', *, *, #6936, .T. ) ;
#6148 = CIRCLE ( 'NONE', #8222, 1.499999999999996891 ) ;
#6149 = EDGE_CURVE ( 'NONE', #215, #6982, #5334, .T. ) ;
#6150 = VERTEX_POINT ( 'NONE', #1529 ) ;
#6151 = EDGE_CURVE ( 'NONE', #2658, #8682, #7454, .T. ) ;
#6152 = CARTESIAN_POINT ( 'NONE',  ( -20.70000000000000284, -12.37999999999998835, -11.11041406348422633 ) ) ;
#6153 = DIRECTION ( 'NONE',  ( 0.000000000000000000, 0.000000000000000000, -1.000000000000000000 ) ) ;
#6154 = CARTESIAN_POINT ( 'NONE',  ( -8.254654127287219367, -6.248877653752255235, 17.38000000000000611 ) ) ;
#6155 = CIRCLE ( 'NONE', #659, 0.1199999999999998845 ) ;
#6156 = VERTEX_POINT ( 'NONE', #4655 ) ;
#6157 = ORIENTED_EDGE ( 'NONE', *, *, #3984, .F. ) ;
#6158 = DIRECTION ( 'NONE',  ( 1.000000000000000000, 0.000000000000000000, 0.000000000000000000 ) ) ;
#6159 = CARTESIAN_POINT ( 'NONE',  ( 21.00000000000000000, -10.49999999999999822, 15.50000000000000178 ) ) ;
#6160 = VECTOR ( 'NONE', #9578, 1000.000000000000000 ) ;
#6161 = CARTESIAN_POINT ( 'NONE',  ( -4.621122346247669377, 0.8753458727129063144, 17.38000000000000611 ) ) ;
#6162 = AXIS2_PLACEMENT_3D ( 'NONE', #2973, #7330, #9632 ) ;
#6163 = FACE_OUTER_BOUND ( 'NONE', #2760, .T. ) ;
#6164 = DIRECTION ( 'NONE',  ( -1.000000000000000000, 0.000000000000000000, 0.000000000000000000 ) ) ;
#6165 = CARTESIAN_POINT ( 'NONE',  ( -21.00000000000000355, -11.11999999999999744, 10.33348794342497712 ) ) ;
#6166 = ORIENTED_EDGE ( 'NONE', *, *, #3677, .T. ) ;
#6167 = CIRCLE ( 'NONE', #5083, 0.1200000000000003147 ) ;
#6168 = DIRECTION ( 'NONE',  ( 0.000000000000000000, -1.000000000000000000, 0.000000000000000000 ) ) ;
#6169 = AXIS2_PLACEMENT_3D ( 'NONE', #5627, #8697, #5537 ) ;
#6170 = DIRECTION ( 'NONE',  ( 0.000000000000000000, 0.000000000000000000, -1.000000000000000000 ) ) ;
#6171 = CARTESIAN_POINT ( 'NONE',  ( -10.00000000000002665, -11.00000000000000000, -14.49999999999990230 ) ) ;
#6172 = DIRECTION ( 'NONE',  ( -1.224646799147187300E-16, 0.000000000000000000, -1.000000000000000000 ) ) ;
#6173 = DIRECTION ( 'NONE',  ( 0.000000000000000000, 0.000000000000000000, 1.000000000000000000 ) ) ;
#6174 = DIRECTION ( 'NONE',  ( 0.000000000000000000, 0.000000000000000000, 1.000000000000000000 ) ) ;
#6175 = TOROIDAL_SURFACE ( 'NONE', #1927, 1.620000000000000773, 0.1199999999999999956 ) ;
#6176 = PLANE ( 'NONE',  #9299 ) ;
#6177 = FACE_OUTER_BOUND ( 'NONE', #8613, .T. ) ;
#6178 = EDGE_CURVE ( 'NONE', #5658, #1735, #1143, .T. ) ;
#6179 = LINE ( 'NONE', #4764, #9159 ) ;
#6180 = CIRCLE ( 'NONE', #1936, 1.684871098704545433 ) ;
#6181 = VERTEX_POINT ( 'NONE', #4692 ) ;
#6182 = EDGE_LOOP ( 'NONE', ( #7882, #7203, #7826, #2558 ) ) ;
#6183 = EDGE_CURVE ( 'NONE', #1428, #2692, #1581, .T. ) ;
#6184 = DIRECTION ( 'NONE',  ( 0.000000000000000000, 0.000000000000000000, 1.000000000000000000 ) ) ;
#6185 = EDGE_CURVE ( 'NONE', #3780, #108, #2466, .T. ) ;
#6186 = CIRCLE ( 'NONE', #7621, 0.1200000000000003147 ) ;
#6187 = AXIS2_PLACEMENT_3D ( 'NONE', #5562, #1897, #8573 ) ;
#6188 = DIRECTION ( 'NONE',  ( 0.000000000000000000, 0.000000000000000000, 1.000000000000000000 ) ) ;
#6189 = EDGE_CURVE ( 'NONE', #2156, #7182, #942, .T. ) ;
#6190 = FACE_OUTER_BOUND ( 'NONE', #2069, .T. ) ;
#6191 = ORIENTED_EDGE ( 'NONE', *, *, #956, .F. ) ;
#6192 = VERTEX_POINT ( 'NONE', #3153 ) ;
#6193 = FACE_OUTER_BOUND ( 'NONE', #3391, .T. ) ;
#6194 = CIRCLE ( 'NONE', #4000, 1.380000000000006111 ) ;
#6195 = EDGE_LOOP ( 'NONE', ( #6239, #796, #6283, #3651, #3279, #3248 ) ) ;
#6196 = CARTESIAN_POINT ( 'NONE',  ( -16.99999999999999645, -12.37999999999999901, -7.499999999999852562 ) ) ;
#6197 = FACE_OUTER_BOUND ( 'NONE', #8514, .T. ) ;
#6198 = CIRCLE ( 'NONE', #558, 1.500000000000004885 ) ;
#6199 = ORIENTED_EDGE ( 'NONE', *, *, #7966, .T. ) ;
#6200 = EDGE_CURVE ( 'NONE', #4298, #7192, #2086, .T. ) ;
#6201 = ORIENTED_EDGE ( 'NONE', *, *, #3363, .F. ) ;
#6202 = DIRECTION ( 'NONE',  ( 1.000000000000000000, 0.000000000000000000, -1.224646799147353207E-16 ) ) ;
#6203 = TOROIDAL_SURFACE ( 'NONE', #2279, 1.620000000000000773, 0.1199999999999999956 ) ;
#6204 = CARTESIAN_POINT ( 'NONE',  ( -24.00000000000000000, -5.867476254756364362, 4.499999999999995559 ) ) ;
#6205 = ORIENTED_EDGE ( 'NONE', *, *, #1978, .T. ) ;
#6206 = EDGE_LOOP ( 'NONE', ( #4365, #7181, #2634, #5475 ) ) ;
#6207 = CARTESIAN_POINT ( 'NONE',  ( -6.999999999999999112, -12.49999999999999822, 4.120000000000000107 ) ) ;
#6208 = CARTESIAN_POINT ( 'NONE',  ( 20.10000000000000853, 27.00000000000000355, -11.23041406348422733 ) ) ;
#6209 = DIRECTION ( 'NONE',  ( 0.000000000000000000, -1.000000000000000000, -1.508455196501571429E-16 ) ) ;
#6210 = ORIENTED_EDGE ( 'NONE', *, *, #3435, .T. ) ;
#6211 = AXIS2_PLACEMENT_3D ( 'NONE', #9411, #5038, #4890 ) ;
#6212 = CARTESIAN_POINT ( 'NONE',  ( -24.49999999999999645, 1.727922061357856087, 2.500000000000001332 ) ) ;
#6213 = EDGE_CURVE ( 'NONE', #498, #5705, #1773, .T. ) ;
#6214 = DIRECTION ( 'NONE',  ( 0.000000000000000000, 0.000000000000000000, 1.000000000000000000 ) ) ;
#6215 = DIRECTION ( 'NONE',  ( 0.000000000000000000, 0.000000000000000000, -1.000000000000000000 ) ) ;
#6216 = AXIS2_PLACEMENT_3D ( 'NONE', #4411, #3810, #718 ) ;
#6217 = TOROIDAL_SURFACE ( 'NONE', #9068, 1.620000000000000773, 0.1199999999999999956 ) ;
#6218 = ORIENTED_EDGE ( 'NONE', *, *, #1140, .F. ) ;
#6219 = ORIENTED_EDGE ( 'NONE', *, *, #741, .F. ) ;
#6220 = DIRECTION ( 'NONE',  ( 0.000000000000000000, 0.000000000000000000, 1.000000000000000000 ) ) ;
#6221 = DIRECTION ( 'NONE',  ( -1.000000000000000000, 0.000000000000000000, 0.000000000000000000 ) ) ;
#6222 = DIRECTION ( 'NONE',  ( 0.000000000000000000, 0.000000000000000000, -1.000000000000000000 ) ) ;
#6223 = DIRECTION ( 'NONE',  ( 0.000000000000000000, -1.000000000000000000, 0.000000000000000000 ) ) ;
#6224 = CARTESIAN_POINT ( 'NONE',  ( -9.999999999999927169, -11.11999999999999922, -0.4999999999998998579 ) ) ;
#6225 = AXIS2_PLACEMENT_3D ( 'NONE', #3895, #8436, #9125 ) ;
#6226 = AXIS2_PLACEMENT_3D ( 'NONE', #2402, #789, #6095 ) ;
#6227 = DIRECTION ( 'NONE',  ( 0.000000000000000000, -1.000000000000000000, 0.000000000000000000 ) ) ;
#6228 = DIRECTION ( 'NONE',  ( -0.000000000000000000, -1.000000000000000000, -0.000000000000000000 ) ) ;
#6229 = ORIENTED_EDGE ( 'NONE', *, *, #6622, .F. ) ;
#6230 = ORIENTED_EDGE ( 'NONE', *, *, #9441, .F. ) ;
#6231 = CIRCLE ( 'NONE', #1988, 0.1199999999999985800 ) ;
#6232 = VERTEX_POINT ( 'NONE', #20 ) ;
#6233 = FACE_OUTER_BOUND ( 'NONE', #9119, .T. ) ;
#6234 = FACE_OUTER_BOUND ( 'NONE', #5866, .T. ) ;
#6235 = DIRECTION ( 'NONE',  ( -0.000000000000000000, 1.000000000000000000, 0.000000000000000000 ) ) ;
#6236 = ORIENTED_EDGE ( 'NONE', *, *, #6615, .F. ) ;
#6237 = CIRCLE ( 'NONE', #7037, 0.1200000000000003147 ) ;
#6238 = CARTESIAN_POINT ( 'NONE',  ( 25.61747625475636170, -4.250000000000000888, -13.12000000000000099 ) ) ;
#6239 = ORIENTED_EDGE ( 'NONE', *, *, #4213, .F. ) ;
#6240 = VERTEX_POINT ( 'NONE', #6954 ) ;
#6241 = CARTESIAN_POINT ( 'NONE',  ( 19.68000000000000682, -12.49999999999999822, -11.53041406348422626 ) ) ;
#6242 = ORIENTED_EDGE ( 'NONE', *, *, #7772, .T. ) ;
#6243 = VERTEX_POINT ( 'NONE', #6861 ) ;
#6244 = DIRECTION ( 'NONE',  ( 0.000000000000000000, 0.000000000000000000, 1.000000000000000000 ) ) ;
#6245 = ADVANCED_FACE ( 'NONE', ( #2423 ), #72, .T. ) ;
#6246 = DIRECTION ( 'NONE',  ( 0.000000000000000000, 0.000000000000000000, 1.000000000000000000 ) ) ;
#6247 = EDGE_LOOP ( 'NONE', ( #9266, #6440, #1606, #4336 ) ) ;
#6248 = EDGE_CURVE ( 'NONE', #6982, #5279, #6821, .T. ) ;
#6249 = CARTESIAN_POINT ( 'NONE',  ( 20.10000000000000853, -12.49999999999999822, -11.11041406348422811 ) ) ;
#6250 = ADVANCED_FACE ( 'NONE', ( #3898 ), #6505, .T. ) ;
#6251 = CARTESIAN_POINT ( 'NONE',  ( 10.12534587271282582, 2.368877653752447632, 16.00000000000000000 ) ) ;
#6252 = ORIENTED_EDGE ( 'NONE', *, *, #1789, .T. ) ;
#6253 = VERTEX_POINT ( 'NONE', #761 ) ;
#6254 = DIRECTION ( 'NONE',  ( 0.000000000000000000, 0.000000000000000000, -1.000000000000000000 ) ) ;
#6255 = EDGE_CURVE ( 'NONE', #7244, #575, #2566, .T. ) ;
#6256 = DIRECTION ( 'NONE',  ( 0.000000000000000000, 0.000000000000000000, 1.000000000000000000 ) ) ;
#6257 = CARTESIAN_POINT ( 'NONE',  ( 29.00000000000000000, -12.37999999999999901, -19.38000000000000611 ) ) ;
#6258 = LINE ( 'NONE', #1139, #9023 ) ;
#6259 = FACE_OUTER_BOUND ( 'NONE', #7894, .T. ) ;
#6260 = CIRCLE ( 'NONE', #4389, 1.620000000000000773 ) ;
#6261 = CARTESIAN_POINT ( 'NONE',  ( -19.68000000000000682, -11.00000000000000000, -17.50000000000000000 ) ) ;
#6262 = VERTEX_POINT ( 'NONE', #2325 ) ;
#6263 = ORIENTED_EDGE ( 'NONE', *, *, #3122, .T. ) ;
#6264 = DIRECTION ( 'NONE',  ( 1.000000000000000000, 0.000000000000000000, 0.000000000000000000 ) ) ;
#6265 = EDGE_CURVE ( 'NONE', #8930, #6794, #8870, .T. ) ;
#6266 = ADVANCED_FACE ( 'NONE', ( #5390 ), #3826, .T. ) ;
#6267 = CARTESIAN_POINT ( 'NONE',  ( -6.999999999999999112, -12.37999999999999901, 2.500000000000001332 ) ) ;
#6268 = CIRCLE ( 'NONE', #148, 1.558920238245227186 ) ;
#6269 = DIRECTION ( 'NONE',  ( -0.000000000000000000, -0.000000000000000000, 1.000000000000000000 ) ) ;
#6270 = AXIS2_PLACEMENT_3D ( 'NONE', #9246, #3977, #1614 ) ;
#6271 = CARTESIAN_POINT ( 'NONE',  ( -24.00000000000000000, 5.749999999999996447, 4.499999999999995559 ) ) ;
#6272 = CARTESIAN_POINT ( 'NONE',  ( -10.00000000000000178, 1.727922061357856087, -11.99999999999999645 ) ) ;
#6273 = CIRCLE ( 'NONE', #1088, 0.1200000000000003147 ) ;
#6274 = EDGE_LOOP ( 'NONE', ( #4461, #8337, #8536, #1220 ) ) ;
#6275 = ORIENTED_EDGE ( 'NONE', *, *, #1932, .F. ) ;
#6276 = VECTOR ( 'NONE', #8619, 1000.000000000000000 ) ;
#6277 = CARTESIAN_POINT ( 'NONE',  ( 8.625345872712824047, 7.748877653752450634, 10.50000000000001243 ) ) ;
#6278 = CYLINDRICAL_SURFACE ( 'NONE', #7017, 1.499999999999999556 ) ;
#6279 = CIRCLE ( 'NONE', #473, 1.500000000000001332 ) ;
#6280 = DIRECTION ( 'NONE',  ( 0.000000000000000000, 1.508455196501571429E-16, -1.000000000000000000 ) ) ;
#6281 = ORIENTED_EDGE ( 'NONE', *, *, #3791, .F. ) ;
#6282 = CARTESIAN_POINT ( 'NONE',  ( 3.001122346247667938, 0.8753458727129063144, 16.12000000000000099 ) ) ;
#6283 = ORIENTED_EDGE ( 'NONE', *, *, #7600, .T. ) ;
#6284 = ORIENTED_EDGE ( 'NONE', *, *, #7920, .F. ) ;
#6285 = DIRECTION ( 'NONE',  ( 0.000000000000000000, 0.000000000000000000, -1.000000000000000000 ) ) ;
#6286 = CIRCLE ( 'NONE', #2044, 1.684871098704545433 ) ;
#6287 = EDGE_LOOP ( 'NONE', ( #7132, #647, #2241, #2051 ) ) ;
#6288 = DIRECTION ( 'NONE',  ( -0.000000000000000000, 1.000000000000000000, 0.000000000000000000 ) ) ;
#6289 = ORIENTED_EDGE ( 'NONE', *, *, #683, .F. ) ;
#6290 = CIRCLE ( 'NONE', #1104, 0.1199999999999985800 ) ;
#6291 = CIRCLE ( 'NONE', #6520, 1.619999999999999885 ) ;
#6292 = CARTESIAN_POINT ( 'NONE',  ( 25.80487109870454887, 5.749999999999998224, -13.00000000000000178 ) ) ;
#6293 = CARTESIAN_POINT ( 'NONE',  ( 28.88000000000000256, -12.37999999999999901, 7.833487943424975342 ) ) ;
#6294 = ORIENTED_EDGE ( 'NONE', *, *, #6265, .T. ) ;
#6295 = CIRCLE ( 'NONE', #7098, 1.678920238245227292 ) ;
#6296 = ORIENTED_EDGE ( 'NONE', *, *, #7494, .F. ) ;
#6297 = CARTESIAN_POINT ( 'NONE',  ( 27.50000000000000000, 10.49999999999999289, 4.499999999999997335 ) ) ;
#6298 = ADVANCED_FACE ( 'NONE', ( #9180 ), #5409, .T. ) ;
#6299 = CIRCLE ( 'NONE', #3951, 0.1199999999999998845 ) ;
#6300 = DIRECTION ( 'NONE',  ( -0.000000000000000000, 1.000000000000000000, 0.000000000000000000 ) ) ;
#6301 = ORIENTED_EDGE ( 'NONE', *, *, #4509, .T. ) ;
#6302 = VERTEX_POINT ( 'NONE', #4143 ) ;
#6303 = EDGE_LOOP ( 'NONE', ( #5652, #4937, #7537, #8907 ) ) ;
#6304 = DIRECTION ( 'NONE',  ( -1.000000000000000000, 0.000000000000000000, 0.000000000000000000 ) ) ;
#6305 = CIRCLE ( 'NONE', #8523, 1.499999999999997780 ) ;
#6306 = EDGE_CURVE ( 'NONE', #2435, #6091, #8401, .T. ) ;
#6307 = CARTESIAN_POINT ( 'NONE',  ( 21.00000000000000000, -10.50000000000000000, 16.12000000000000099 ) ) ;
#6308 = DIRECTION ( 'NONE',  ( -0.000000000000000000, -0.000000000000000000, 1.000000000000000000 ) ) ;
#6309 = ADVANCED_FACE ( 'NONE', ( #2563 ), #1770, .T. ) ;
#6310 = CIRCLE ( 'NONE', #3015, 0.1200000000000003147 ) ;
#6311 = DIRECTION ( 'NONE',  ( 0.000000000000000000, 0.000000000000000000, 1.000000000000000000 ) ) ;
#6312 = VERTEX_POINT ( 'NONE', #259 ) ;
#6313 = CARTESIAN_POINT ( 'NONE',  ( 29.00000000000000000, 12.38000000000000078, 16.00000000000000355 ) ) ;
#6314 = TOROIDAL_SURFACE ( 'NONE', #9471, 0.6199999999999995515, 0.1199999999999999956 ) ;
#6315 = EDGE_CURVE ( 'NONE', #8611, #598, #5663, .T. ) ;
#6316 = CYLINDRICAL_SURFACE ( 'NONE', #1919, 0.1200000000000003147 ) ;
#6317 = AXIS2_PLACEMENT_3D ( 'NONE', #8314, #7620, #3212 ) ;
#6318 = ORIENTED_EDGE ( 'NONE', *, *, #6080, .F. ) ;
#6319 = CARTESIAN_POINT ( 'NONE',  ( 3.000000000000001776, -12.37999999999999901, -7.499999999999998224 ) ) ;
#6320 = CARTESIAN_POINT ( 'NONE',  ( 29.00000000000000000, 11.87999999999999545, -13.11999999999999922 ) ) ;
#6321 = DIRECTION ( 'NONE',  ( -1.000000000000000000, -0.000000000000000000, -0.000000000000000000 ) ) ;
#6322 = DIRECTION ( 'NONE',  ( -0.000000000000000000, 1.000000000000000000, -0.000000000000000000 ) ) ;
#6323 = CIRCLE ( 'NONE', #4127, 0.6200000000000007727 ) ;
#6324 = DIRECTION ( 'NONE',  ( 0.000000000000000000, -1.000000000000000000, 0.000000000000000000 ) ) ;
#6325 = CIRCLE ( 'NONE', #9175, 0.1199999999999985800 ) ;
#6326 = FACE_OUTER_BOUND ( 'NONE', #2084, .T. ) ;
#6327 = EDGE_CURVE ( 'NONE', #3932, #9385, #1615, .T. ) ;
#6328 = DIRECTION ( 'NONE',  ( -1.000000000000000000, 0.000000000000000000, 0.000000000000000000 ) ) ;
#6329 = EDGE_CURVE ( 'NONE', #8589, #2469, #4137, .T. ) ;
#6330 = VECTOR ( 'NONE', #3238, 1000.000000000000000 ) ;
#6331 = ORIENTED_EDGE ( 'NONE', *, *, #3616, .F. ) ;
#6332 = ORIENTED_EDGE ( 'NONE', *, *, #4024, .T. ) ;
#6333 = ORIENTED_EDGE ( 'NONE', *, *, #3071, .T. ) ;
#6334 = CIRCLE ( 'NONE', #3972, 1.500000000000000444 ) ;
#6335 = CARTESIAN_POINT ( 'NONE',  ( 24.49999999999999645, -11.00000000000000000, 2.500000000000001332 ) ) ;
#6336 = DIRECTION ( 'NONE',  ( 0.000000000000000000, 0.000000000000000000, -1.000000000000000000 ) ) ;
#6337 = LINE ( 'NONE', #1111, #4115 ) ;
#6338 = CARTESIAN_POINT ( 'NONE',  ( -10.12534587271282582, 0.7488776537524508559, 10.50000000000001243 ) ) ;
#6339 = VECTOR ( 'NONE', #8788, 1000.000000000000000 ) ;
#6340 = ORIENTED_EDGE ( 'NONE', *, *, #5432, .F. ) ;
#6341 = ADVANCED_FACE ( 'NONE', ( #9312 ), #6175, .T. ) ;
#6342 = FACE_OUTER_BOUND ( 'NONE', #1850, .T. ) ;
#6343 = ORIENTED_EDGE ( 'NONE', *, *, #2089, .T. ) ;
#6344 = VERTEX_POINT ( 'NONE', #6251 ) ;
#6345 = CIRCLE ( 'NONE', #699, 1.500000000000001332 ) ;
#6346 = DIRECTION ( 'NONE',  ( -0.000000000000000000, -0.000000000000000000, 1.000000000000000000 ) ) ;
#6347 = ORIENTED_EDGE ( 'NONE', *, *, #73, .F. ) ;
#6348 = ORIENTED_EDGE ( 'NONE', *, *, #1674, .F. ) ;
#6349 = CARTESIAN_POINT ( 'NONE',  ( -16.99887765375237692, 0.6246541272872884187, 17.38000000000000611 ) ) ;
#6350 = AXIS2_PLACEMENT_3D ( 'NONE', #1223, #6893, #199 ) ;
#6351 = VERTEX_POINT ( 'NONE', #2655 ) ;
#6352 = DIRECTION ( 'NONE',  ( 0.000000000000000000, -1.000000000000000000, 0.000000000000000000 ) ) ;
#6353 = ORIENTED_EDGE ( 'NONE', *, *, #5094, .F. ) ;
#6354 = ORIENTED_EDGE ( 'NONE', *, *, #2948, .F. ) ;
#6355 = CARTESIAN_POINT ( 'NONE',  ( -21.11999999999999744, -10.49999999999999645, -14.50000000000000178 ) ) ;
#6356 = TOROIDAL_SURFACE ( 'NONE', #547, 1.880000000000001892, 0.1199999999999999956 ) ;
#6357 = DIRECTION ( 'NONE',  ( 0.000000000000000000, 0.000000000000000000, 1.000000000000000000 ) ) ;
#6358 = VERTEX_POINT ( 'NONE', #3994 ) ;
#6359 = VERTEX_POINT ( 'NONE', #1035 ) ;
#6360 = CARTESIAN_POINT ( 'NONE',  ( 16.99999999999999645, -11.11999999999999922, -8.999999999999852562 ) ) ;
#6361 = CARTESIAN_POINT ( 'NONE',  ( -19.00000000000000355, 10.50000000000000355, 17.38000000000000611 ) ) ;
#6362 = CARTESIAN_POINT ( 'NONE',  ( 29.00000000000000000, 12.38000000000000078, 17.50000000000000355 ) ) ;
#6363 = ADVANCED_FACE ( 'NONE', ( #301 ), #3187, .T. ) ;
#6364 = DIRECTION ( 'NONE',  ( 0.000000000000000000, 0.000000000000000000, -1.000000000000000000 ) ) ;
#6365 = CARTESIAN_POINT ( 'NONE',  ( 9.999999999999927169, -12.37999999999999901, -0.4999999999998998579 ) ) ;
#6366 = ORIENTED_EDGE ( 'NONE', *, *, #3849, .T. ) ;
#6367 = CARTESIAN_POINT ( 'NONE',  ( -10.00000000000000178, -12.49999999999999822, -2.880000000000000782 ) ) ;
#6368 = DIRECTION ( 'NONE',  ( -1.000000000000000000, -0.000000000000000000, -0.000000000000000000 ) ) ;
#6369 = CARTESIAN_POINT ( 'NONE',  ( -7.329206686002009974E-14, 1.727922061357856087, -4.499999999999998224 ) ) ;
#6370 = DIRECTION ( 'NONE',  ( 0.000000000000000000, -1.508455196501571429E-16, 1.000000000000000000 ) ) ;
#6371 = ADVANCED_FACE ( 'NONE', ( #1179 ), #214, .T. ) ;
#6372 = CARTESIAN_POINT ( 'NONE',  ( -10.12534587271282582, 7.748877653752450634, 17.38000000000000611 ) ) ;
#6373 = CIRCLE ( 'NONE', #1803, 1.499999999999997780 ) ;
#6374 = CARTESIAN_POINT ( 'NONE',  ( 6.999999999999999112, -11.11999999999999922, 2.499999999999951594 ) ) ;
#6375 = TOROIDAL_SURFACE ( 'NONE', #2133, 1.619999999999996776, 0.1199999999999999956 ) ;
#6376 = LINE ( 'NONE', #5007, #3023 ) ;
#6377 = EDGE_CURVE ( 'NONE', #2974, #6358, #3978, .T. ) ;
#6378 = EDGE_CURVE ( 'NONE', #6494, #9164, #374, .T. ) ;
#6379 = VERTEX_POINT ( 'NONE', #1077 ) ;
#6380 = VECTOR ( 'NONE', #456, 1000.000000000000000 ) ;
#6381 = CARTESIAN_POINT ( 'NONE',  ( 24.49999999999999645, -11.11999999999999922, 2.500000000000001332 ) ) ;
#6382 = DIRECTION ( 'NONE',  ( 0.000000000000000000, 0.000000000000000000, 1.000000000000000000 ) ) ;
#6383 = AXIS2_PLACEMENT_3D ( 'NONE', #433, #333, #6336 ) ;
#6384 = ADVANCED_FACE ( 'NONE', ( #4088 ), #1860, .T. ) ;
#6385 = DIRECTION ( 'NONE',  ( -0.000000000000000000, -0.000000000000000000, 1.000000000000000000 ) ) ;
#6386 = CARTESIAN_POINT ( 'NONE',  ( -21.00000000000000355, 10.50000000000000355, 17.38000000000000611 ) ) ;
#6387 = AXIS2_PLACEMENT_3D ( 'NONE', #757, #2319, #5331 ) ;
#6388 = AXIS2_PLACEMENT_3D ( 'NONE', #4758, #6370, #2439 ) ;
#6389 = DIRECTION ( 'NONE',  ( 0.000000000000000000, -1.508455196501571429E-16, 1.000000000000000000 ) ) ;
#6390 = ORIENTED_EDGE ( 'NONE', *, *, #6572, .T. ) ;
#6391 = ORIENTED_EDGE ( 'NONE', *, *, #5659, .F. ) ;
#6392 = CARTESIAN_POINT ( 'NONE',  ( -10.12534587271282582, 0.7488776537524508559, 16.12000000000000099 ) ) ;
#6393 = ORIENTED_EDGE ( 'NONE', *, *, #1912, .F. ) ;
#6394 = CARTESIAN_POINT ( 'NONE',  ( 10.00000000000000178, -12.37999999999999901, -7.499999999999999112 ) ) ;
#6395 = EDGE_CURVE ( 'NONE', #3931, #5433, #5524, .T. ) ;
#6396 = EDGE_CURVE ( 'NONE', #9362, #4871, #1152, .T. ) ;
#6397 = ORIENTED_EDGE ( 'NONE', *, *, #3729, .T. ) ;
#6398 = AXIS2_PLACEMENT_3D ( 'NONE', #4313, #2137, #5154 ) ;
#6399 = EDGE_LOOP ( 'NONE', ( #6837, #354, #2560, #7214 ) ) ;
#6400 = DIRECTION ( 'NONE',  ( 0.000000000000000000, 0.000000000000000000, 1.000000000000000000 ) ) ;
#6401 = CARTESIAN_POINT ( 'NONE',  ( 29.00000000000000000, 10.50000000000000711, -14.37999999999999901 ) ) ;
#6402 = DIRECTION ( 'NONE',  ( 0.000000000000000000, 0.000000000000000000, -1.000000000000000000 ) ) ;
#6403 = ORIENTED_EDGE ( 'NONE', *, *, #5146, .F. ) ;
#6404 = EDGE_LOOP ( 'NONE', ( #2456, #5843 ) ) ;
#6405 = ORIENTED_EDGE ( 'NONE', *, *, #6792, .F. ) ;
#6406 = AXIS2_PLACEMENT_3D ( 'NONE', #7248, #3501, #8050 ) ;
#6407 = DIRECTION ( 'NONE',  ( 0.000000000000000000, 1.000000000000000000, -0.000000000000000000 ) ) ;
#6408 = DIRECTION ( 'NONE',  ( 0.000000000000000000, 0.000000000000000000, 1.000000000000000000 ) ) ;
#6409 = CARTESIAN_POINT ( 'NONE',  ( -15.37887765375237770, 0.6246541272872886408, 17.38000000000000611 ) ) ;
#6410 = VERTEX_POINT ( 'NONE', #9407 ) ;
#6411 = DIRECTION ( 'NONE',  ( 0.000000000000000000, 0.000000000000000000, -1.000000000000000000 ) ) ;
#6412 = CARTESIAN_POINT ( 'NONE',  ( 16.99887765375237692, -0.8753458727127122474, 16.12000000000000099 ) ) ;
#6413 = ORIENTED_EDGE ( 'NONE', *, *, #2296, .F. ) ;
#6414 = LINE ( 'NONE', #9419, #5881 ) ;
#6415 = DIRECTION ( 'NONE',  ( -1.000000000000000000, 0.000000000000000000, 0.000000000000000000 ) ) ;
#6416 = DIRECTION ( 'NONE',  ( -1.000000000000000000, 0.000000000000000000, 0.000000000000000000 ) ) ;
#6417 = CARTESIAN_POINT ( 'NONE',  ( 2.428612866367529932E-14, -11.00000000000000000, 9.500000000000001776 ) ) ;
#6418 = DIRECTION ( 'NONE',  ( 0.000000000000000000, 0.000000000000000000, 1.000000000000000000 ) ) ;
#6419 = TOROIDAL_SURFACE ( 'NONE', #3430, 1.879999999999999227, 0.1199999999999999956 ) ;
#6420 = CARTESIAN_POINT ( 'NONE',  ( 3.001122346247667938, 0.8753458727129063144, 10.50000000000001243 ) ) ;
#6421 = CARTESIAN_POINT ( 'NONE',  ( -3.000000000000001776, -12.37999999999999901, -5.999999999999996447 ) ) ;
#6422 = EDGE_CURVE ( 'NONE', #712, #5072, #4314, .T. ) ;
#6423 = ORIENTED_EDGE ( 'NONE', *, *, #3361, .T. ) ;
#6424 = VERTEX_POINT ( 'NONE', #2858 ) ;
#6425 = EDGE_LOOP ( 'NONE', ( #1274, #8013, #9709, #1278 ) ) ;
#6426 = CARTESIAN_POINT ( 'NONE',  ( -21.12000000000000099, 10.49999999999999112, -14.37999999999999901 ) ) ;
#6427 = CIRCLE ( 'NONE', #3607, 0.1199999999999998845 ) ;
#6428 = CARTESIAN_POINT ( 'NONE',  ( -27.00000000000000355, -12.37999999999998835, 7.833487943424977118 ) ) ;
#6429 = DIRECTION ( 'NONE',  ( 1.000000000000000000, 0.000000000000000000, 0.000000000000000000 ) ) ;
#6430 = DIRECTION ( 'NONE',  ( 1.000000000000000000, 0.000000000000000000, 1.224646799147352961E-16 ) ) ;
#6431 = ADVANCED_FACE ( 'NONE', ( #3598 ), #8256, .T. ) ;
#6432 = DIRECTION ( 'NONE',  ( 0.000000000000000000, 0.000000000000000000, 1.000000000000000000 ) ) ;
#6433 = AXIS2_PLACEMENT_3D ( 'NONE', #9638, #5744, #533 ) ;
#6434 = VERTEX_POINT ( 'NONE', #5812 ) ;
#6435 = ADVANCED_FACE ( 'NONE', ( #9706 ), #8832, .F. ) ;
#6436 = CIRCLE ( 'NONE', #8344, 0.1199999999999999956 ) ;
#6437 = LINE ( 'NONE', #4381, #5113 ) ;
#6438 = EDGE_LOOP ( 'NONE', ( #6665, #519, #4216, #2050 ) ) ;
#6439 = VERTEX_POINT ( 'NONE', #3649 ) ;
#6440 = ORIENTED_EDGE ( 'NONE', *, *, #3012, .F. ) ;
#6441 = ORIENTED_EDGE ( 'NONE', *, *, #8377, .T. ) ;
#6442 = DIRECTION ( 'NONE',  ( 0.000000000000000000, 0.000000000000000000, 1.000000000000000000 ) ) ;
#6443 = ORIENTED_EDGE ( 'NONE', *, *, #3146, .F. ) ;
#6444 = CIRCLE ( 'NONE', #4417, 1.620000000000001661 ) ;
#6445 = AXIS2_PLACEMENT_3D ( 'NONE', #7191, #8663, #2687 ) ;
#6446 = DIRECTION ( 'NONE',  ( -0.000000000000000000, 1.508455196501571429E-16, -1.000000000000000000 ) ) ;
#6447 = EDGE_LOOP ( 'NONE', ( #9197, #7090 ) ) ;
#6448 = FACE_OUTER_BOUND ( 'NONE', #7599, .T. ) ;
#6449 = TOROIDAL_SURFACE ( 'NONE', #9142, 1.620000000000000773, 0.1199999999999999956 ) ;
#6450 = EDGE_CURVE ( 'NONE', #5216, #5034, #2759, .T. ) ;
#6451 = ORIENTED_EDGE ( 'NONE', *, *, #3876, .T. ) ;
#6452 = DIRECTION ( 'NONE',  ( -0.000000000000000000, 0.000000000000000000, 1.000000000000000000 ) ) ;
#6453 = EDGE_CURVE ( 'NONE', #2370, #7992, #9659, .T. ) ;
#6454 = ORIENTED_EDGE ( 'NONE', *, *, #4656, .F. ) ;
#6455 = ORIENTED_EDGE ( 'NONE', *, *, #427, .T. ) ;
#6456 = TOROIDAL_SURFACE ( 'NONE', #8049, 4.619999999999998330, 0.1199999999999999956 ) ;
#6457 = DIRECTION ( 'NONE',  ( -0.000000000000000000, -1.000000000000000000, -0.000000000000000000 ) ) ;
#6458 = CARTESIAN_POINT ( 'NONE',  ( 8.625345872712824047, 7.748877653752450634, 16.12000000000000099 ) ) ;
#6459 = CARTESIAN_POINT ( 'NONE',  ( -24.00000000000000000, -4.250000000000000888, -14.50000000000000000 ) ) ;
#6460 = CIRCLE ( 'NONE', #8840, 1.678920238245226848 ) ;
#6461 = PLANE ( 'NONE',  #9636 ) ;
#6462 = CIRCLE ( 'NONE', #7574, 1.500000000000002220 ) ;
#6463 = ORIENTED_EDGE ( 'NONE', *, *, #1514, .F. ) ;
#6464 = CARTESIAN_POINT ( 'NONE',  ( 21.12000000000000099, -12.37999999999999901, -12.50000000000000178 ) ) ;
#6465 = DIRECTION ( 'NONE',  ( 1.000000000000000000, -0.000000000000000000, 0.000000000000000000 ) ) ;
#6466 = AXIS2_PLACEMENT_3D ( 'NONE', #5164, #8182, #5068 ) ;
#6467 = ORIENTED_EDGE ( 'NONE', *, *, #5130, .T. ) ;
#6468 = CARTESIAN_POINT ( 'NONE',  ( 10.00000000000000178, 1.727922061357856087, -3.000000000000000888 ) ) ;
#6469 = DIRECTION ( 'NONE',  ( 0.000000000000000000, 0.000000000000000000, -1.000000000000000000 ) ) ;
#6470 = CIRCLE ( 'NONE', #3482, 0.1199999999999985800 ) ;
#6471 = FACE_OUTER_BOUND ( 'NONE', #7307, .T. ) ;
#6472 = CARTESIAN_POINT ( 'NONE',  ( -19.80000000000000071, -11.11999999999998323, -17.50000000000000000 ) ) ;
#6473 = DIRECTION ( 'NONE',  ( 0.000000000000000000, 0.000000000000000000, -1.000000000000000000 ) ) ;
#6474 = AXIS2_PLACEMENT_3D ( 'NONE', #3869, #778, #3823 ) ;
#6475 = CYLINDRICAL_SURFACE ( 'NONE', #7256, 1.500000000000001332 ) ;
#6476 = AXIS2_PLACEMENT_3D ( 'NONE', #735, #4292, #5310 ) ;
#6477 = CARTESIAN_POINT ( 'NONE',  ( -27.50000000000000000, 10.49999999999999112, -14.49999999999999822 ) ) ;
#6478 = ORIENTED_EDGE ( 'NONE', *, *, #1388, .F. ) ;
#6479 = ORIENTED_EDGE ( 'NONE', *, *, #5095, .T. ) ;
#6480 = CIRCLE ( 'NONE', #2862, 0.1200000000000003147 ) ;
#6481 = CYLINDRICAL_SURFACE ( 'NONE', #4955, 0.1199999999999985800 ) ;
#6482 = DIRECTION ( 'NONE',  ( 0.000000000000000000, 0.000000000000000000, 1.000000000000000000 ) ) ;
#6483 = DIRECTION ( 'NONE',  ( 0.000000000000000000, -1.000000000000000000, 0.000000000000000000 ) ) ;
#6484 = CIRCLE ( 'NONE', #829, 1.620000000000000773 ) ;
#6485 = DIRECTION ( 'NONE',  ( 0.000000000000000000, 0.000000000000000000, -1.000000000000000000 ) ) ;
#6486 = ADVANCED_FACE ( 'NONE', ( #2067 ), #6036, .T. ) ;
#6487 = EDGE_CURVE ( 'NONE', #7280, #2156, #7253, .T. ) ;
#6488 = CARTESIAN_POINT ( 'NONE',  ( -10.12534587271282582, 2.368877653752447632, 16.12000000000000099 ) ) ;
#6489 = AXIS2_PLACEMENT_3D ( 'NONE', #2183, #1490, #3112 ) ;
#6490 = ORIENTED_EDGE ( 'NONE', *, *, #9454, .F. ) ;
#6491 = AXIS2_PLACEMENT_3D ( 'NONE', #5729, #7165, #4846 ) ;
#6492 = CARTESIAN_POINT ( 'NONE',  ( -29.00000000000000000, -12.37999999999999901, 15.50000000000000178 ) ) ;
#6493 = EDGE_CURVE ( 'NONE', #5123, #6554, #4444, .T. ) ;
#6494 = VERTEX_POINT ( 'NONE', #8932 ) ;
#6495 = EDGE_LOOP ( 'NONE', ( #2214, #4685, #8245, #7249 ) ) ;
#6496 = EDGE_CURVE ( 'NONE', #3845, #1568, #3988, .T. ) ;
#6497 = ORIENTED_EDGE ( 'NONE', *, *, #2116, .T. ) ;
#6498 = EDGE_LOOP ( 'NONE', ( #9696, #4291, #890, #1079, #3128 ) ) ;
#6499 = DIRECTION ( 'NONE',  ( 0.000000000000000000, -1.000000000000000000, 0.000000000000000000 ) ) ;
#6500 = EDGE_LOOP ( 'NONE', ( #881, #9313, #4928, #6354 ) ) ;
#6501 = ORIENTED_EDGE ( 'NONE', *, *, #6265, .F. ) ;
#6502 = AXIS2_PLACEMENT_3D ( 'NONE', #6392, #8476, #1766 ) ;
#6503 = APPLICATION_PROTOCOL_DEFINITION ( 'draft international standard', 'automotive_design', 1998, #5311 ) ;
#6504 = ORIENTED_EDGE ( 'NONE', *, *, #4232, .F. ) ;
#6505 = TOROIDAL_SURFACE ( 'NONE', #532, 0.4199999999999990408, 0.1199999999999999956 ) ;
#6506 = EDGE_CURVE ( 'NONE', #1713, #4231, #7624, .T. ) ;
#6507 = ORIENTED_EDGE ( 'NONE', *, *, #5239, .F. ) ;
#6508 = CARTESIAN_POINT ( 'NONE',  ( 20.10000000000000853, -11.00000000000000000, -11.53041406348422626 ) ) ;
#6509 = VERTEX_POINT ( 'NONE', #9607 ) ;
#6510 = CARTESIAN_POINT ( 'NONE',  ( -10.12534587271282582, 0.7488776537524508559, 10.50000000000001243 ) ) ;
#6511 = ORIENTED_EDGE ( 'NONE', *, *, #2460, .T. ) ;
#6512 = EDGE_LOOP ( 'NONE', ( #8487, #3793 ) ) ;
#6513 = DIRECTION ( 'NONE',  ( -0.000000000000000000, -1.000000000000000000, -0.000000000000000000 ) ) ;
#6514 = EDGE_CURVE ( 'NONE', #8093, #6713, #3045, .T. ) ;
#6515 = VERTEX_POINT ( 'NONE', #8056 ) ;
#6516 = ORIENTED_EDGE ( 'NONE', *, *, #6496, .F. ) ;
#6517 = CIRCLE ( 'NONE', #7138, 0.1200000000000003147 ) ;
#6518 = DIRECTION ( 'NONE',  ( 0.000000000000000000, 0.000000000000000000, 1.000000000000000000 ) ) ;
#6519 = LINE ( 'NONE', #8063, #7497 ) ;
#6520 = AXIS2_PLACEMENT_3D ( 'NONE', #5542, #8551, #225 ) ;
#6521 = EDGE_CURVE ( 'NONE', #6713, #4390, #6668, .T. ) ;
#6522 = PRESENTATION_STYLE_ASSIGNMENT (( #7264 ) ) ;
#6523 = EDGE_CURVE ( 'NONE', #951, #4740, #9494, .T. ) ;
#6524 = VERTEX_POINT ( 'NONE', #5766 ) ;
#6525 = AXIS2_PLACEMENT_3D ( 'NONE', #4578, #5359, #7531 ) ;
#6526 = CARTESIAN_POINT ( 'NONE',  ( 29.00000000000000000, 11.99999999999999822, -13.11999999999999922 ) ) ;
#6527 = DIRECTION ( 'NONE',  ( 0.000000000000000000, 0.000000000000000000, -1.000000000000000000 ) ) ;
#6528 = DIRECTION ( 'NONE',  ( -1.000000000000000000, 0.000000000000000000, 0.000000000000000000 ) ) ;
#6529 = AXIS2_PLACEMENT_3D ( 'NONE', #4466, #9629, #5887 ) ;
#6530 = CARTESIAN_POINT ( 'NONE',  ( 8.625345872712829376, 0.7488776537524510779, 10.50000000000001243 ) ) ;
#6531 = DIRECTION ( 'NONE',  ( 0.000000000000000000, 0.000000000000000000, 1.000000000000000000 ) ) ;
#6532 = EDGE_CURVE ( 'NONE', #7244, #8419, #2572, .T. ) ;
#6533 = DIRECTION ( 'NONE',  ( -1.000000000000000000, -0.000000000000000000, 0.000000000000000000 ) ) ;
#6534 = EDGE_CURVE ( 'NONE', #5753, #9467, #71, .T. ) ;
#6535 = CARTESIAN_POINT ( 'NONE',  ( -9.999999999999927169, -12.37999999999999901, -0.4999999999998998579 ) ) ;
#6536 = AXIS2_PLACEMENT_3D ( 'NONE', #8104, #4289, #1857 ) ;
#6537 = CARTESIAN_POINT ( 'NONE',  ( 19.68000000000000327, -12.49999999999999822, -17.50000000000000000 ) ) ;
#6538 = CARTESIAN_POINT ( 'NONE',  ( 20.70000000000000284, 27.00000000000000355, -11.23041406348422555 ) ) ;
#6539 = CIRCLE ( 'NONE', #6058, 1.804871098704547538 ) ;
#6540 = ORIENTED_EDGE ( 'NONE', *, *, #2340, .F. ) ;
#6541 = ORIENTED_EDGE ( 'NONE', *, *, #2407, .F. ) ;
#6542 = DIRECTION ( 'NONE',  ( 0.000000000000000000, 0.000000000000000000, -1.000000000000000000 ) ) ;
#6543 = DIRECTION ( 'NONE',  ( -0.000000000000000000, -0.000000000000000000, 1.000000000000000000 ) ) ;
#6544 = DIRECTION ( 'NONE',  ( 0.000000000000000000, 0.000000000000000000, -1.000000000000000000 ) ) ;
#6545 = AXIS2_PLACEMENT_3D ( 'NONE', #4197, #405, #2660 ) ;
#6546 = DIRECTION ( 'NONE',  ( 0.000000000000000000, -1.000000000000000000, 0.000000000000000000 ) ) ;
#6547 = ORIENTED_EDGE ( 'NONE', *, *, #2839, .F. ) ;
#6548 = DIRECTION ( 'NONE',  ( -1.000000000000000000, 0.000000000000000000, 4.841193211655195936E-16 ) ) ;
#6549 = AXIS2_PLACEMENT_3D ( 'NONE', #7314, #2074, #1186 ) ;
#6550 = EDGE_LOOP ( 'NONE', ( #9320, #1792, #8472, #3345 ) ) ;
#6551 = ORIENTED_EDGE ( 'NONE', *, *, #2097, .F. ) ;
#6552 = TOROIDAL_SURFACE ( 'NONE', #5755, 1.804871098704546650, 0.1199999999999999956 ) ;
#6553 = EDGE_LOOP ( 'NONE', ( #984, #3971, #3706, #1213 ) ) ;
#6554 = VERTEX_POINT ( 'NONE', #5957 ) ;
#6555 = DIRECTION ( 'NONE',  ( -0.000000000000000000, -0.000000000000000000, 1.000000000000000000 ) ) ;
#6556 = ORIENTED_EDGE ( 'NONE', *, *, #6255, .T. ) ;
#6557 = CARTESIAN_POINT ( 'NONE',  ( 16.99999999999999645, -11.11999999999999922, -5.999999999999852562 ) ) ;
#6558 = VECTOR ( 'NONE', #8605, 1000.000000000000000 ) ;
#6559 = ORIENTED_EDGE ( 'NONE', *, *, #8929, .F. ) ;
#6560 = FACE_OUTER_BOUND ( 'NONE', #6498, .T. ) ;
#6561 = ORIENTED_EDGE ( 'NONE', *, *, #9593, .F. ) ;
#6562 = DIRECTION ( 'NONE',  ( 0.000000000000000000, -1.000000000000000000, 0.000000000000000000 ) ) ;
#6563 = ORIENTED_EDGE ( 'NONE', *, *, #8095, .F. ) ;
#6564 = ORIENTED_EDGE ( 'NONE', *, *, #2691, .F. ) ;
#6565 = VERTEX_POINT ( 'NONE', #1964 ) ;
#6566 = EDGE_CURVE ( 'NONE', #3267, #591, #6517, .T. ) ;
#6567 = AXIS2_PLACEMENT_3D ( 'NONE', #9577, #9423, #8748 ) ;
#6568 = DIRECTION ( 'NONE',  ( 0.000000000000000000, 0.000000000000000000, -1.000000000000000000 ) ) ;
#6569 = CARTESIAN_POINT ( 'NONE',  ( -10.12534587271282582, 7.748877653752450634, 17.38000000000000611 ) ) ;
#6570 = DIRECTION ( 'NONE',  ( -1.000000000000000000, 0.000000000000000000, 0.000000000000000000 ) ) ;
#6571 = CARTESIAN_POINT ( 'NONE',  ( 29.00000000000000000, -11.00000000000000000, -13.00000000000000000 ) ) ;
#6572 = EDGE_CURVE ( 'NONE', #4335, #4676, #3524, .T. ) ;
#6573 = EDGE_CURVE ( 'NONE', #8297, #2455, #2414, .T. ) ;
#6574 = EDGE_LOOP ( 'NONE', ( #2554, #991, #3985, #9338 ) ) ;
#6575 = DIRECTION ( 'NONE',  ( 0.000000000000000000, 0.000000000000000000, 1.000000000000000000 ) ) ;
#6576 = DIRECTION ( 'NONE',  ( -0.000000000000000000, -1.000000000000000000, -0.000000000000000000 ) ) ;
#6577 = ADVANCED_FACE ( 'NONE', ( #7500 ), #1308, .T. ) ;
#6578 = ORIENTED_EDGE ( 'NONE', *, *, #9179, .F. ) ;
#6579 = CARTESIAN_POINT ( 'NONE',  ( -16.99999999999999645, -12.37999999999999901, -8.999999999999852562 ) ) ;
#6580 = DIRECTION ( 'NONE',  ( 0.000000000000000000, 0.000000000000000000, -1.000000000000000000 ) ) ;
#6581 = CARTESIAN_POINT ( 'NONE',  ( -9.874654127287220362, -4.628877653752252463, 16.11999999999999744 ) ) ;
#6582 = DIRECTION ( 'NONE',  ( 0.000000000000000000, -1.508455196501571429E-16, 1.000000000000000000 ) ) ;
#6583 = FACE_OUTER_BOUND ( 'NONE', #5950, .T. ) ;
#6584 = LINE ( 'NONE', #580, #4919 ) ;
#6585 = ADVANCED_FACE ( 'NONE', ( #6055 ), #750, .T. ) ;
#6586 = ADVANCED_FACE ( 'NONE', ( #6941 ), #8879, .T. ) ;
#6587 = EDGE_LOOP ( 'NONE', ( #939, #2845, #3539, #3590 ) ) ;
#6588 = ORIENTED_EDGE ( 'NONE', *, *, #8922, .F. ) ;
#6589 = FACE_OUTER_BOUND ( 'NONE', #4616, .T. ) ;
#6590 = CARTESIAN_POINT ( 'NONE',  ( -17.80000000000000782, -11.00000000000000000, -17.50000000000000000 ) ) ;
#6591 = DIRECTION ( 'NONE',  ( -0.000000000000000000, 1.000000000000000000, 1.508455196501571429E-16 ) ) ;
#6592 = CARTESIAN_POINT ( 'NONE',  ( -24.49999999999999645, 1.727922061357856087, 4.058920238245228518 ) ) ;
#6593 = FACE_BOUND ( 'NONE', #8082, .T. ) ;
#6594 = ORIENTED_EDGE ( 'NONE', *, *, #8734, .F. ) ;
#6595 = AXIS2_PLACEMENT_3D ( 'NONE', #7891, #7742, #3987 ) ;
#6596 = ORIENTED_EDGE ( 'NONE', *, *, #9006, .T. ) ;
#6597 = ORIENTED_EDGE ( 'NONE', *, *, #9704, .T. ) ;
#6598 = VERTEX_POINT ( 'NONE', #6145 ) ;
#6599 = VERTEX_POINT ( 'NONE', #846 ) ;
#6600 = CARTESIAN_POINT ( 'NONE',  ( 9.999999999999927169, -11.00000000000000000, -0.4999999999998998579 ) ) ;
#6601 = AXIS2_PLACEMENT_3D ( 'NONE', #5364, #193, #3130 ) ;
#6602 = FACE_BOUND ( 'NONE', #5665, .T. ) ;
#6603 = VERTEX_POINT ( 'NONE', #9167 ) ;
#6604 = ORIENTED_EDGE ( 'NONE', *, *, #9041, .T. ) ;
#6605 = ORIENTED_EDGE ( 'NONE', *, *, #1848, .F. ) ;
#6606 = ORIENTED_EDGE ( 'NONE', *, *, #5839, .F. ) ;
#6607 = TOROIDAL_SURFACE ( 'NONE', #8347, 1.879999999999999227, 0.1199999999999999956 ) ;
#6608 = VECTOR ( 'NONE', #8479, 1000.000000000000000 ) ;
#6609 = AXIS2_PLACEMENT_3D ( 'NONE', #9548, #1799, #9347 ) ;
#6610 = DIRECTION ( 'NONE',  ( 0.000000000000000000, 0.000000000000000000, -1.000000000000000000 ) ) ;
#6611 = DIRECTION ( 'NONE',  ( 0.000000000000000000, 0.000000000000000000, -1.000000000000000000 ) ) ;
#6612 = ORIENTED_EDGE ( 'NONE', *, *, #145, .F. ) ;
#6613 = VERTEX_POINT ( 'NONE', #2314 ) ;
#6614 = VECTOR ( 'NONE', #520, 1000.000000000000000 ) ;
#6615 = EDGE_CURVE ( 'NONE', #9458, #9259, #5878, .T. ) ;
#6616 = CARTESIAN_POINT ( 'NONE',  ( -10.00000000000002665, -12.37999999999999901, -14.49999999999990230 ) ) ;
#6617 = CIRCLE ( 'NONE', #1098, 0.1199999999999985800 ) ;
#6618 = DIRECTION ( 'NONE',  ( 0.000000000000000000, 0.000000000000000000, -1.000000000000000000 ) ) ;
#6619 = CIRCLE ( 'NONE', #5206, 1.499999999999999556 ) ;
#6621 = VERTEX_POINT ( 'NONE', #8429 ) ;
#6620 = ADVANCED_FACE ( 'NONE', ( #6100, #7545, #8296 ), #3930, .F. ) ;
#6622 = EDGE_CURVE ( 'NONE', #1959, #7606, #2212, .T. ) ;
#6623 = CARTESIAN_POINT ( 'NONE',  ( 25.80487109870454887, 5.749999999999999112, -13.12000000000000099 ) ) ;
#6624 = DIRECTION ( 'NONE',  ( 0.000000000000000000, 0.000000000000000000, 1.000000000000000000 ) ) ;
#6625 = DIRECTION ( 'NONE',  ( -0.000000000000000000, 1.000000000000000000, 0.000000000000000000 ) ) ;
#6626 = CARTESIAN_POINT ( 'NONE',  ( 16.99887765375237692, 0.6246541272872884187, 17.38000000000000611 ) ) ;
#6627 = CIRCLE ( 'NONE', #470, 1.684871098704546322 ) ;
#6628 = FACE_OUTER_BOUND ( 'NONE', #3878, .T. ) ;
#6629 = EDGE_CURVE ( 'NONE', #3239, #8419, #6979, .T. ) ;
#6630 = DIRECTION ( 'NONE',  ( -0.000000000000000000, 1.508455196501571429E-16, -1.000000000000000000 ) ) ;
#6631 = TOROIDAL_SURFACE ( 'NONE', #7897, 1.804871098704546650, 0.1199999999999999956 ) ;
#6632 = DIRECTION ( 'NONE',  ( 0.000000000000000000, -1.000000000000000000, 0.000000000000000000 ) ) ;
#6633 = TOROIDAL_SURFACE ( 'NONE', #36, 1.619999999999996776, 0.1199999999999999956 ) ;
#6634 = ORIENTED_EDGE ( 'NONE', *, *, #8676, .F. ) ;
#6635 = FACE_OUTER_BOUND ( 'NONE', #6438, .T. ) ;
#6636 = DIRECTION ( 'NONE',  ( 0.000000000000000000, 0.000000000000000000, 1.000000000000000000 ) ) ;
#6637 = CARTESIAN_POINT ( 'NONE',  ( -24.49999999999999645, -12.37999999999999901, -5.821079761754772264 ) ) ;
#6638 = CIRCLE ( 'NONE', #1896, 1.879999999999999671 ) ;
#6639 = CARTESIAN_POINT ( 'NONE',  ( -21.12000000000000099, -11.11999999999999744, -11.53041406348422626 ) ) ;
#6640 = VECTOR ( 'NONE', #3825, 1000.000000000000000 ) ;
#6641 = ADVANCED_FACE ( 'NONE', ( #7639 ), #3680, .T. ) ;
#6642 = DIRECTION ( 'NONE',  ( 0.000000000000000000, -1.508455196501571429E-16, 1.000000000000000000 ) ) ;
#6643 = AXIS2_PLACEMENT_3D ( 'NONE', #5784, #523, #668 ) ;
#6644 = CARTESIAN_POINT ( 'NONE',  ( -25.68487109870454432, 5.749999999999999112, -13.12000000000000099 ) ) ;
#6645 = EDGE_LOOP ( 'NONE', ( #8873, #8757 ) ) ;
#6646 = ORIENTED_EDGE ( 'NONE', *, *, #3201, .T. ) ;
#6647 = VERTEX_POINT ( 'NONE', #6747 ) ;
#6648 = VECTOR ( 'NONE', #4416, 1000.000000000000000 ) ;
#6649 = ORIENTED_EDGE ( 'NONE', *, *, #2891, .T. ) ;
#6650 = CARTESIAN_POINT ( 'NONE',  ( -16.99887765375237692, 0.6246541272872884187, 17.50000000000000355 ) ) ;
#6651 = AXIS2_PLACEMENT_3D ( 'NONE', #3812, #6767, #2379 ) ;
#6652 = EDGE_CURVE ( 'NONE', #8931, #8069, #5413, .T. ) ;
#6653 = DIRECTION ( 'NONE',  ( 0.000000000000000000, 1.000000000000000000, 0.000000000000000000 ) ) ;
#6654 = AXIS2_PLACEMENT_3D ( 'NONE', #1780, #4104, #8012 ) ;
#6655 = EDGE_LOOP ( 'NONE', ( #2054, #3548, #1260, #2462 ) ) ;
#6656 = ORIENTED_EDGE ( 'NONE', *, *, #5713, .T. ) ;
#6657 = DIRECTION ( 'NONE',  ( -0.000000000000000000, -0.000000000000000000, 1.000000000000000000 ) ) ;
#6658 = ORIENTED_EDGE ( 'NONE', *, *, #7217, .F. ) ;
#6659 = EDGE_LOOP ( 'NONE', ( #4727, #7941, #8283, #7151 ) ) ;
#6660 = COLOUR_RGB ( '',0.1372549019607843257, 0.1372549019607843257, 0.1372549019607843257 ) ;
#6661 = DIRECTION ( 'NONE',  ( -0.000000000000000000, -0.000000000000000000, 1.000000000000000000 ) ) ;
#6662 = VECTOR ( 'NONE', #6813, 1000.000000000000000 ) ;
#6663 = DIRECTION ( 'NONE',  ( 0.000000000000000000, 0.000000000000000000, -1.000000000000000000 ) ) ;
#6664 = CARTESIAN_POINT ( 'NONE',  ( 21.50000000000000355, -12.49999999999999822, 9.713487943424976123 ) ) ;
#6665 = ORIENTED_EDGE ( 'NONE', *, *, #6706, .F. ) ;
#6666 = ORIENTED_EDGE ( 'NONE', *, *, #4401, .F. ) ;
#6667 = CARTESIAN_POINT ( 'NONE',  ( -28.88000000000000256, -12.49999999999999822, 7.833487943424977118 ) ) ;
#6668 = CIRCLE ( 'NONE', #8888, 1.619999999999998108 ) ;
#6669 = CYLINDRICAL_SURFACE ( 'NONE', #2877, 1.500000000000001332 ) ;
#6670 = VERTEX_POINT ( 'NONE', #6799 ) ;
#6671 = AXIS2_PLACEMENT_3D ( 'NONE', #6118, #6917, #1688 ) ;
#6672 = EDGE_CURVE ( 'NONE', #1568, #2333, #4494, .T. ) ;
#6673 = CARTESIAN_POINT ( 'NONE',  ( -9.999999999999927169, -11.11999999999999922, -0.4999999999998998579 ) ) ;
#6674 = CARTESIAN_POINT ( 'NONE',  ( -28.87999999999999901, -12.49999999999999822, 15.50000000000000178 ) ) ;
#6675 = AXIS2_PLACEMENT_3D ( 'NONE', #6691, #8325, #6090 ) ;
#6676 = FACE_OUTER_BOUND ( 'NONE', #6930, .T. ) ;
#6677 = CYLINDRICAL_SURFACE ( 'NONE', #8417, 0.1200000000000003147 ) ;
#6678 = LINE ( 'NONE', #5111, #8207 ) ;
#6679 = CARTESIAN_POINT ( 'NONE',  ( -9.999999999999927169, -11.00000000000000000, -0.4999999999998998579 ) ) ;
#6680 = CIRCLE ( 'NONE', #8577, 1.499999999999999556 ) ;
#6681 = VERTEX_POINT ( 'NONE', #3840 ) ;
#6682 = EDGE_LOOP ( 'NONE', ( #8526, #6463, #4169, #7562 ) ) ;
#6683 = DIRECTION ( 'NONE',  ( 0.000000000000000000, -1.000000000000000000, 0.000000000000000000 ) ) ;
#6684 = EDGE_CURVE ( 'NONE', #6232, #2435, #6007, .T. ) ;
#6685 = DIRECTION ( 'NONE',  ( -0.000000000000000000, 1.000000000000000000, 0.000000000000000000 ) ) ;
#6686 = AXIS2_PLACEMENT_3D ( 'NONE', #4981, #8727, #5615 ) ;
#6687 = DIRECTION ( 'NONE',  ( 0.000000000000000000, -1.000000000000000000, 0.000000000000000000 ) ) ;
#6688 = EDGE_CURVE ( 'NONE', #9433, #1351, #6180, .T. ) ;
#6689 = CARTESIAN_POINT ( 'NONE',  ( 29.00000000000000000, 27.00000000000000355, 7.833487943424975342 ) ) ;
#6690 = EDGE_CURVE ( 'NONE', #5034, #3090, #3195, .T. ) ;
#6691 = CARTESIAN_POINT ( 'NONE',  ( 9.999999999999927169, -11.11999999999999922, -0.4999999999998998579 ) ) ;
#6692 = ORIENTED_EDGE ( 'NONE', *, *, #9572, .F. ) ;
#6693 = ORIENTED_EDGE ( 'NONE', *, *, #4787, .T. ) ;
#6694 = VERTEX_POINT ( 'NONE', #7140 ) ;
#6695 = EDGE_CURVE ( 'NONE', #7091, #399, #3980, .T. ) ;
#6696 = ORIENTED_EDGE ( 'NONE', *, *, #5427, .F. ) ;
#6697 = DIRECTION ( 'NONE',  ( 0.000000000000000000, -1.000000000000000000, 0.000000000000000000 ) ) ;
#6698 = AXIS2_PLACEMENT_3D ( 'NONE', #1041, #1774, #7806 ) ;
#6699 = LINE ( 'NONE', #9702, #7871 ) ;
#6700 = TOROIDAL_SURFACE ( 'NONE', #3711, 1.880000000000000115, 0.1199999999999999956 ) ;
#6701 = CIRCLE ( 'NONE', #2449, 0.4200000000000002620 ) ;
#6702 = VERTEX_POINT ( 'NONE', #7194 ) ;
#6703 = DIRECTION ( 'NONE',  ( 1.000000000000000000, 0.000000000000000000, -1.224646799147353207E-16 ) ) ;
#6704 = ORIENTED_EDGE ( 'NONE', *, *, #2594, .T. ) ;
#6705 = EDGE_LOOP ( 'NONE', ( #2316, #7712, #8590, #4140 ) ) ;
#6706 = EDGE_CURVE ( 'NONE', #2486, #4391, #1466, .T. ) ;
#6707 = ADVANCED_FACE ( 'NONE', ( #4130 ), #537, .T. ) ;
#6708 = CARTESIAN_POINT ( 'NONE',  ( -9.999999999999927169, -11.11999999999999922, 1.000000000000101030 ) ) ;
#6709 = TOROIDAL_SURFACE ( 'NONE', #1980, 1.620000000000001217, 0.1199999999999999956 ) ;
#6710 = CARTESIAN_POINT ( 'NONE',  ( 20.70000000000000284, -12.49999999999999822, -11.11041406348422811 ) ) ;
#6711 = DIRECTION ( 'NONE',  ( 0.000000000000000000, -1.000000000000000000, 0.000000000000000000 ) ) ;
#6712 = TOROIDAL_SURFACE ( 'NONE', #5922, 1.737476254756360472, 0.1199999999999999956 ) ;
#6713 = VERTEX_POINT ( 'NONE', #437 ) ;
#6714 = CARTESIAN_POINT ( 'NONE',  ( -11.37465412728722391, -6.248877653752255235, 16.11999999999999744 ) ) ;
#6715 = DIRECTION ( 'NONE',  ( 0.000000000000000000, 0.000000000000000000, 1.000000000000000000 ) ) ;
#6716 = AXIS2_PLACEMENT_3D ( 'NONE', #1207, #4323, #4219 ) ;
#6717 = AXIS2_PLACEMENT_3D ( 'NONE', #9452, #6446, #8677 ) ;
#6718 = CARTESIAN_POINT ( 'NONE',  ( 21.50000000000000355, -12.37999999999999901, 9.713487943424976123 ) ) ;
#6719 = ORIENTED_EDGE ( 'NONE', *, *, #5900, .T. ) ;
#6720 = FACE_BOUND ( 'NONE', #288, .T. ) ;
#6721 = CARTESIAN_POINT ( 'NONE',  ( -7.329206686002009974E-14, -12.49999999999999822, -4.499999999999998224 ) ) ;
#6722 = CARTESIAN_POINT ( 'NONE',  ( -20.70000000000000284, -12.37999999999997414, -11.53041406348422626 ) ) ;
#6723 = CARTESIAN_POINT ( 'NONE',  ( -20.88000000000000256, -11.00000000000000000, 15.50000000000000178 ) ) ;
#6724 = FACE_OUTER_BOUND ( 'NONE', #1951, .T. ) ;
#6725 = CARTESIAN_POINT ( 'NONE',  ( -29.00000000000000000, 27.00000000000000355, 7.833487943424977118 ) ) ;
#6726 = ORIENTED_EDGE ( 'NONE', *, *, #3965, .T. ) ;
#6727 = DIRECTION ( 'NONE',  ( 5.811872027389895469E-16, 0.000000000000000000, -1.000000000000000000 ) ) ;
#6728 = DIRECTION ( 'NONE',  ( -0.000000000000000000, 1.000000000000000000, 0.000000000000000000 ) ) ;
#6729 = CYLINDRICAL_SURFACE ( 'NONE', #1510, 1.999999999999998224 ) ;
#6730 = CARTESIAN_POINT ( 'NONE',  ( 16.99999999999999645, -12.37999999999999901, -7.499999999999852562 ) ) ;
#6731 = FACE_OUTER_BOUND ( 'NONE', #3075, .T. ) ;
#6732 = ADVANCED_FACE ( 'NONE', ( #7940 ), #5727, .T. ) ;
#6733 = CARTESIAN_POINT ( 'NONE',  ( 16.99887765375237692, 0.6246541272872884187, 10.50000000000001243 ) ) ;
#6734 = DIRECTION ( 'NONE',  ( -0.000000000000000000, 0.000000000000000000, 1.000000000000000000 ) ) ;
#6735 = EDGE_LOOP ( 'NONE', ( #7448, #8467, #4538, #8386 ) ) ;
#6736 = ORIENTED_EDGE ( 'NONE', *, *, #6080, .T. ) ;
#6737 = ORIENTED_EDGE ( 'NONE', *, *, #4265, .T. ) ;
#6738 = EDGE_CURVE ( 'NONE', #1345, #2944, #1633, .T. ) ;
#6739 = CARTESIAN_POINT ( 'NONE',  ( -24.49999999999999645, -12.49999999999999822, 2.500000000000001332 ) ) ;
#6740 = FACE_OUTER_BOUND ( 'NONE', #4283, .T. ) ;
#6741 = ADVANCED_FACE ( 'NONE', ( #6190 ), #226, .T. ) ;
#6742 = DIRECTION ( 'NONE',  ( -0.000000000000000000, -1.000000000000000000, -0.000000000000000000 ) ) ;
#6743 = ORIENTED_EDGE ( 'NONE', *, *, #6248, .T. ) ;
#6744 = CIRCLE ( 'NONE', #8638, 1.879999999999999671 ) ;
#6745 = EDGE_CURVE ( 'NONE', #5916, #7852, #3233, .T. ) ;
#6746 = ORIENTED_EDGE ( 'NONE', *, *, #2271, .T. ) ;
#6747 = CARTESIAN_POINT ( 'NONE',  ( -21.00000000000000355, -11.11999999999998323, 10.33348794342497712 ) ) ;
#6748 = EDGE_LOOP ( 'NONE', ( #4495, #3344, #7442, #2538 ) ) ;
#6749 = ORIENTED_EDGE ( 'NONE', *, *, #8321, .T. ) ;
#6750 = EDGE_LOOP ( 'NONE', ( #451, #4450, #8193, #281 ) ) ;
#6751 = DIRECTION ( 'NONE',  ( 0.000000000000000000, -1.000000000000000000, -0.000000000000000000 ) ) ;
#6752 = AXIS2_PLACEMENT_3D ( 'NONE', #1844, #7934, #3974 ) ;
#6753 = LINE ( 'NONE', #2912, #334 ) ;
#6754 = DIRECTION ( 'NONE',  ( 0.000000000000000000, -1.000000000000000000, 0.000000000000000000 ) ) ;
#6755 = ORIENTED_EDGE ( 'NONE', *, *, #4148, .F. ) ;
#6756 = EDGE_CURVE ( 'NONE', #4409, #7541, #2579, .T. ) ;
#6757 = EDGE_LOOP ( 'NONE', ( #7359, #6230, #4384, #8821 ) ) ;
#6758 = EDGE_CURVE ( 'NONE', #5091, #1422, #8118, .T. ) ;
#6759 = DIRECTION ( 'NONE',  ( 0.000000000000000000, 0.000000000000000000, 1.000000000000000000 ) ) ;
#6760 = TOROIDAL_SURFACE ( 'NONE', #2659, 1.620000000000002549, 0.1199999999999999956 ) ;
#6761 = DIRECTION ( 'NONE',  ( -0.000000000000000000, -1.000000000000000000, -0.000000000000000000 ) ) ;
#6762 = AXIS2_PLACEMENT_3D ( 'NONE', #684, #3686, #2196 ) ;
#6763 = FACE_OUTER_BOUND ( 'NONE', #5742, .T. ) ;
#6764 = DIRECTION ( 'NONE',  ( -0.000000000000000000, 1.000000000000000000, -0.000000000000000000 ) ) ;
#6765 = DIRECTION ( 'NONE',  ( 0.000000000000000000, 0.000000000000000000, -1.000000000000000000 ) ) ;
#6766 = CIRCLE ( 'NONE', #1096, 1.617476254756360587 ) ;
#6767 = DIRECTION ( 'NONE',  ( -1.000000000000000000, -0.000000000000000000, -0.000000000000000000 ) ) ;
#6768 = CARTESIAN_POINT ( 'NONE',  ( -28.87999999999999901, -11.00000000000000000, -13.00000000000000000 ) ) ;
#6769 = CIRCLE ( 'NONE', #1251, 0.1199999999999985800 ) ;
#6770 = EDGE_CURVE ( 'NONE', #260, #8131, #9344, .T. ) ;
#6771 = DIRECTION ( 'NONE',  ( 0.000000000000000000, -1.000000000000000000, 0.000000000000000000 ) ) ;
#6772 = DIRECTION ( 'NONE',  ( 0.000000000000000000, 0.000000000000000000, 1.000000000000000000 ) ) ;
#6773 = AXIS2_PLACEMENT_3D ( 'NONE', #3454, #7362, #8005 ) ;
#6774 = ORIENTED_EDGE ( 'NONE', *, *, #1550, .F. ) ;
#6775 = FACE_BOUND ( 'NONE', #4100, .T. ) ;
#6776 = AXIS2_PLACEMENT_3D ( 'NONE', #411, #5677, #2621 ) ;
#6777 = FACE_OUTER_BOUND ( 'NONE', #4823, .T. ) ;
#6778 = FACE_OUTER_BOUND ( 'NONE', #4882, .T. ) ;
#6779 = CARTESIAN_POINT ( 'NONE',  ( -21.00000000000000000, -10.49999999999999822, 17.38000000000000611 ) ) ;
#6780 = AXIS2_PLACEMENT_3D ( 'NONE', #1798, #9124, #5557 ) ;
#6781 = PLANE ( 'NONE',  #313 ) ;
#6782 = CIRCLE ( 'NONE', #1430, 1.500000000000003109 ) ;
#6783 = DIRECTION ( 'NONE',  ( 0.000000000000000000, 0.000000000000000000, -1.000000000000000000 ) ) ;
#6784 = CARTESIAN_POINT ( 'NONE',  ( -24.00000000000000000, -5.867476254756361698, -14.50000000000000000 ) ) ;
#6785 = VERTEX_POINT ( 'NONE', #7038 ) ;
#6786 = ORIENTED_EDGE ( 'NONE', *, *, #2632, .T. ) ;
#6787 = ORIENTED_EDGE ( 'NONE', *, *, #5548, .T. ) ;
#6788 = AXIS2_PLACEMENT_3D ( 'NONE', #9492, #2043, #2195 ) ;
#6789 = FACE_OUTER_BOUND ( 'NONE', #3903, .T. ) ;
#6790 = DIRECTION ( 'NONE',  ( 0.000000000000000000, -1.000000000000000000, -1.508455196501571429E-16 ) ) ;
#6791 = TOROIDAL_SURFACE ( 'NONE', #9002, 1.619999999999999885, 0.1199999999999999956 ) ;
#6792 = EDGE_CURVE ( 'NONE', #1381, #108, #2111, .T. ) ;
#6793 = FACE_BOUND ( 'NONE', #5047, .T. ) ;
#6794 = VERTEX_POINT ( 'NONE', #6238 ) ;
#6795 = ADVANCED_FACE ( 'NONE', ( #6342 ), #4640, .T. ) ;
#6796 = EDGE_CURVE ( 'NONE', #2907, #6800, #6988, .T. ) ;
#6797 = TOROIDAL_SURFACE ( 'NONE', #4753, 1.620000000000002549, 0.1199999999999999956 ) ;
#6798 = ORIENTED_EDGE ( 'NONE', *, *, #7034, .T. ) ;
#6799 = CARTESIAN_POINT ( 'NONE',  ( 3.001122346247667938, -0.7446541272870949024, 16.00000000000000000 ) ) ;
#6800 = VERTEX_POINT ( 'NONE', #9394 ) ;
#6801 = ORIENTED_EDGE ( 'NONE', *, *, #6884, .T. ) ;
#6802 = LINE ( 'NONE', #6853, #9274 ) ;
#6803 = VECTOR ( 'NONE', #2429, 1000.000000000000000 ) ;
#6804 = EDGE_CURVE ( 'NONE', #1334, #870, #2644, .T. ) ;
#6805 = FACE_OUTER_BOUND ( 'NONE', #1314, .T. ) ;
#6806 = CARTESIAN_POINT ( 'NONE',  ( -29.00000000000000000, -12.37999999999997414, 7.833487943424977118 ) ) ;
#6807 = ORIENTED_EDGE ( 'NONE', *, *, #4940, .F. ) ;
#6808 = CIRCLE ( 'NONE', #9631, 1.684871098704545433 ) ;
#6809 = ORIENTED_EDGE ( 'NONE', *, *, #6396, .F. ) ;
#6810 = EDGE_CURVE ( 'NONE', #6598, #8389, #7628, .T. ) ;
#6811 = DIRECTION ( 'NONE',  ( 0.000000000000000000, -1.000000000000000000, 0.000000000000000000 ) ) ;
#6812 = EDGE_CURVE ( 'NONE', #7979, #2914, #3687, .T. ) ;
#6813 = DIRECTION ( 'NONE',  ( 1.000000000000000000, -0.000000000000000000, -0.000000000000000000 ) ) ;
#6814 = AXIS2_PLACEMENT_3D ( 'NONE', #5579, #4802, #1832 ) ;
#6815 = FACE_OUTER_BOUND ( 'NONE', #6495, .T. ) ;
#6816 = ADVANCED_FACE ( 'NONE', ( #1063 ), #5605, .F. ) ;
#6817 = CARTESIAN_POINT ( 'NONE',  ( -24.00000000000000000, -4.250000000000000888, -13.12000000000000099 ) ) ;
#6818 = DIRECTION ( 'NONE',  ( 0.000000000000000000, 0.000000000000000000, 1.000000000000000000 ) ) ;
#6819 = DIRECTION ( 'NONE',  ( 0.000000000000000000, 0.000000000000000000, -1.000000000000000000 ) ) ;
#6820 = DIRECTION ( 'NONE',  ( 0.000000000000000000, 0.000000000000000000, -1.000000000000000000 ) ) ;
#6821 = CIRCLE ( 'NONE', #3519, 1.617476254756360587 ) ;
#6822 = CARTESIAN_POINT ( 'NONE',  ( 0.000000000000000000, -11.11999999999999922, 2.500000000000001332 ) ) ;
#6823 = DIRECTION ( 'NONE',  ( 0.000000000000000000, -1.000000000000000000, -0.000000000000000000 ) ) ;
#6824 = TOROIDAL_SURFACE ( 'NONE', #9189, 1.678920238245227292, 0.1199999999999999956 ) ;
#6825 = ORIENTED_EDGE ( 'NONE', *, *, #3116, .F. ) ;
#6826 = DIRECTION ( 'NONE',  ( 0.000000000000000000, -0.000000000000000000, -1.000000000000000000 ) ) ;
#6827 = AXIS2_PLACEMENT_3D ( 'NONE', #7357, #648, #5177 ) ;
#6828 = EDGE_CURVE ( 'NONE', #9620, #245, #8815, .T. ) ;
#6829 = ADVANCED_FACE ( 'NONE', ( #7437 ), #2734, .T. ) ;
#6830 = DIRECTION ( 'NONE',  ( 0.000000000000000000, 0.000000000000000000, 1.000000000000000000 ) ) ;
#6831 = CARTESIAN_POINT ( 'NONE',  ( -10.00000000000002665, -12.37999999999999901, -12.99999999999990052 ) ) ;
#6832 = CARTESIAN_POINT ( 'NONE',  ( 24.49999999999999645, -11.11999999999999922, 0.9410797617547741467 ) ) ;
#6833 = FACE_OUTER_BOUND ( 'NONE', #2714, .T. ) ;
#6834 = AXIS2_PLACEMENT_3D ( 'NONE', #4225, #8718, #2003 ) ;
#6835 = CARTESIAN_POINT ( 'NONE',  ( 21.00000000000000000, 10.49999999999999467, 4.499999999999997335 ) ) ;
#6836 = ADVANCED_FACE ( 'NONE', ( #490 ), #2049, .F. ) ;
#6837 = ORIENTED_EDGE ( 'NONE', *, *, #8739, .F. ) ;
#6838 = ORIENTED_EDGE ( 'NONE', *, *, #4519, .T. ) ;
#6839 = ORIENTED_EDGE ( 'NONE', *, *, #9593, .T. ) ;
#6840 = CIRCLE ( 'NONE', #7328, 1.500000000000000444 ) ;
#6841 = DIRECTION ( 'NONE',  ( 0.000000000000000000, 1.000000000000000000, 0.000000000000000000 ) ) ;
#6842 = DIRECTION ( 'NONE',  ( -0.000000000000000000, 1.508455196501571429E-16, -1.000000000000000000 ) ) ;
#6843 = VERTEX_POINT ( 'NONE', #6644 ) ;
#6844 = CIRCLE ( 'NONE', #7952, 1.684871098704545433 ) ;
#6845 = DIRECTION ( 'NONE',  ( 0.000000000000000000, 0.000000000000000000, 1.000000000000000000 ) ) ;
#6846 = VERTEX_POINT ( 'NONE', #4430 ) ;
#6847 = ORIENTED_EDGE ( 'NONE', *, *, #1316, .T. ) ;
#6848 = DIRECTION ( 'NONE',  ( 0.000000000000000000, -1.000000000000000000, 0.000000000000000000 ) ) ;
#6849 = ORIENTED_EDGE ( 'NONE', *, *, #6758, .F. ) ;
#6850 = ORIENTED_EDGE ( 'NONE', *, *, #4908, .T. ) ;
#6851 = CIRCLE ( 'NONE', #3544, 0.1200000000000003147 ) ;
#6852 = ORIENTED_EDGE ( 'NONE', *, *, #3497, .T. ) ;
#6853 = CARTESIAN_POINT ( 'NONE',  ( -27.00000000000000355, -12.49999999999999822, 9.713487943424976123 ) ) ;
#6854 = CARTESIAN_POINT ( 'NONE',  ( 10.00000000000000178, -11.11999999999999922, -7.499999999999999112 ) ) ;
#6855 = CYLINDRICAL_SURFACE ( 'NONE', #4186, 1.500000000000001332 ) ;
#6856 = TOROIDAL_SURFACE ( 'NONE', #8437, 1.879999999999998339, 0.1199999999999999956 ) ;
#6857 = CIRCLE ( 'NONE', #2602, 1.619999999999998996 ) ;
#6858 = ORIENTED_EDGE ( 'NONE', *, *, #3066, .F. ) ;
#6859 = CARTESIAN_POINT ( 'NONE',  ( -20.88000000000000611, -10.49999999999999822, 15.50000000000000178 ) ) ;
#6860 = ADVANCED_FACE ( 'NONE', ( #2153 ), #5166, .F. ) ;
#6861 = CARTESIAN_POINT ( 'NONE',  ( -24.49999999999999645, -12.37999999999999901, -5.941079761754771482 ) ) ;
#6862 = AXIS2_PLACEMENT_3D ( 'NONE', #4352, #6842, #8424 ) ;
#6863 = DIRECTION ( 'NONE',  ( 0.000000000000000000, 1.000000000000000000, 0.000000000000000000 ) ) ;
#6864 = EDGE_CURVE ( 'NONE', #4564, #7241, #6437, .T. ) ;
#6865 = FACE_BOUND ( 'NONE', #8813, .T. ) ;
#6866 = DIRECTION ( 'NONE',  ( 0.000000000000000000, 0.000000000000000000, -1.000000000000000000 ) ) ;
#6867 = EDGE_CURVE ( 'NONE', #4435, #7026, #3200, .T. ) ;
#6868 = DIRECTION ( 'NONE',  ( 0.000000000000000000, -1.000000000000000000, 0.000000000000000000 ) ) ;
#6869 = FACE_OUTER_BOUND ( 'NONE', #845, .T. ) ;
#6870 = AXIS2_PLACEMENT_3D ( 'NONE', #3939, #5431, #6106 ) ;
#6871 = CARTESIAN_POINT ( 'NONE',  ( -21.11999999999999744, -10.49999999999999822, -12.49999999999999822 ) ) ;
#6872 = CIRCLE ( 'NONE', #2149, 0.5000000000000004441 ) ;
#6873 = EDGE_CURVE ( 'NONE', #7702, #5021, #5699, .T. ) ;
#6874 = DIRECTION ( 'NONE',  ( 0.000000000000000000, 0.000000000000000000, -1.000000000000000000 ) ) ;
#6875 = ORIENTED_EDGE ( 'NONE', *, *, #1378, .T. ) ;
#6876 = FACE_OUTER_BOUND ( 'NONE', #2908, .T. ) ;
#6877 = DIRECTION ( 'NONE',  ( 1.000000000000000000, 0.000000000000000000, 1.224646799147352961E-16 ) ) ;
#6878 = CARTESIAN_POINT ( 'NONE',  ( 27.50000000000000000, 10.49999999999999645, -13.00000000000000000 ) ) ;
#6879 = AXIS2_PLACEMENT_3D ( 'NONE', #667, #9719, #3855 ) ;
#6880 = CARTESIAN_POINT ( 'NONE',  ( -10.12534587271282582, -0.8711223462475460311, 16.00000000000000000 ) ) ;
#6881 = DIRECTION ( 'NONE',  ( 0.000000000000000000, -1.000000000000000000, -0.000000000000000000 ) ) ;
#6882 = EDGE_CURVE ( 'NONE', #452, #545, #1950, .T. ) ;
#6883 = CARTESIAN_POINT ( 'NONE',  ( 6.999999999999999112, -12.49999999999999822, 0.8799999999999511546 ) ) ;
#6884 = EDGE_CURVE ( 'NONE', #189, #9176, #3993, .T. ) ;
#6885 = ORIENTED_EDGE ( 'NONE', *, *, #8017, .T. ) ;
#6886 = ORIENTED_EDGE ( 'NONE', *, *, #6487, .T. ) ;
#6887 = VERTEX_POINT ( 'NONE', #8141 ) ;
#6888 = CARTESIAN_POINT ( 'NONE',  ( -28.87999999999999901, -12.49999999999999822, -12.50000000000000178 ) ) ;
#6889 = FACE_OUTER_BOUND ( 'NONE', #5814, .T. ) ;
#6890 = DIRECTION ( 'NONE',  ( -0.000000000000000000, 1.000000000000000000, 0.000000000000000000 ) ) ;
#6891 = ORIENTED_EDGE ( 'NONE', *, *, #2002, .T. ) ;
#6892 = ORIENTED_EDGE ( 'NONE', *, *, #3146, .T. ) ;
#6893 = DIRECTION ( 'NONE',  ( 0.000000000000000000, -1.000000000000000000, 0.000000000000000000 ) ) ;
#6894 = VERTEX_POINT ( 'NONE', #1359 ) ;
#6895 = ORIENTED_EDGE ( 'NONE', *, *, #5655, .T. ) ;
#6896 = ORIENTED_EDGE ( 'NONE', *, *, #3286, .T. ) ;
#6897 = CARTESIAN_POINT ( 'NONE',  ( 10.00000000000000178, -11.11999999999999922, -3.000000000000000888 ) ) ;
#6898 = AXIS2_PLACEMENT_3D ( 'NONE', #6508, #6352, #2753 ) ;
#6899 = DIRECTION ( 'NONE',  ( -1.224646799147352961E-16, 1.000000000000000000, 0.000000000000000000 ) ) ;
#6900 = DIRECTION ( 'NONE',  ( -1.224646799147352961E-16, 1.000000000000000000, 0.000000000000000000 ) ) ;
#6901 = CIRCLE ( 'NONE', #7861, 1.619999999999996554 ) ;
#6902 = VERTEX_POINT ( 'NONE', #2893 ) ;
#6903 = DIRECTION ( 'NONE',  ( 0.000000000000000000, 0.000000000000000000, -1.000000000000000000 ) ) ;
#6904 = DIRECTION ( 'NONE',  ( 0.000000000000000000, 0.000000000000000000, 1.000000000000000000 ) ) ;
#6905 = TOROIDAL_SURFACE ( 'NONE', #4403, 1.379999999999999671, 0.1199999999999999956 ) ;
#6906 = LINE ( 'NONE', #121, #5285 ) ;
#6907 = DIRECTION ( 'NONE',  ( 0.000000000000000000, -1.000000000000000000, -0.000000000000000000 ) ) ;
#6908 = CARTESIAN_POINT ( 'NONE',  ( 16.99887765375237692, 0.6246541272872884187, 17.38000000000000611 ) ) ;
#6909 = EDGE_CURVE ( 'NONE', #6092, #3447, #5885, .T. ) ;
#6910 = CARTESIAN_POINT ( 'NONE',  ( 29.00000000000000000, 12.50000000000000000, 16.12000000000000099 ) ) ;
#6911 = VERTEX_POINT ( 'NONE', #8185 ) ;
#6912 = AXIS2_PLACEMENT_3D ( 'NONE', #4626, #874, #7523 ) ;
#6913 = CIRCLE ( 'NONE', #9268, 1.558920238245227408 ) ;
#6914 = CARTESIAN_POINT ( 'NONE',  ( -9.999999999999927169, -12.37999999999999901, -0.4999999999998998579 ) ) ;
#6915 = EDGE_CURVE ( 'NONE', #2914, #7979, #77, .T. ) ;
#6916 = EDGE_CURVE ( 'NONE', #4871, #9500, #2795, .T. ) ;
#6917 = DIRECTION ( 'NONE',  ( 1.000000000000000000, -1.224646799147352961E-16, -1.847324828052840849E-32 ) ) ;
#6918 = DIRECTION ( 'NONE',  ( 0.000000000000000000, 0.000000000000000000, -1.000000000000000000 ) ) ;
#6919 = CARTESIAN_POINT ( 'NONE',  ( 24.00000000000000000, 4.065128901295453012, -13.12000000000000099 ) ) ;
#6920 = DIRECTION ( 'NONE',  ( 0.000000000000000000, 0.000000000000000000, 1.000000000000000000 ) ) ;
#6921 = ADVANCED_FACE ( 'NONE', ( #8767 ), #865, .T. ) ;
#6922 = AXIS2_PLACEMENT_3D ( 'NONE', #3874, #8322, #4629 ) ;
#6923 = DIRECTION ( 'NONE',  ( -1.000000000000000000, -0.000000000000000000, -0.000000000000000000 ) ) ;
#6924 = CARTESIAN_POINT ( 'NONE',  ( -6.999999999999999112, -11.00000000000000000, 0.8800000000000018918 ) ) ;
#6925 = AXIS2_PLACEMENT_3D ( 'NONE', #4905, #5543, #8604 ) ;
#6926 = CARTESIAN_POINT ( 'NONE',  ( -7.329206686002009974E-14, -11.11999999999999922, -6.119999999999998330 ) ) ;
#6927 = AXIS2_PLACEMENT_3D ( 'NONE', #2584, #3318, #4809 ) ;
#6928 = AXIS2_PLACEMENT_3D ( 'NONE', #9280, #4805, #1645 ) ;
#6929 = VERTEX_POINT ( 'NONE', #8039 ) ;
#6930 = EDGE_LOOP ( 'NONE', ( #8235, #1093, #5215, #639, #4090, #934, #6692, #4530 ) ) ;
#6931 = ORIENTED_EDGE ( 'NONE', *, *, #2948, .T. ) ;
#6932 = CARTESIAN_POINT ( 'NONE',  ( 10.00000000000000178, -11.00000000000000000, -7.499999999999999112 ) ) ;
#6933 = CARTESIAN_POINT ( 'NONE',  ( -21.12000000000000099, -11.00000000000000000, -12.49999999999999822 ) ) ;
#6934 = AXIS2_PLACEMENT_3D ( 'NONE', #815, #9718, #4555 ) ;
#6935 = ADVANCED_FACE ( 'NONE', ( #7292 ), #6356, .T. ) ;
#6936 = EDGE_CURVE ( 'NONE', #8093, #6156, #539, .T. ) ;
#6937 = AXIS2_PLACEMENT_3D ( 'NONE', #1090, #8943, #4454 ) ;
#6938 = PLANE ( 'NONE',  #5189 ) ;
#6939 = ORIENTED_EDGE ( 'NONE', *, *, #8561, .F. ) ;
#6940 = AXIS2_PLACEMENT_3D ( 'NONE', #6569, #9568, #8838 ) ;
#6941 = FACE_OUTER_BOUND ( 'NONE', #752, .T. ) ;
#6942 = ORIENTED_EDGE ( 'NONE', *, *, #4819, .F. ) ;
#6943 = ORIENTED_EDGE ( 'NONE', *, *, #6936, .F. ) ;
#6944 = TOROIDAL_SURFACE ( 'NONE', #2528, 1.620000000000000773, 0.1199999999999999956 ) ;
#6945 = VERTEX_POINT ( 'NONE', #2199 ) ;
#6946 = DIRECTION ( 'NONE',  ( -0.000000000000000000, -1.000000000000000000, -0.000000000000000000 ) ) ;
#6947 = EDGE_CURVE ( 'NONE', #4740, #9467, #46, .T. ) ;
#6948 = CARTESIAN_POINT ( 'NONE',  ( -4.501122346247669270, 0.8753458727129065364, 10.50000000000001243 ) ) ;
#6949 = AXIS2_PLACEMENT_3D ( 'NONE', #6854, #7082, #8616 ) ;
#6950 = ORIENTED_EDGE ( 'NONE', *, *, #5432, .T. ) ;
#6951 = TOROIDAL_SURFACE ( 'NONE', #5538, 1.737476254756360472, 0.1199999999999999956 ) ;
#6952 = ORIENTED_EDGE ( 'NONE', *, *, #7834, .T. ) ;
#6953 = CARTESIAN_POINT ( 'NONE',  ( 9.874654127287220362, -6.248877653752255235, 10.50000000000001243 ) ) ;
#6954 = CARTESIAN_POINT ( 'NONE',  ( 22.50000000000000711, 11.88000000000000256, -13.00000000000000000 ) ) ;
#6955 = EDGE_LOOP ( 'NONE', ( #1805, #737, #7993, #3996 ) ) ;
#6956 = CIRCLE ( 'NONE', #8075, 1.684871098704545433 ) ;
#6957 = EDGE_LOOP ( 'NONE', ( #5425, #2348, #5139, #661 ) ) ;
#6958 = DIRECTION ( 'NONE',  ( 0.000000000000000000, 0.000000000000000000, -1.000000000000000000 ) ) ;
#6959 = VECTOR ( 'NONE', #7472, 1000.000000000000000 ) ;
#6960 = FACE_OUTER_BOUND ( 'NONE', #7586, .T. ) ;
#6961 = CARTESIAN_POINT ( 'NONE',  ( 16.99887765375237692, 0.6246541272872884187, 16.12000000000000099 ) ) ;
#6962 = PLANE ( 'NONE',  #4759 ) ;
#6963 = CIRCLE ( 'NONE', #7282, 0.2999999999999999334 ) ;
#6964 = FACE_OUTER_BOUND ( 'NONE', #6955, .T. ) ;
#6965 = FACE_OUTER_BOUND ( 'NONE', #5870, .T. ) ;
#6966 = EDGE_LOOP ( 'NONE', ( #6746, #4643 ) ) ;
#6967 = EDGE_CURVE ( 'NONE', #6424, #785, #5261, .T. ) ;
#6968 = ORIENTED_EDGE ( 'NONE', *, *, #9160, .T. ) ;
#6969 = VERTEX_POINT ( 'NONE', #1551 ) ;
#6970 = CARTESIAN_POINT ( 'NONE',  ( -22.50000000000000711, 11.87999999999999901, -14.49999999999999822 ) ) ;
#6971 = AXIS2_PLACEMENT_3D ( 'NONE', #1900, #289, #4728 ) ;
#6972 = FACE_OUTER_BOUND ( 'NONE', #6993, .T. ) ;
#6973 = CARTESIAN_POINT ( 'NONE',  ( -24.49999999999999645, -12.37999999999999901, -9.058920238245224965 ) ) ;
#6974 = DIRECTION ( 'NONE',  ( 2.081668171172166620E-14, 0.000000000000000000, -1.000000000000000000 ) ) ;
#6975 = CIRCLE ( 'NONE', #3037, 0.1199999999999985800 ) ;
#6976 = CARTESIAN_POINT ( 'NONE',  ( 20.10000000000000853, 27.00000000000000355, -11.53041406348422626 ) ) ;
#6977 = DIRECTION ( 'NONE',  ( 1.000000000000000000, 0.000000000000000000, 0.000000000000000000 ) ) ;
#6978 = DIRECTION ( 'NONE',  ( -0.000000000000000000, 1.508455196501571429E-16, -1.000000000000000000 ) ) ;
#6979 = CIRCLE ( 'NONE', #2258, 1.620000000000001661 ) ;
#6980 = EDGE_CURVE ( 'NONE', #6887, #5863, #3366, .T. ) ;
#6981 = ORIENTED_EDGE ( 'NONE', *, *, #14, .T. ) ;
#6982 = VERTEX_POINT ( 'NONE', #6784 ) ;
#6983 = DIRECTION ( 'NONE',  ( -0.000000000000000000, 1.000000000000000000, -0.000000000000000000 ) ) ;
#6984 = CARTESIAN_POINT ( 'NONE',  ( -3.000000000000001776, -11.00000000000000000, -5.879999999999997229 ) ) ;
#6985 = TOROIDAL_SURFACE ( 'NONE', #8558, 1.619999999999999885, 0.1199999999999999956 ) ;
#6986 = EDGE_CURVE ( 'NONE', #1121, #4046, #1783, .T. ) ;
#6987 = ADVANCED_FACE ( 'NONE', ( #3777 ), #8961, .F. ) ;
#6988 = CIRCLE ( 'NONE', #1474, 0.1199999999999985800 ) ;
#6989 = DIRECTION ( 'NONE',  ( 0.000000000000000000, 0.000000000000000000, 1.000000000000000000 ) ) ;
#6990 = EDGE_CURVE ( 'NONE', #5426, #69, #3052, .T. ) ;
#6991 = CARTESIAN_POINT ( 'NONE',  ( -28.87999999999999901, 10.49999999999999112, -13.11999999999999922 ) ) ;
#6992 = VERTEX_POINT ( 'NONE', #9103 ) ;
#6993 = EDGE_LOOP ( 'NONE', ( #7227, #5126, #4794, #4177 ) ) ;
#6994 = CIRCLE ( 'NONE', #4162, 0.1199999999999985800 ) ;
#6995 = EDGE_LOOP ( 'NONE', ( #6205, #5842 ) ) ;
#6996 = ORIENTED_EDGE ( 'NONE', *, *, #5540, .F. ) ;
#6997 = ORIENTED_EDGE ( 'NONE', *, *, #8397, .F. ) ;
#6998 = CARTESIAN_POINT ( 'NONE',  ( -6.999999999999999112, 1.727922061357856087, 4.000000000000000888 ) ) ;
#6999 = CARTESIAN_POINT ( 'NONE',  ( 16.99999999999999645, -12.37999999999999901, -7.499999999999852562 ) ) ;
#7000 = ORIENTED_EDGE ( 'NONE', *, *, #7190, .T. ) ;
#7001 = EDGE_LOOP ( 'NONE', ( #4229, #9560, #493, #1409, #3935, #8623 ) ) ;
#7002 = DIRECTION ( 'NONE',  ( 0.000000000000000000, 0.000000000000000000, 1.000000000000000000 ) ) ;
#7003 = CIRCLE ( 'NONE', #7331, 0.1199999999999985800 ) ;
#7004 = ADVANCED_FACE ( 'NONE', ( #7583 ), #2942, .F. ) ;
#7005 = DIRECTION ( 'NONE',  ( 1.000000000000000000, 0.000000000000000000, 0.000000000000000000 ) ) ;
#7006 = ADVANCED_FACE ( 'NONE', ( #7485 ), #9045, .T. ) ;
#7007 = ORIENTED_EDGE ( 'NONE', *, *, #3358, .T. ) ;
#7008 = ORIENTED_EDGE ( 'NONE', *, *, #6149, .T. ) ;
#7009 = DIRECTION ( 'NONE',  ( -0.000000000000000000, -1.000000000000000000, -0.000000000000000000 ) ) ;
#7010 = DIRECTION ( 'NONE',  ( -1.000000000000000000, 0.000000000000000000, 0.000000000000000000 ) ) ;
#7011 = DIRECTION ( 'NONE',  ( 0.000000000000000000, -1.000000000000000000, 0.000000000000000000 ) ) ;
#7012 = AXIS2_PLACEMENT_3D ( 'NONE', #305, #216, #5528 ) ;
#7013 = FACE_OUTER_BOUND ( 'NONE', #5460, .T. ) ;
#7014 = DIRECTION ( 'NONE',  ( 0.000000000000000000, 0.000000000000000000, 1.000000000000000000 ) ) ;
#7015 = DIRECTION ( 'NONE',  ( -1.000000000000000000, -0.000000000000000000, -0.000000000000000000 ) ) ;
#7016 = TOROIDAL_SURFACE ( 'NONE', #2919, 0.4199999999999999289, 0.1199999999999999956 ) ;
#7017 = AXIS2_PLACEMENT_3D ( 'NONE', #2542, #7877, #4720 ) ;
#7018 = ORIENTED_EDGE ( 'NONE', *, *, #4095, .T. ) ;
#7019 = FACE_OUTER_BOUND ( 'NONE', #2905, .T. ) ;
#7020 = PLANE ( 'NONE',  #1261 ) ;
#7021 = DIRECTION ( 'NONE',  ( 0.000000000000000000, 1.508455196501571429E-16, -1.000000000000000000 ) ) ;
#7022 = CARTESIAN_POINT ( 'NONE',  ( 24.49999999999999645, -11.11999999999999922, -9.178920238245225960 ) ) ;
#7023 = DIRECTION ( 'NONE',  ( -1.000000000000000000, 0.000000000000000000, 0.000000000000000000 ) ) ;
#7024 =( GEOMETRIC_REPRESENTATION_CONTEXT ( 3 ) GLOBAL_UNCERTAINTY_ASSIGNED_CONTEXT ( ( #9292 ) ) GLOBAL_UNIT_ASSIGNED_CONTEXT ( ( #5520, #8582, #8773 ) ) REPRESENTATION_CONTEXT ( 'NONE', 'WORKASPACE' ) );
#7025 = AXIS2_PLACEMENT_3D ( 'NONE', #4570, #7577, #3821 ) ;
#7026 = VERTEX_POINT ( 'NONE', #94 ) ;
#7027 = CARTESIAN_POINT ( 'NONE',  ( -3.000000000000001776, -11.11999999999999922, -7.499999999999998224 ) ) ;
#7028 = DIRECTION ( 'NONE',  ( 0.000000000000000000, 0.000000000000000000, -1.000000000000000000 ) ) ;
#7029 = ORIENTED_EDGE ( 'NONE', *, *, #3676, .F. ) ;
#7030 = AXIS2_PLACEMENT_3D ( 'NONE', #7325, #4367, #1294 ) ;
#7031 = ORIENTED_EDGE ( 'NONE', *, *, #2215, .T. ) ;
#7032 = CYLINDRICAL_SURFACE ( 'NONE', #155, 0.1199999999999985800 ) ;
#7033 = CARTESIAN_POINT ( 'NONE',  ( -15.49887765375237692, 0.6246541272872884187, 10.50000000000001243 ) ) ;
#7034 = EDGE_CURVE ( 'NONE', #7606, #5217, #5271, .T. ) ;
#7035 = CARTESIAN_POINT ( 'NONE',  ( -9.874654127287220362, -7.868877653752257118, 16.11999999999999744 ) ) ;
#7036 = VERTEX_POINT ( 'NONE', #3733 ) ;
#7037 = AXIS2_PLACEMENT_3D ( 'NONE', #398, #4082, #9403 ) ;
#7038 = CARTESIAN_POINT ( 'NONE',  ( -7.310836984014799702E-14, -12.37999999999999901, -2.999999999999997335 ) ) ;
#7039 = ORIENTED_EDGE ( 'NONE', *, *, #8202, .F. ) ;
#7040 = VERTEX_POINT ( 'NONE', #5265 ) ;
#7041 = EDGE_CURVE ( 'NONE', #3193, #7852, #6994, .T. ) ;
#7042 = DIRECTION ( 'NONE',  ( -0.000000000000000000, -1.000000000000000000, -0.000000000000000000 ) ) ;
#7043 = ORIENTED_EDGE ( 'NONE', *, *, #3183, .F. ) ;
#7044 = ORIENTED_EDGE ( 'NONE', *, *, #1258, .F. ) ;
#7045 = DIRECTION ( 'NONE',  ( 0.000000000000000000, -1.000000000000000000, 0.000000000000000000 ) ) ;
#7046 = CYLINDRICAL_SURFACE ( 'NONE', #6225, 1.500000000000001332 ) ;
#7047 = ORIENTED_EDGE ( 'NONE', *, *, #4897, .F. ) ;
#7048 = ADVANCED_FACE ( 'NONE', ( #1506 ), #3688, .F. ) ;
#7049 = DIRECTION ( 'NONE',  ( 0.000000000000000000, 0.000000000000000000, 1.000000000000000000 ) ) ;
#7050 = ORIENTED_EDGE ( 'NONE', *, *, #3907, .T. ) ;
#7051 = ORIENTED_EDGE ( 'NONE', *, *, #5655, .F. ) ;
#7052 = FACE_OUTER_BOUND ( 'NONE', #5286, .T. ) ;
#7053 = CARTESIAN_POINT ( 'NONE',  ( -27.00000000000000355, 27.00000000000000355, 9.833487943424977118 ) ) ;
#7054 = ORIENTED_EDGE ( 'NONE', *, *, #3418, .F. ) ;
#7055 = ORIENTED_EDGE ( 'NONE', *, *, #3925, .F. ) ;
#7056 = DIRECTION ( 'NONE',  ( 0.000000000000000000, 0.000000000000000000, 1.000000000000000000 ) ) ;
#7057 = AXIS2_PLACEMENT_3D ( 'NONE', #936, #6946, #8391 ) ;
#7058 = DIRECTION ( 'NONE',  ( 1.000000000000000000, 0.000000000000000000, 0.000000000000000000 ) ) ;
#7059 = DIRECTION ( 'NONE',  ( 0.000000000000000000, 0.000000000000000000, -1.000000000000000000 ) ) ;
#7060 = ADVANCED_FACE ( 'NONE', ( #9016 ), #2252, .F. ) ;
#7061 = DIRECTION ( 'NONE',  ( 1.000000000000000000, -0.000000000000000000, 3.154042683594198572E-16 ) ) ;
#7062 = EDGE_CURVE ( 'NONE', #5021, #5089, #711, .T. ) ;
#7063 = DIRECTION ( 'NONE',  ( 0.000000000000000000, -1.000000000000000000, 0.000000000000000000 ) ) ;
#7064 = CIRCLE ( 'NONE', #2810, 4.499999999999998224 ) ;
#7065 = CARTESIAN_POINT ( 'NONE',  ( -10.00000000000000178, -11.11999999999999922, -7.499999999999999112 ) ) ;
#7066 = ORIENTED_EDGE ( 'NONE', *, *, #7354, .F. ) ;
#7067 = CARTESIAN_POINT ( 'NONE',  ( -9.999999999999927169, -11.00000000000000000, 1.120000000000100915 ) ) ;
#7068 = CYLINDRICAL_SURFACE ( 'NONE', #6130, 1.500000000000003109 ) ;
#7069 = DIRECTION ( 'NONE',  ( 0.000000000000000000, -1.000000000000000000, 0.000000000000000000 ) ) ;
#7070 = DIRECTION ( 'NONE',  ( 0.000000000000000000, 0.000000000000000000, -1.000000000000000000 ) ) ;
#7071 = ADVANCED_FACE ( 'NONE', ( #8174 ), #3695, .T. ) ;
#7072 = CIRCLE ( 'NONE', #2496, 1.620000000000000329 ) ;
#7073 = DIRECTION ( 'NONE',  ( 0.000000000000000000, 0.000000000000000000, 1.000000000000000000 ) ) ;
#7074 = CARTESIAN_POINT ( 'NONE',  ( 29.00000000000000000, 11.87999999999999545, -13.11999999999999922 ) ) ;
#7075 = AXIS2_PLACEMENT_3D ( 'NONE', #3681, #2336, #9685 ) ;
#7076 = ORIENTED_EDGE ( 'NONE', *, *, #6096, .F. ) ;
#7077 = ORIENTED_EDGE ( 'NONE', *, *, #9333, .T. ) ;
#7078 = ORIENTED_EDGE ( 'NONE', *, *, #6986, .T. ) ;
#7079 = AXIS2_PLACEMENT_3D ( 'NONE', #1009, #230, #137 ) ;
#7080 = DIRECTION ( 'NONE',  ( 0.000000000000000000, 0.000000000000000000, 1.000000000000000000 ) ) ;
#7081 = FACE_OUTER_BOUND ( 'NONE', #5689, .T. ) ;
#7082 = DIRECTION ( 'NONE',  ( 0.000000000000000000, -1.000000000000000000, 0.000000000000000000 ) ) ;
#7083 = CIRCLE ( 'NONE', #4087, 0.1199999999999998845 ) ;
#7084 = PLANE ( 'NONE',  #6609 ) ;
#7085 = AXIS2_PLACEMENT_3D ( 'NONE', #6374, #9427, #5738 ) ;
#7086 = EDGE_LOOP ( 'NONE', ( #5035, #3837 ) ) ;
#7087 = AXIS2_PLACEMENT_3D ( 'NONE', #7427, #6683, #2334 ) ;
#7088 = CARTESIAN_POINT ( 'NONE',  ( 10.00000000000002665, -11.11999999999999922, -16.11999999999990152 ) ) ;
#7089 = VERTEX_POINT ( 'NONE', #8853 ) ;
#7090 = ORIENTED_EDGE ( 'NONE', *, *, #8786, .T. ) ;
#7091 = VERTEX_POINT ( 'NONE', #669 ) ;
#7092 = DIRECTION ( 'NONE',  ( 0.000000000000000000, 0.000000000000000000, -1.000000000000000000 ) ) ;
#7093 = CIRCLE ( 'NONE', #7571, 0.1199999999999998845 ) ;
#7094 = ORIENTED_EDGE ( 'NONE', *, *, #656, .T. ) ;
#7095 = CARTESIAN_POINT ( 'NONE',  ( -19.00000000000000355, 12.50000000000000178, 10.50000000000001243 ) ) ;
#7096 = AXIS2_PLACEMENT_3D ( 'NONE', #7114, #2573, #3307 ) ;
#7097 = DIRECTION ( 'NONE',  ( -0.000000000000000000, 1.000000000000000000, 0.000000000000000000 ) ) ;
#7098 = AXIS2_PLACEMENT_3D ( 'NONE', #756, #2124, #5142 ) ;
#7099 = EDGE_LOOP ( 'NONE', ( #2832, #139, #9316, #6596, #3100 ) ) ;
#7100 = CARTESIAN_POINT ( 'NONE',  ( -10.00000000000002665, -12.37999999999999901, -15.99999999999990408 ) ) ;
#7101 = CIRCLE ( 'NONE', #2534, 1.737476254756360028 ) ;
#7102 = DIRECTION ( 'NONE',  ( 1.000000000000000000, 0.000000000000000000, 0.000000000000000000 ) ) ;
#7103 = ORIENTED_EDGE ( 'NONE', *, *, #7319, .F. ) ;
#7104 = EDGE_CURVE ( 'NONE', #6843, #5811, #6844, .T. ) ;
#7105 = ORIENTED_EDGE ( 'NONE', *, *, #4452, .T. ) ;
#7106 = DIRECTION ( 'NONE',  ( 1.000000000000000000, 0.000000000000000000, 0.000000000000000000 ) ) ;
#7107 = CIRCLE ( 'NONE', #8376, 0.1200000000000003147 ) ;
#7108 = CARTESIAN_POINT ( 'NONE',  ( -9.999999999999927169, -12.37999999999999901, 1.000000000000101030 ) ) ;
#7109 = AXIS2_PLACEMENT_3D ( 'NONE', #4737, #8533, #1859 ) ;
#7110 = CARTESIAN_POINT ( 'NONE',  ( -28.87999999999999901, -11.11999999999999922, -12.49999999999999822 ) ) ;
#7111 = ADVANCED_FACE ( 'NONE', ( #6628 ), #2782, .F. ) ;
#7112 = ADVANCED_FACE ( 'NONE', ( #2876 ), #6677, .T. ) ;
#7113 = EDGE_LOOP ( 'NONE', ( #4484, #6478 ) ) ;
#7114 = CARTESIAN_POINT ( 'NONE',  ( -24.00000000000000000, -4.250000000000000888, -13.12000000000000099 ) ) ;
#7115 = AXIS2_PLACEMENT_3D ( 'NONE', #6976, #4907, #2583 ) ;
#7116 = CARTESIAN_POINT ( 'NONE',  ( -21.00000000000000000, -10.50000000000000178, -13.11999999999999922 ) ) ;
#7117 = EDGE_CURVE ( 'NONE', #7501, #6253, #6051, .T. ) ;
#7118 = VERTEX_POINT ( 'NONE', #2032 ) ;
#7119 = CARTESIAN_POINT ( 'NONE',  ( 16.99887765375237692, 2.124654127287289196, 16.12000000000000099 ) ) ;
#7120 = DIRECTION ( 'NONE',  ( 0.000000000000000000, 0.000000000000000000, -1.000000000000000000 ) ) ;
#7121 = DIRECTION ( 'NONE',  ( -1.000000000000000000, 0.000000000000000000, 0.000000000000000000 ) ) ;
#7122 = CARTESIAN_POINT ( 'NONE',  ( 22.38252374524363830, -4.250000000000000888, -13.12000000000000099 ) ) ;
#7123 = CIRCLE ( 'NONE', #9172, 1.620000000000001661 ) ;
#7124 = CARTESIAN_POINT ( 'NONE',  ( 29.00000000000000000, -10.49999999999999645, -14.50000000000000178 ) ) ;
#7125 = CIRCLE ( 'NONE', #6021, 1.500000000000000888 ) ;
#7126 = CARTESIAN_POINT ( 'NONE',  ( -3.001122346247667938, 2.375345872712907536, 16.12000000000000099 ) ) ;
#7127 = DIRECTION ( 'NONE',  ( 0.000000000000000000, 0.000000000000000000, 1.000000000000000000 ) ) ;
#7128 = CIRCLE ( 'NONE', #1295, 0.1200000000000003147 ) ;
#7129 = EDGE_CURVE ( 'NONE', #8876, #6434, #4325, .T. ) ;
#7130 = ADVANCED_FACE ( 'NONE', ( #9677 ), #2927, .T. ) ;
#7131 = ORIENTED_EDGE ( 'NONE', *, *, #2594, .F. ) ;
#7132 = ORIENTED_EDGE ( 'NONE', *, *, #3634, .T. ) ;
#7133 = ORIENTED_EDGE ( 'NONE', *, *, #6745, .F. ) ;
#7134 = AXIS2_PLACEMENT_3D ( 'NONE', #6159, #2273, #8348 ) ;
#7135 = CARTESIAN_POINT ( 'NONE',  ( 24.49999999999999645, -12.37999999999999901, -5.821079761754772264 ) ) ;
#7136 = CARTESIAN_POINT ( 'NONE',  ( -24.00000000000000000, -4.250000000000000888, -13.12000000000000099 ) ) ;
#7137 = DIRECTION ( 'NONE',  ( 0.000000000000000000, -1.000000000000000000, 0.000000000000000000 ) ) ;
#7138 = AXIS2_PLACEMENT_3D ( 'NONE', #552, #4986, #8001 ) ;
#7139 = ORIENTED_EDGE ( 'NONE', *, *, #7117, .T. ) ;
#7140 = CARTESIAN_POINT ( 'NONE',  ( 22.19512890129545468, 5.749999999999999112, -13.00000000000000178 ) ) ;
#7141 = ORIENTED_EDGE ( 'NONE', *, *, #517, .T. ) ;
#7142 = ORIENTED_EDGE ( 'NONE', *, *, #4357, .F. ) ;
#7143 = TOROIDAL_SURFACE ( 'NONE', #8721, 1.678920238245227292, 0.1199999999999999956 ) ;
#7144 = DIRECTION ( 'NONE',  ( 0.000000000000000000, -1.000000000000000000, 0.000000000000000000 ) ) ;
#7145 = VERTEX_POINT ( 'NONE', #2185 ) ;
#7146 = DIRECTION ( 'NONE',  ( 0.000000000000000000, 0.000000000000000000, -1.000000000000000000 ) ) ;
#7147 = ORIENTED_EDGE ( 'NONE', *, *, #1501, .T. ) ;
#7148 = VECTOR ( 'NONE', #1461, 1000.000000000000000 ) ;
#7149 = SHAPE_DEFINITION_REPRESENTATION ( #7316, #693 ) ;
#7150 = DIRECTION ( 'NONE',  ( -4.841193211655195936E-16, 0.000000000000000000, -1.000000000000000000 ) ) ;
#7151 = ORIENTED_EDGE ( 'NONE', *, *, #2482, .F. ) ;
#7152 = CARTESIAN_POINT ( 'NONE',  ( -24.49999999999999645, -11.11999999999999922, -5.941079761754771482 ) ) ;
#7153 = DIRECTION ( 'NONE',  ( 0.000000000000000000, -1.508455196501571429E-16, 1.000000000000000000 ) ) ;
#7154 = ORIENTED_EDGE ( 'NONE', *, *, #3925, .T. ) ;
#7155 = ORIENTED_EDGE ( 'NONE', *, *, #5, .T. ) ;
#7156 = ORIENTED_EDGE ( 'NONE', *, *, #9398, .F. ) ;
#7157 = CARTESIAN_POINT ( 'NONE',  ( -17.80000000000000782, -11.11999999999999744, -17.50000000000000000 ) ) ;
#7158 = CARTESIAN_POINT ( 'NONE',  ( 10.12534587271282582, 2.368877653752447632, 16.12000000000000099 ) ) ;
#7159 = DIRECTION ( 'NONE',  ( 0.000000000000000000, 0.000000000000000000, -1.000000000000000000 ) ) ;
#7160 = ORIENTED_EDGE ( 'NONE', *, *, #8149, .F. ) ;
#7161 = DIRECTION ( 'NONE',  ( -1.000000000000000000, -0.000000000000000000, 0.000000000000000000 ) ) ;
#7162 = ADVANCED_FACE ( 'NONE', ( #4372 ), #550, .T. ) ;
#7163 = CARTESIAN_POINT ( 'NONE',  ( -21.11999999999999744, -10.49999999999999645, -12.50000000000000178 ) ) ;
#7164 = TOROIDAL_SURFACE ( 'NONE', #5578, 1.620000000000000773, 0.1199999999999999956 ) ;
#7165 = DIRECTION ( 'NONE',  ( 1.000000000000000000, 0.000000000000000000, 1.224646799147352961E-16 ) ) ;
#7166 = EDGE_CURVE ( 'NONE', #9672, #1915, #3056, .T. ) ;
#7167 = CIRCLE ( 'NONE', #8130, 0.1199999999999998845 ) ;
#7168 = EDGE_CURVE ( 'NONE', #6929, #8780, #9511, .T. ) ;
#7169 = DIRECTION ( 'NONE',  ( -0.000000000000000000, -1.000000000000000000, -0.000000000000000000 ) ) ;
#7170 = CYLINDRICAL_SURFACE ( 'NONE', #7801, 1.500000000000000888 ) ;
#7171 = CARTESIAN_POINT ( 'NONE',  ( -19.00000000000000355, 12.38000000000000078, 17.50000000000000355 ) ) ;
#7172 = FACE_OUTER_BOUND ( 'NONE', #888, .T. ) ;
#7173 = DIRECTION ( 'NONE',  ( 0.000000000000000000, 0.000000000000000000, -1.000000000000000000 ) ) ;
#7174 = EDGE_CURVE ( 'NONE', #4031, #6424, #6194, .T. ) ;
#7175 = CIRCLE ( 'NONE', #3225, 0.1199999999999985800 ) ;
#7176 = DIRECTION ( 'NONE',  ( -0.000000000000000000, 0.000000000000000000, 1.000000000000000000 ) ) ;
#7177 = CIRCLE ( 'NONE', #7492, 0.1199999999999985800 ) ;
#7178 = DIRECTION ( 'NONE',  ( -0.000000000000000000, 1.508455196501571429E-16, -1.000000000000000000 ) ) ;
#7179 = ORIENTED_EDGE ( 'NONE', *, *, #1962, .T. ) ;
#7180 = ORIENTED_EDGE ( 'NONE', *, *, #8448, .T. ) ;
#7181 = ORIENTED_EDGE ( 'NONE', *, *, #3016, .F. ) ;
#7182 = VERTEX_POINT ( 'NONE', #8076 ) ;
#7183 = DIRECTION ( 'NONE',  ( 0.000000000000000000, 0.000000000000000000, 1.000000000000000000 ) ) ;
#7184 = CIRCLE ( 'NONE', #731, 1.684871098704545433 ) ;
#7185 = DIRECTION ( 'NONE',  ( -0.000000000000000000, -0.000000000000000000, 1.000000000000000000 ) ) ;
#7186 = DIRECTION ( 'NONE',  ( -0.000000000000000000, -0.000000000000000000, 1.000000000000000000 ) ) ;
#7187 = CIRCLE ( 'NONE', #1981, 1.619999999999998996 ) ;
#7188 = CARTESIAN_POINT ( 'NONE',  ( 24.49999999999999645, -11.00000000000000000, 4.178920238245228624 ) ) ;
#7189 = ADVANCED_FACE ( 'NONE', ( #621 ), #1947, .T. ) ;
#7190 = EDGE_CURVE ( 'NONE', #1534, #6670, #9666, .T. ) ;
#7191 = CARTESIAN_POINT ( 'NONE',  ( 28.88000000000000256, -10.49999999999999645, -12.50000000000000178 ) ) ;
#7192 = VERTEX_POINT ( 'NONE', #5737 ) ;
#7193 = CIRCLE ( 'NONE', #9380, 1.379999999999999227 ) ;
#7194 = CARTESIAN_POINT ( 'NONE',  ( 25.68487109870454432, 5.749999999999999112, -13.12000000000000099 ) ) ;
#7195 = ORIENTED_EDGE ( 'NONE', *, *, #3897, .T. ) ;
#7196 = VERTEX_POINT ( 'NONE', #576 ) ;
#7197 = CARTESIAN_POINT ( 'NONE',  ( 20.70000000000000284, -11.11999999999999744, -11.11041406348422633 ) ) ;
#7198 = ORIENTED_EDGE ( 'NONE', *, *, #6306, .F. ) ;
#7199 = CARTESIAN_POINT ( 'NONE',  ( 11.37465412728722391, -6.248877653752255235, 10.50000000000001243 ) ) ;
#7200 = ORIENTED_EDGE ( 'NONE', *, *, #2950, .T. ) ;
#7201 = DIRECTION ( 'NONE',  ( -5.811872027389895469E-16, 0.000000000000000000, -1.000000000000000000 ) ) ;
#7202 = DIRECTION ( 'NONE',  ( -0.000000000000000000, -0.000000000000000000, 1.000000000000000000 ) ) ;
#7203 = ORIENTED_EDGE ( 'NONE', *, *, #185, .F. ) ;
#7204 = ORIENTED_EDGE ( 'NONE', *, *, #7041, .T. ) ;
#7205 = DIRECTION ( 'NONE',  ( 1.000000000000000000, 0.000000000000000000, 0.000000000000000000 ) ) ;
#7206 = EDGE_LOOP ( 'NONE', ( #3660, #9504 ) ) ;
#7207 = ORIENTED_EDGE ( 'NONE', *, *, #8632, .T. ) ;
#7208 = CARTESIAN_POINT ( 'NONE',  ( -10.00000000000002665, -12.37999999999999901, -14.49999999999990230 ) ) ;
#7209 = DIRECTION ( 'NONE',  ( -0.000000000000000000, -0.000000000000000000, 1.000000000000000000 ) ) ;
#7210 = FACE_OUTER_BOUND ( 'NONE', #9649, .T. ) ;
#7211 = ORIENTED_EDGE ( 'NONE', *, *, #9346, .F. ) ;
#7212 = CARTESIAN_POINT ( 'NONE',  ( 8.254654127287219367, -6.248877653752255235, 17.50000000000000355 ) ) ;
#7213 = DIRECTION ( 'NONE',  ( 0.000000000000000000, -1.000000000000000000, 0.000000000000000000 ) ) ;
#7214 = ORIENTED_EDGE ( 'NONE', *, *, #1036, .F. ) ;
#7215 = DIRECTION ( 'NONE',  ( -0.000000000000000000, -1.000000000000000000, -0.000000000000000000 ) ) ;
#7216 = CARTESIAN_POINT ( 'NONE',  ( -9.874654127287220362, -6.248877653752255235, 16.11999999999999744 ) ) ;
#7217 = EDGE_CURVE ( 'NONE', #2211, #9525, #5835, .T. ) ;
#7218 = LINE ( 'NONE', #7922, #4884 ) ;
#7219 = CARTESIAN_POINT ( 'NONE',  ( -10.12534587271282582, 0.7488776537524508559, 17.50000000000000355 ) ) ;
#7220 = CARTESIAN_POINT ( 'NONE',  ( 21.12000000000000099, -10.49999999999999645, -14.38000000000000256 ) ) ;
#7221 = AXIS2_PLACEMENT_3D ( 'NONE', #8966, #5952, #4978 ) ;
#7222 = EDGE_CURVE ( 'NONE', #7089, #7725, #6680, .T. ) ;
#7223 = CARTESIAN_POINT ( 'NONE',  ( 3.000000000000001776, -12.37999999999999901, -9.000000000000000000 ) ) ;
#7224 = ADVANCED_FACE ( 'NONE', ( #3626 ), #6481, .T. ) ;
#7225 = CYLINDRICAL_SURFACE ( 'NONE', #4124, 0.1200000000000003147 ) ;
#7226 = ORIENTED_EDGE ( 'NONE', *, *, #1235, .F. ) ;
#7227 = ORIENTED_EDGE ( 'NONE', *, *, #3904, .T. ) ;
#7228 = DIRECTION ( 'NONE',  ( 0.000000000000000000, 0.000000000000000000, -1.000000000000000000 ) ) ;
#7229 = AXIS2_PLACEMENT_3D ( 'NONE', #2682, #3628, #4424 ) ;
#7230 = EDGE_CURVE ( 'NONE', #704, #597, #3536, .T. ) ;
#7231 = CARTESIAN_POINT ( 'NONE',  ( -10.00000000000002665, -11.11999999999999922, -15.99999999999990408 ) ) ;
#7232 = DIRECTION ( 'NONE',  ( -1.000000000000000000, 0.000000000000000000, 0.000000000000000000 ) ) ;
#7233 = DIRECTION ( 'NONE',  ( 1.000000000000000000, 0.000000000000000000, 1.224646799147352961E-16 ) ) ;
#7234 = ADVANCED_FACE ( 'NONE', ( #6589 ), #4487, .T. ) ;
#7235 = DIRECTION ( 'NONE',  ( -0.000000000000000000, 1.508455196501571429E-16, -1.000000000000000000 ) ) ;
#7236 = AXIS2_PLACEMENT_3D ( 'NONE', #8031, #5894, #1252 ) ;
#7237 = AXIS2_PLACEMENT_3D ( 'NONE', #3796, #7549, #755 ) ;
#7238 = AXIS2_PLACEMENT_3D ( 'NONE', #8381, #841, #4641 ) ;
#7239 = CARTESIAN_POINT ( 'NONE',  ( 21.50000000000000355, 27.00000000000000355, 10.33348794342497712 ) ) ;
#7240 = ORIENTED_EDGE ( 'NONE', *, *, #6796, .T. ) ;
#7241 = VERTEX_POINT ( 'NONE', #8861 ) ;
#7242 = ORIENTED_EDGE ( 'NONE', *, *, #6980, .F. ) ;
#7243 = EDGE_CURVE ( 'NONE', #9104, #5759, #1480, .T. ) ;
#7244 = VERTEX_POINT ( 'NONE', #1352 ) ;
#7245 = ADVANCED_FACE ( 'NONE', ( #6635 ), #9195, .T. ) ;
#7246 = VECTOR ( 'NONE', #4510, 1000.000000000000000 ) ;
#7247 = AXIS2_PLACEMENT_3D ( 'NONE', #7482, #3585, #1504 ) ;
#7248 = CARTESIAN_POINT ( 'NONE',  ( 27.50000000000000000, 10.49999999999999645, -14.37999999999999723 ) ) ;
#7249 = ORIENTED_EDGE ( 'NONE', *, *, #8198, .F. ) ;
#7250 = DIRECTION ( 'NONE',  ( 0.000000000000000000, 0.000000000000000000, 1.000000000000000000 ) ) ;
#7251 = CIRCLE ( 'NONE', #2205, 0.1200000000000003147 ) ;
#7252 = ORIENTED_EDGE ( 'NONE', *, *, #3252, .F. ) ;
#7253 = LINE ( 'NONE', #5033, #7311 ) ;
#7254 = EDGE_LOOP ( 'NONE', ( #8867, #4375, #4329, #9314 ) ) ;
#7255 = ORIENTED_EDGE ( 'NONE', *, *, #3310, .F. ) ;
#7256 = AXIS2_PLACEMENT_3D ( 'NONE', #6420, #1243, #4116 ) ;
#7257 = EDGE_CURVE ( 'NONE', #8611, #1362, #8989, .T. ) ;
#7258 = AXIS2_PLACEMENT_3D ( 'NONE', #4706, #1782, #7865 ) ;
#7259 = ADVANCED_FACE ( 'NONE', ( #3477 ), #2048, .T. ) ;
#7260 = DIRECTION ( 'NONE',  ( 0.000000000000000000, 0.000000000000000000, -1.000000000000000000 ) ) ;
#7261 = CARTESIAN_POINT ( 'NONE',  ( 20.88000000000000256, -12.37999999999999901, 15.50000000000000178 ) ) ;
#7262 = CYLINDRICAL_SURFACE ( 'NONE', #7982, 1.499999999999999556 ) ;
#7263 = AXIS2_PLACEMENT_3D ( 'NONE', #8736, #510, #407 ) ;
#7264 = SURFACE_STYLE_USAGE ( .BOTH. , #8064 ) ;
#7265 = ORIENTED_EDGE ( 'NONE', *, *, #2400, .F. ) ;
#7266 = AXIS2_PLACEMENT_3D ( 'NONE', #4949, #4103, #7213 ) ;
#7267 = DIRECTION ( 'NONE',  ( 0.000000000000000000, -1.000000000000000000, -0.000000000000000000 ) ) ;
#7268 = CARTESIAN_POINT ( 'NONE',  ( -17.80000000000000782, -11.11999999999999922, -19.38000000000000256 ) ) ;
#7269 = AXIS2_PLACEMENT_3D ( 'NONE', #8910, #2150, #3630 ) ;
#7270 = DIRECTION ( 'NONE',  ( -1.000000000000000000, 0.000000000000000000, 0.000000000000000000 ) ) ;
#7271 = CIRCLE ( 'NONE', #3158, 1.619999999999996776 ) ;
#7272 = DIRECTION ( 'NONE',  ( -0.000000000000000000, 1.000000000000000000, -0.000000000000000000 ) ) ;
#7273 = DIRECTION ( 'NONE',  ( 0.000000000000000000, 0.000000000000000000, 1.000000000000000000 ) ) ;
#7274 = CARTESIAN_POINT ( 'NONE',  ( 21.00000000000000000, -12.37999999999997414, -11.53041406348422626 ) ) ;
#7275 = TOROIDAL_SURFACE ( 'NONE', #1282, 1.620000000000000773, 0.1199999999999999956 ) ;
#7276 = DIRECTION ( 'NONE',  ( 0.000000000000000000, -1.000000000000000000, -1.508455196501571429E-16 ) ) ;
#7277 = CARTESIAN_POINT ( 'NONE',  ( 10.00000000000000178, -12.49999999999999822, -12.11999999999999744 ) ) ;
#7278 = AXIS2_PLACEMENT_3D ( 'NONE', #1603, #138, #5550 ) ;
#7279 = DIRECTION ( 'NONE',  ( 0.000000000000000000, -1.508455196501571429E-16, 1.000000000000000000 ) ) ;
#7280 = VERTEX_POINT ( 'NONE', #9637 ) ;
#7281 = ORIENTED_EDGE ( 'NONE', *, *, #4339, .T. ) ;
#7282 = AXIS2_PLACEMENT_3D ( 'NONE', #6722, #7514, #1533 ) ;
#7283 = DIRECTION ( 'NONE',  ( 0.000000000000000000, -1.000000000000000000, -0.000000000000000000 ) ) ;
#7284 = AXIS2_PLACEMENT_3D ( 'NONE', #4961, #7825, #326 ) ;
#7285 = CARTESIAN_POINT ( 'NONE',  ( 21.50000000000000711, 27.00000000000000355, 9.833487943424977118 ) ) ;
#7286 = DIRECTION ( 'NONE',  ( 1.000000000000000000, -1.224646799147352961E-16, -1.847324828052840849E-32 ) ) ;
#7287 = VERTEX_POINT ( 'NONE', #8710 ) ;
#7288 = VECTOR ( 'NONE', #8355, 1000.000000000000000 ) ;
#7289 = EDGE_CURVE ( 'NONE', #9053, #7541, #2737, .T. ) ;
#7290 = ORIENTED_EDGE ( 'NONE', *, *, #242, .T. ) ;
#7291 = TOROIDAL_SURFACE ( 'NONE', #9482, 1.620000000000001217, 0.1199999999999999956 ) ;
#7292 = FACE_OUTER_BOUND ( 'NONE', #8430, .T. ) ;
#7293 = EDGE_LOOP ( 'NONE', ( #209, #3007, #7827, #1898 ) ) ;
#7294 = ORIENTED_EDGE ( 'NONE', *, *, #9345, .F. ) ;
#7295 = VERTEX_POINT ( 'NONE', #5893 ) ;
#7296 = VERTEX_POINT ( 'NONE', #5063 ) ;
#7297 = ADVANCED_FACE ( 'NONE', ( #7334 ), #2882, .T. ) ;
#7298 = CARTESIAN_POINT ( 'NONE',  ( -27.00000000000000355, -11.11999999999999744, 7.833487943424977118 ) ) ;
#7299 = EDGE_CURVE ( 'NONE', #5219, #48, #6619, .T. ) ;
#7300 = CLOSED_SHELL ( 'NONE', ( #9581, #202, #3915, #5783, #8522, #6341, #1145, #3182, #4585, #4786, #2221, #2717, #5294, #2910, #3254, #1250, #1545, #1019, #6641, #6741, #5539, #9265, #6577, #5182, #2432, #7303, #4869, #8203, #1494, #9510, #964, #2654, #3722, #1920, #444, #1244, #6921, #7731, #7843, #8484, #1017, #872, #2582, #4220, #4395, #1515, #4582, #3986, #5465, #873, #8914, #4293, #1583, #1141, #3472, #4963, #9690, #6266, #7326, #7707, #9652, #129, #2058, #754, #8340, #7977, #1309, #7614, #7048, #368, #6435, #808, #6860, #4714, #9049, #232, #1210, #9109, #5777, #6127, #3028, #4309, #4946, #5243, #670, #8339, #3132, #1372, #6987, #5264, #7651, #2465, #608, #9038, #2418, #7349, #250, #2393, #6836, #7672, #4650, #7791, #7435, #7408, #4018, #2960, #3926, #177, #6620, #3111, #3696, #7111, #1546, #4544, #6309, #1734, #8704, #7423, #3754, #1157, #3004, #2182, #2537, #6585, #7004, #4370, #5898, #2342, #6816, #2770, #3683, #7591, #4488, #6032, #5058, #4280, #1101, #9381, #7060, #6384, #9740, #1984, #3852, #8383, #7418, #7644, #7720, #3234, #9688, #4995, #1322, #5420, #8254, #4479, #9428, #8425, #257, #5329, #2738, #1559, #9692, #1458, #9323, #4405, #3732, #8223, #8560, #2240, #9542, #5780, #7130, #7658, #5771, #8369, #8792, #5262, #7415, #8164, #1389, #4176, #9278, #4695, #8580, #4022, #4666, #1087, #8670, #9258, #4331, #779, #6250, #8798, #7224, #6795, #9094, #2727, #5968, #1022, #6371, #7112, #1420, #574, #6707, #3569, #7297, #6935, #6298, #1933, #1641, #9326, #5534, #3967, #1752, #2606, #6044, #3811, #6245, #7671, #660, #4607, #7473, #7530, #4013, #2276, #7774, #3973, #2786, #5487, #4080, #1158, #609, #67, #3379, #9153, #8509, #949, #733, #5073, #2643, #3437, #2785, #9272, #6732, #1787, #420, #5715, #9123, #9289, #9575, #5774, #6363, #2349, #5595, #2840, #3730, #5470, #1858, #5476, #5172, #5488, #1969, #8994, #6829, #1073, #7189, #7259, #4460, #8210, #7959, #483, #7245, #4812, #5015, #7713, #5319, #7234, #8925, #6431, #4879, #1441, #4773, #2098, #5252, #8267, #6486, #6586, #4998, #1751, #7071, #977, #9059, #3516, #3237, #8089, #5861, #3622, #8380, #9230, #4274, #2360, #3416, #7162, #4964, #7006, #4086, #6087, #2535, #4532, #3280, #8667, #8156, #1665, #9469, #4895, #8621, #3613, #3242, #8491, #3784, #5245, #4214, #95, #3294, #3321 ) ) ;
#7301 = CIRCLE ( 'NONE', #2251, 0.1199999999999985800 ) ;
#7302 = DIRECTION ( 'NONE',  ( 0.000000000000000000, 0.000000000000000000, 1.000000000000000000 ) ) ;
#7303 = ADVANCED_FACE ( 'NONE', ( #1249 ), #8357, .T. ) ;
#7304 = ORIENTED_EDGE ( 'NONE', *, *, #9595, .F. ) ;
#7305 = DIRECTION ( 'NONE',  ( 1.000000000000000000, 0.000000000000000000, 0.000000000000000000 ) ) ;
#7306 = AXIS2_PLACEMENT_3D ( 'NONE', #1048, #5446, #3311 ) ;
#7307 = EDGE_LOOP ( 'NONE', ( #2126, #7533, #7995, #2269, #5580 ) ) ;
#7308 = CARTESIAN_POINT ( 'NONE',  ( 28.88000000000000256, -10.49999999999999822, -13.11999999999999744 ) ) ;
#7309 = ORIENTED_EDGE ( 'NONE', *, *, #9181, .T. ) ;
#7310 = ORIENTED_EDGE ( 'NONE', *, *, #8110, .F. ) ;
#7311 = VECTOR ( 'NONE', #2166, 1000.000000000000000 ) ;
#7312 = CARTESIAN_POINT ( 'NONE',  ( -20.10000000000000853, 27.00000000000000355, -11.23041406348422555 ) ) ;
#7313 = CARTESIAN_POINT ( 'NONE',  ( 10.00000000000002665, -12.49999999999999822, -14.49999999999990230 ) ) ;
#7314 = CARTESIAN_POINT ( 'NONE',  ( -28.88000000000000256, -12.37999999999999901, 7.833487943424977118 ) ) ;
#7315 = DIRECTION ( 'NONE',  ( 1.000000000000000000, 0.000000000000000000, 0.000000000000000000 ) ) ;
#7316 = PRODUCT_DEFINITION_SHAPE ( 'NONE', 'NONE',  #3534 ) ;
#7317 = AXIS2_PLACEMENT_3D ( 'NONE', #5994, #782, #4482 ) ;
#7318 = EDGE_CURVE ( 'NONE', #5089, #9356, #628, .T. ) ;
#7319 = EDGE_CURVE ( 'NONE', #8069, #8315, #4423, .T. ) ;
#7320 = DIRECTION ( 'NONE',  ( 0.000000000000000000, -1.000000000000000000, 0.000000000000000000 ) ) ;
#7321 = CARTESIAN_POINT ( 'NONE',  ( 19.00000000000000355, 12.38000000000000078, 17.38000000000000611 ) ) ;
#7322 = ORIENTED_EDGE ( 'NONE', *, *, #8980, .F. ) ;
#7323 = CARTESIAN_POINT ( 'NONE',  ( -24.49999999999999645, -12.49999999999999822, -7.499999999999999112 ) ) ;
#7324 = DIRECTION ( 'NONE',  ( 0.000000000000000000, 0.000000000000000000, -1.000000000000000000 ) ) ;
#7325 = CARTESIAN_POINT ( 'NONE',  ( -10.12534587271282582, 7.748877653752450634, 16.12000000000000099 ) ) ;
#7326 = ADVANCED_FACE ( 'NONE', ( #9541 ), #8513, .T. ) ;
#7327 = DIRECTION ( 'NONE',  ( -1.000000000000000000, -0.000000000000000000, 0.000000000000000000 ) ) ;
#7328 = AXIS2_PLACEMENT_3D ( 'NONE', #3859, #3069, #2235 ) ;
#7329 = LINE ( 'NONE', #578, #3937 ) ;
#7330 = DIRECTION ( 'NONE',  ( 1.000000000000000000, 0.000000000000000000, 0.000000000000000000 ) ) ;
#7331 = AXIS2_PLACEMENT_3D ( 'NONE', #7413, #2964, #5932 ) ;
#7332 = EDGE_LOOP ( 'NONE', ( #1718, #5435, #8858, #7596 ) ) ;
#7333 = ORIENTED_EDGE ( 'NONE', *, *, #3485, .F. ) ;
#7334 = FACE_OUTER_BOUND ( 'NONE', #8108, .T. ) ;
#7335 = LINE ( 'NONE', #1944, #1405 ) ;
#7336 = DIRECTION ( 'NONE',  ( 0.000000000000000000, 0.000000000000000000, 1.000000000000000000 ) ) ;
#7337 = DIRECTION ( 'NONE',  ( 0.000000000000000000, -1.000000000000000000, -1.508455196501571429E-16 ) ) ;
#7338 = CIRCLE ( 'NONE', #3575, 0.1199999999999998845 ) ;
#7339 = AXIS2_PLACEMENT_3D ( 'NONE', #4991, #8004, #7260 ) ;
#7340 = DIRECTION ( 'NONE',  ( 0.000000000000000000, -1.000000000000000000, 0.000000000000000000 ) ) ;
#7341 = CARTESIAN_POINT ( 'NONE',  ( -24.49999999999999645, -12.49999999999999822, 2.500000000000001332 ) ) ;
#7342 = AXIS2_PLACEMENT_3D ( 'NONE', #265, #6308, #906 ) ;
#7343 = ORIENTED_EDGE ( 'NONE', *, *, #7859, .T. ) ;
#7344 = VERTEX_POINT ( 'NONE', #4566 ) ;
#7345 = VECTOR ( 'NONE', #4173, 1000.000000000000000 ) ;
#7346 = EDGE_LOOP ( 'NONE', ( #798, #8630, #2755, #8238 ) ) ;
#7347 = ORIENTED_EDGE ( 'NONE', *, *, #4275, .F. ) ;
#7348 = CYLINDRICAL_SURFACE ( 'NONE', #7697, 1.684871098704546322 ) ;
#7349 = ADVANCED_FACE ( 'NONE', ( #7573 ), #9054, .F. ) ;
#7350 = CIRCLE ( 'NONE', #6870, 0.1199999999999985800 ) ;
#7351 = FACE_BOUND ( 'NONE', #4189, .T. ) ;
#7352 = VECTOR ( 'NONE', #5544, 1000.000000000000000 ) ;
#7353 = ORIENTED_EDGE ( 'NONE', *, *, #130, .T. ) ;
#7354 = EDGE_CURVE ( 'NONE', #4871, #744, #3938, .T. ) ;
#7355 = EDGE_CURVE ( 'NONE', #8778, #6253, #2676, .T. ) ;
#7356 = EDGE_LOOP ( 'NONE', ( #9388, #3243, #2998, #9082 ) ) ;
#7357 = CARTESIAN_POINT ( 'NONE',  ( 6.999999999999999112, -12.37999999999999901, 2.499999999999951594 ) ) ;
#7358 = ORIENTED_EDGE ( 'NONE', *, *, #6980, .T. ) ;
#7359 = ORIENTED_EDGE ( 'NONE', *, *, #1795, .T. ) ;
#7360 = CIRCLE ( 'NONE', #9365, 0.4199999999999984857 ) ;
#7361 = EDGE_CURVE ( 'NONE', #930, #5477, #8060, .T. ) ;
#7362 = DIRECTION ( 'NONE',  ( 0.000000000000000000, 0.000000000000000000, -1.000000000000000000 ) ) ;
#7363 = DIRECTION ( 'NONE',  ( -1.000000000000000000, -0.000000000000000000, 0.000000000000000000 ) ) ;
#7364 = TOROIDAL_SURFACE ( 'NONE', #1673, 1.620000000000002549, 0.1199999999999999956 ) ;
#7365 = CYLINDRICAL_SURFACE ( 'NONE', #8092, 1.500000000000001332 ) ;
#7366 = CARTESIAN_POINT ( 'NONE',  ( 20.10000000000000853, -12.37999999999997414, -11.53041406348422626 ) ) ;
#7367 = ORIENTED_EDGE ( 'NONE', *, *, #8317, .F. ) ;
#7368 = CARTESIAN_POINT ( 'NONE',  ( -21.00000000000000000, -10.49999999999999822, -12.49999999999999822 ) ) ;
#7369 = EDGE_CURVE ( 'NONE', #4083, #5501, #9139, .T. ) ;
#7370 = ORIENTED_EDGE ( 'NONE', *, *, #4862, .T. ) ;
#7371 = EDGE_CURVE ( 'NONE', #9353, #8297, #4733, .T. ) ;
#7372 = DIRECTION ( 'NONE',  ( -1.000000000000000000, -0.000000000000000000, -0.000000000000000000 ) ) ;
#7373 = DIRECTION ( 'NONE',  ( -0.000000000000000000, -1.000000000000000000, -0.000000000000000000 ) ) ;
#7374 = ORIENTED_EDGE ( 'NONE', *, *, #2548, .T. ) ;
#7375 = DIRECTION ( 'NONE',  ( 0.000000000000000000, 0.000000000000000000, -1.000000000000000000 ) ) ;
#7376 = DIRECTION ( 'NONE',  ( -0.000000000000000000, -0.000000000000000000, 1.000000000000000000 ) ) ;
#7377 = LINE ( 'NONE', #2143, #4451 ) ;
#7378 = ORIENTED_EDGE ( 'NONE', *, *, #9572, .T. ) ;
#7379 = DIRECTION ( 'NONE',  ( -0.000000000000000000, 1.000000000000000000, -0.000000000000000000 ) ) ;
#7380 = EDGE_CURVE ( 'NONE', #5315, #7992, #3787, .T. ) ;
#7381 = DIRECTION ( 'NONE',  ( 0.000000000000000000, -1.000000000000000000, 0.000000000000000000 ) ) ;
#7382 = FACE_OUTER_BOUND ( 'NONE', #8525, .T. ) ;
#7383 = CARTESIAN_POINT ( 'NONE',  ( 27.50000000000000000, 11.99999999999999645, -13.11999999999999922 ) ) ;
#7384 = DIRECTION ( 'NONE',  ( -0.000000000000000000, -0.000000000000000000, 1.000000000000000000 ) ) ;
#7385 = AXIS2_PLACEMENT_3D ( 'NONE', #251, #1029, #1955 ) ;
#7386 = EDGE_CURVE ( 'NONE', #6599, #7280, #3819, .T. ) ;
#7387 = ORIENTED_EDGE ( 'NONE', *, *, #548, .T. ) ;
#7388 = ORIENTED_EDGE ( 'NONE', *, *, #8435, .T. ) ;
#7389 = ORIENTED_EDGE ( 'NONE', *, *, #613, .T. ) ;
#7390 = EDGE_LOOP ( 'NONE', ( #4016, #3432 ) ) ;
#7391 = CARTESIAN_POINT ( 'NONE',  ( -21.50000000000000355, -12.37999999999998835, 10.33348794342497712 ) ) ;
#7392 = TOROIDAL_SURFACE ( 'NONE', #629, 1.678920238245227292, 0.1199999999999999956 ) ;
#7393 = CARTESIAN_POINT ( 'NONE',  ( -10.12534587271282582, 7.748877653752450634, 16.12000000000000099 ) ) ;
#7394 = ORIENTED_EDGE ( 'NONE', *, *, #1726, .F. ) ;
#7395 = AXIS2_PLACEMENT_3D ( 'NONE', #7393, #9604, #1467 ) ;
#7396 = EDGE_LOOP ( 'NONE', ( #855, #8470, #1279, #7412, #3140 ) ) ;
#7397 = DIRECTION ( 'NONE',  ( -1.000000000000000000, 0.000000000000000000, 0.000000000000000000 ) ) ;
#7398 = EDGE_LOOP ( 'NONE', ( #2115, #2798, #6847, #2953 ) ) ;
#7399 = ORIENTED_EDGE ( 'NONE', *, *, #1558, .F. ) ;
#7400 = CIRCLE ( 'NONE', #163, 0.1199999999999985800 ) ;
#7401 = CARTESIAN_POINT ( 'NONE',  ( 24.49999999999999645, -11.11999999999999922, 2.500000000000001332 ) ) ;
#7402 = CIRCLE ( 'NONE', #6762, 1.499999999999999556 ) ;
#7403 = FACE_OUTER_BOUND ( 'NONE', #4345, .T. ) ;
#7404 = CARTESIAN_POINT ( 'NONE',  ( 3.001122346247667938, 0.8753458727129063144, 17.38000000000000611 ) ) ;
#7405 = CIRCLE ( 'NONE', #8502, 0.2999999999999999334 ) ;
#7406 = ORIENTED_EDGE ( 'NONE', *, *, #6916, .F. ) ;
#7407 = DIRECTION ( 'NONE',  ( 0.000000000000000000, -1.000000000000000000, 0.000000000000000000 ) ) ;
#7408 = ADVANCED_FACE ( 'NONE', ( #3679 ), #8316, .T. ) ;
#7409 = AXIS2_PLACEMENT_3D ( 'NONE', #3371, #5636, #1154 ) ;
#7410 = LINE ( 'NONE', #8257, #3179 ) ;
#7411 = AXIS2_PLACEMENT_3D ( 'NONE', #871, #3076, #2290 ) ;
#7412 = ORIENTED_EDGE ( 'NONE', *, *, #2996, .T. ) ;
#7413 = CARTESIAN_POINT ( 'NONE',  ( -21.12000000000000099, -12.37999999999998479, -11.53041406348422626 ) ) ;
#7414 = VECTOR ( 'NONE', #5244, 1000.000000000000000 ) ;
#7415 = ADVANCED_FACE ( 'NONE', ( #6876 ), #825, .T. ) ;
#7416 = CARTESIAN_POINT ( 'NONE',  ( 16.99887765375237692, 0.6246541272872884187, 16.00000000000000000 ) ) ;
#7417 = CARTESIAN_POINT ( 'NONE',  ( 21.50000000000000355, -12.37999999999997414, 9.833487943424977118 ) ) ;
#7418 = ADVANCED_FACE ( 'NONE', ( #9684 ), #132, .F. ) ;
#7419 = CARTESIAN_POINT ( 'NONE',  ( -7.329206686002009974E-14, -12.37999999999999901, -2.879999999999997673 ) ) ;
#7420 = DIRECTION ( 'NONE',  ( -0.000000000000000000, 1.508455196501571429E-16, -1.000000000000000000 ) ) ;
#7421 = DIRECTION ( 'NONE',  ( 0.000000000000000000, -1.000000000000000000, 0.000000000000000000 ) ) ;
#7422 = CIRCLE ( 'NONE', #5679, 4.500000000000000000 ) ;
#7423 = ADVANCED_FACE ( 'NONE', ( #9096 ), #8362, .F. ) ;
#7424 = DIRECTION ( 'NONE',  ( -1.224646799147352961E-16, 1.000000000000000000, 0.000000000000000000 ) ) ;
#7425 = TOROIDAL_SURFACE ( 'NONE', #4746, 1.620000000000001217, 0.1199999999999999956 ) ;
#7426 = VERTEX_POINT ( 'NONE', #9005 ) ;
#7427 = CARTESIAN_POINT ( 'NONE',  ( 20.70000000000000284, -11.00000000000000000, -11.53041406348422626 ) ) ;
#7428 = DIRECTION ( 'NONE',  ( -0.000000000000000000, 1.000000000000000000, -0.000000000000000000 ) ) ;
#7429 = DIRECTION ( 'NONE',  ( -0.000000000000000000, 1.000000000000000000, 0.000000000000000000 ) ) ;
#7430 = AXIS2_PLACEMENT_3D ( 'NONE', #876, #5352, #8366 ) ;
#7431 = CARTESIAN_POINT ( 'NONE',  ( 29.00000000000000000, -12.49999999999999822, -19.38000000000000966 ) ) ;
#7432 = CIRCLE ( 'NONE', #2384, 0.1200000000000003147 ) ;
#7433 = CARTESIAN_POINT ( 'NONE',  ( 29.00000000000000000, -11.11999999999999922, 7.833487943424975342 ) ) ;
#7434 = EDGE_CURVE ( 'NONE', #260, #6181, #9603, .T. ) ;
#7435 = ADVANCED_FACE ( 'NONE', ( #8272, #5161, #8178, #774, #6775, #4625, #7623, #38, #3866, #1398, #1005 ), #7020, .F. ) ;
#7436 = AXIS2_PLACEMENT_3D ( 'NONE', #3316, #4114, #6418 ) ;
#7437 = FACE_OUTER_BOUND ( 'NONE', #4267, .T. ) ;
#7438 = EDGE_LOOP ( 'NONE', ( #7367, #5362, #5852, #5513, #1836 ) ) ;
#7439 = EDGE_LOOP ( 'NONE', ( #4492, #7835, #4497, #3707 ) ) ;
#7440 = ORIENTED_EDGE ( 'NONE', *, *, #5797, .F. ) ;
#7441 = CIRCLE ( 'NONE', #5086, 0.1200000000000003147 ) ;
#7442 = ORIENTED_EDGE ( 'NONE', *, *, #8277, .F. ) ;
#7443 = CARTESIAN_POINT ( 'NONE',  ( -20.70000000000000284, -12.37999999999998835, -11.23041406348422555 ) ) ;
#7444 = VECTOR ( 'NONE', #5440, 1000.000000000000000 ) ;
#7445 = ORIENTED_EDGE ( 'NONE', *, *, #8259, .F. ) ;
#7446 = DIRECTION ( 'NONE',  ( 0.000000000000000000, -0.000000000000000000, -1.000000000000000000 ) ) ;
#7447 = AXIS2_PLACEMENT_3D ( 'NONE', #7461, #4360, #3609 ) ;
#7448 = ORIENTED_EDGE ( 'NONE', *, *, #8399, .F. ) ;
#7449 = CARTESIAN_POINT ( 'NONE',  ( 16.99999999999999645, -11.11999999999999922, -9.119999999999850004 ) ) ;
#7450 = ORIENTED_EDGE ( 'NONE', *, *, #306, .T. ) ;
#7451 = EDGE_LOOP ( 'NONE', ( #7309, #3224, #7886, #1508 ) ) ;
#7452 = AXIS2_PLACEMENT_3D ( 'NONE', #7197, #1067, #2603 ) ;
#7453 = FACE_OUTER_BOUND ( 'NONE', #2870, .T. ) ;
#7454 = CIRCLE ( 'NONE', #7618, 0.2999999999999999334 ) ;
#7455 = CARTESIAN_POINT ( 'NONE',  ( -24.00000000000000000, 5.749999999999999112, -14.50000000000000000 ) ) ;
#7456 = FACE_OUTER_BOUND ( 'NONE', #8051, .T. ) ;
#7457 = ORIENTED_EDGE ( 'NONE', *, *, #6812, .T. ) ;
#7458 = ORIENTED_EDGE ( 'NONE', *, *, #489, .F. ) ;
#7459 = DIRECTION ( 'NONE',  ( -1.000000000000000000, -0.000000000000000000, 0.000000000000000000 ) ) ;
#7460 = AXIS2_PLACEMENT_3D ( 'NONE', #2409, #3098, #4539 ) ;
#7461 = CARTESIAN_POINT ( 'NONE',  ( 29.00000000000000000, -10.49999999999999822, -12.49999999999999822 ) ) ;
#7462 = ORIENTED_EDGE ( 'NONE', *, *, #6688, .F. ) ;
#7463 = AXIS2_PLACEMENT_3D ( 'NONE', #1876, #9663, #5918 ) ;
#7464 = DIRECTION ( 'NONE',  ( -1.000000000000000000, 0.000000000000000000, 0.000000000000000000 ) ) ;
#7465 = ORIENTED_EDGE ( 'NONE', *, *, #5848, .F. ) ;
#7466 = DIRECTION ( 'NONE',  ( 0.000000000000000000, 0.000000000000000000, -1.000000000000000000 ) ) ;
#7467 = AXIS2_PLACEMENT_3D ( 'NONE', #1116, #1802, #7884 ) ;
#7468 = EDGE_CURVE ( 'NONE', #5606, #8295, #7724, .T. ) ;
#7469 = DIRECTION ( 'NONE',  ( 0.000000000000000000, -1.508455196501571429E-16, 1.000000000000000000 ) ) ;
#7470 = CARTESIAN_POINT ( 'NONE',  ( 10.12534587271282582, 7.748877653752450634, 16.12000000000000099 ) ) ;
#7471 = CARTESIAN_POINT ( 'NONE',  ( -9.874654127287220362, -4.628877653752252463, 16.00000000000000000 ) ) ;
#7472 = DIRECTION ( 'NONE',  ( 0.000000000000000000, -1.000000000000000000, 0.000000000000000000 ) ) ;
#7473 = ADVANCED_FACE ( 'NONE', ( #4108 ), #316, .T. ) ;
#7474 = EDGE_CURVE ( 'NONE', #3236, #9074, #2365, .T. ) ;
#7475 = VECTOR ( 'NONE', #8759, 1000.000000000000000 ) ;
#7476 = ORIENTED_EDGE ( 'NONE', *, *, #4575, .F. ) ;
#7477 = CARTESIAN_POINT ( 'NONE',  ( -20.70000000000000284, 27.00000000000000355, -11.53041406348422626 ) ) ;
#7478 = DIRECTION ( 'NONE',  ( 1.224646799147182863E-16, 0.000000000000000000, -1.000000000000000000 ) ) ;
#7479 = DIRECTION ( 'NONE',  ( -1.000000000000000000, 0.000000000000000000, 0.000000000000000000 ) ) ;
#7480 = EDGE_CURVE ( 'NONE', #8433, #1713, #5583, .T. ) ;
#7481 = CARTESIAN_POINT ( 'NONE',  ( 16.99999999999999645, -12.37999999999999901, -7.499999999999852562 ) ) ;
#7482 = CARTESIAN_POINT ( 'NONE',  ( -7.329206686002009974E-14, -12.37999999999999901, -4.499999999999998224 ) ) ;
#7483 = AXIS2_PLACEMENT_3D ( 'NONE', #4364, #3463, #6469 ) ;
#7484 = DIRECTION ( 'NONE',  ( 0.000000000000000000, -1.508455196501571429E-16, 1.000000000000000000 ) ) ;
#7485 = FACE_OUTER_BOUND ( 'NONE', #4977, .T. ) ;
#7486 = ORIENTED_EDGE ( 'NONE', *, *, #2160, .F. ) ;
#7487 = VERTEX_POINT ( 'NONE', #960 ) ;
#7488 = ORIENTED_EDGE ( 'NONE', *, *, #3423, .F. ) ;
#7489 = CARTESIAN_POINT ( 'NONE',  ( 21.00000000000000000, 27.00000000000000355, -11.53041406348422626 ) ) ;
#7490 = DIRECTION ( 'NONE',  ( 0.000000000000000000, -1.508455196501571429E-16, 1.000000000000000000 ) ) ;
#7491 = ORIENTED_EDGE ( 'NONE', *, *, #4752, .T. ) ;
#7492 = AXIS2_PLACEMENT_3D ( 'NONE', #1825, #6863, #4741 ) ;
#7493 = EDGE_CURVE ( 'NONE', #356, #7487, #5054, .T. ) ;
#7494 = EDGE_CURVE ( 'NONE', #8093, #3505, #1572, .T. ) ;
#7495 = CARTESIAN_POINT ( 'NONE',  ( 10.12534587271282582, 0.7488776537524508559, 16.12000000000000099 ) ) ;
#7496 = ORIENTED_EDGE ( 'NONE', *, *, #9110, .T. ) ;
#7497 = VECTOR ( 'NONE', #1971, 1000.000000000000000 ) ;
#7498 = AXIS2_PLACEMENT_3D ( 'NONE', #8114, #9158, #9022 ) ;
#7499 = EDGE_LOOP ( 'NONE', ( #9660, #4989, #6850, #5114 ) ) ;
#7500 = FACE_OUTER_BOUND ( 'NONE', #3351, .T. ) ;
#7501 = VERTEX_POINT ( 'NONE', #1689 ) ;
#7502 = ORIENTED_EDGE ( 'NONE', *, *, #6450, .F. ) ;
#7503 = DIRECTION ( 'NONE',  ( -1.000000000000000000, 0.000000000000000000, 0.000000000000000000 ) ) ;
#7504 = VECTOR ( 'NONE', #6014, 1000.000000000000000 ) ;
#7505 = CARTESIAN_POINT ( 'NONE',  ( -22.26252374524364086, -4.250000000000000888, -13.12000000000000099 ) ) ;
#7506 = CYLINDRICAL_SURFACE ( 'NONE', #584, 1.558920238245227186 ) ;
#7507 = AXIS2_PLACEMENT_3D ( 'NONE', #2740, #6483, #9437 ) ;
#7508 = EDGE_LOOP ( 'NONE', ( #8886, #3436, #9584, #7322 ) ) ;
#7509 = CARTESIAN_POINT ( 'NONE',  ( 11.62534587271282938, 7.748877653752450634, 16.12000000000000099 ) ) ;
#7510 = CARTESIAN_POINT ( 'NONE',  ( 20.88000000000000611, -12.37999999999998835, 10.33348794342497712 ) ) ;
#7511 = CARTESIAN_POINT ( 'NONE',  ( 28.88000000000000256, -12.37999999999999723, -12.50000000000000178 ) ) ;
#7512 = CARTESIAN_POINT ( 'NONE',  ( -28.87999999999999901, -11.11999999999999922, 7.833487943424977118 ) ) ;
#7513 = FACE_OUTER_BOUND ( 'NONE', #5160, .T. ) ;
#7514 = DIRECTION ( 'NONE',  ( 0.000000000000000000, -1.000000000000000000, -0.000000000000000000 ) ) ;
#7515 = VERTEX_POINT ( 'NONE', #9144 ) ;
#7516 = CARTESIAN_POINT ( 'NONE',  ( 24.49999999999999645, -11.11999999999999922, 2.500000000000001332 ) ) ;
#7517 = CYLINDRICAL_SURFACE ( 'NONE', #7730, 0.5000000000000004441 ) ;
#7518 = DIRECTION ( 'NONE',  ( -0.000000000000000000, 1.000000000000000000, 0.000000000000000000 ) ) ;
#7519 = EDGE_CURVE ( 'NONE', #4387, #2333, #9290, .T. ) ;
#7520 = ORIENTED_EDGE ( 'NONE', *, *, #793, .T. ) ;
#7521 = DIRECTION ( 'NONE',  ( 1.000000000000000000, -0.000000000000000000, 0.000000000000000000 ) ) ;
#7522 = ORIENTED_EDGE ( 'NONE', *, *, #8810, .F. ) ;
#7523 = DIRECTION ( 'NONE',  ( 0.000000000000000000, 1.000000000000000000, 0.000000000000000000 ) ) ;
#7524 = DIRECTION ( 'NONE',  ( 0.000000000000000000, -1.000000000000000000, 0.000000000000000000 ) ) ;
#7525 = CARTESIAN_POINT ( 'NONE',  ( -24.00000000000000000, 5.749999999999996447, 4.499999999999995559 ) ) ;
#7526 = EDGE_CURVE ( 'NONE', #1916, #5024, #1882, .T. ) ;
#7527 = EDGE_CURVE ( 'NONE', #9386, #2985, #3627, .T. ) ;
#7528 = FACE_BOUND ( 'NONE', #7390, .T. ) ;
#7529 = DIRECTION ( 'NONE',  ( 0.000000000000000000, 0.000000000000000000, -1.000000000000000000 ) ) ;
#7530 = ADVANCED_FACE ( 'NONE', ( #3958 ), #812, .T. ) ;
#7531 = DIRECTION ( 'NONE',  ( 0.000000000000000000, -1.000000000000000000, 0.000000000000000000 ) ) ;
#7532 = ORIENTED_EDGE ( 'NONE', *, *, #3571, .T. ) ;
#7533 = ORIENTED_EDGE ( 'NONE', *, *, #1854, .T. ) ;
#7534 = VERTEX_POINT ( 'NONE', #4849 ) ;
#7535 = CIRCLE ( 'NONE', #791, 0.5000000000000004441 ) ;
#7536 = DIRECTION ( 'NONE',  ( -0.000000000000000000, 1.508455196501571429E-16, -1.000000000000000000 ) ) ;
#7537 = ORIENTED_EDGE ( 'NONE', *, *, #9682, .T. ) ;
#7538 = EDGE_CURVE ( 'NONE', #1596, #4251, #1414, .T. ) ;
#7539 = EDGE_CURVE ( 'NONE', #7026, #7118, #4665, .T. ) ;
#7540 = DIRECTION ( 'NONE',  ( 0.000000000000000000, 0.000000000000000000, -1.000000000000000000 ) ) ;
#7541 = VERTEX_POINT ( 'NONE', #2578 ) ;
#7542 = AXIS2_PLACEMENT_3D ( 'NONE', #9601, #3693, #5758 ) ;
#7543 = EDGE_CURVE ( 'NONE', #1065, #6181, #6291, .T. ) ;
#7544 = VERTEX_POINT ( 'NONE', #7067 ) ;
#7545 = FACE_BOUND ( 'NONE', #1707, .T. ) ;
#7546 = VERTEX_POINT ( 'NONE', #9329 ) ;
#7547 = VERTEX_POINT ( 'NONE', #2386 ) ;
#7548 = VERTEX_POINT ( 'NONE', #7674 ) ;
#7549 = DIRECTION ( 'NONE',  ( -0.000000000000000000, -1.000000000000000000, -0.000000000000000000 ) ) ;
#7550 = CIRCLE ( 'NONE', #7869, 1.558920238245227186 ) ;
#7551 = FACE_OUTER_BOUND ( 'NONE', #3397, .T. ) ;
#7552 = DIRECTION ( 'NONE',  ( 0.000000000000000000, -1.000000000000000000, 0.000000000000000000 ) ) ;
#7553 = AXIS2_PLACEMENT_3D ( 'NONE', #3093, #1020, #2353 ) ;
#7554 = ORIENTED_EDGE ( 'NONE', *, *, #6532, .F. ) ;
#7555 = ORIENTED_EDGE ( 'NONE', *, *, #3451, .F. ) ;
#7556 = CARTESIAN_POINT ( 'NONE',  ( 10.00000000000000178, -11.11999999999999922, -7.499999999999999112 ) ) ;
#7557 = EDGE_CURVE ( 'NONE', #8931, #4223, #241, .T. ) ;
#7558 = DIRECTION ( 'NONE',  ( -0.000000000000000000, 1.508455196501571429E-16, -1.000000000000000000 ) ) ;
#7559 = EDGE_CURVE ( 'NONE', #5800, #3530, #7167, .T. ) ;
#7560 = TOROIDAL_SURFACE ( 'NONE', #2, 0.4199999999999990408, 0.1199999999999999956 ) ;
#7561 = DIRECTION ( 'NONE',  ( 0.000000000000000000, -1.000000000000000000, 0.000000000000000000 ) ) ;
#7562 = ORIENTED_EDGE ( 'NONE', *, *, #2991, .F. ) ;
#7563 = DIRECTION ( 'NONE',  ( 0.000000000000000000, -1.508455196501571429E-16, 1.000000000000000000 ) ) ;
#7564 = CARTESIAN_POINT ( 'NONE',  ( 29.00000000000000000, 11.99999999999999822, -14.37999999999999901 ) ) ;
#7565 = CARTESIAN_POINT ( 'NONE',  ( -28.87999999999999901, -10.49999999999999822, -12.49999999999999822 ) ) ;
#7566 = ORIENTED_EDGE ( 'NONE', *, *, #976, .T. ) ;
#7567 = CARTESIAN_POINT ( 'NONE',  ( 15.49887765375237692, 0.6246541272872886408, 10.50000000000001243 ) ) ;
#7568 = TOROIDAL_SURFACE ( 'NONE', #2039, 4.620000000000000107, 0.1199999999999999956 ) ;
#7569 = DIRECTION ( 'NONE',  ( 0.000000000000000000, 0.000000000000000000, -1.000000000000000000 ) ) ;
#7570 = DIRECTION ( 'NONE',  ( -0.000000000000000000, -1.000000000000000000, -0.000000000000000000 ) ) ;
#7571 = AXIS2_PLACEMENT_3D ( 'NONE', #7158, #8639, #8688 ) ;
#7572 = ORIENTED_EDGE ( 'NONE', *, *, #9634, .T. ) ;
#7573 = FACE_OUTER_BOUND ( 'NONE', #3909, .T. ) ;
#7574 = AXIS2_PLACEMENT_3D ( 'NONE', #127, #3160, #3860 ) ;
#7575 = AXIS2_PLACEMENT_3D ( 'NONE', #4269, #3531, #6542 ) ;
#7576 = CARTESIAN_POINT ( 'NONE',  ( 10.00000000000000178, -12.37999999999999901, -7.499999999999999112 ) ) ;
#7577 = DIRECTION ( 'NONE',  ( -0.000000000000000000, 1.000000000000000000, -0.000000000000000000 ) ) ;
#7578 = CARTESIAN_POINT ( 'NONE',  ( -24.00000000000000000, 5.749999999999999112, -13.12000000000000099 ) ) ;
#7579 = CIRCLE ( 'NONE', #2848, 0.1200000000000003147 ) ;
#7580 = DIRECTION ( 'NONE',  ( 0.000000000000000000, 0.000000000000000000, 1.000000000000000000 ) ) ;
#7581 = VECTOR ( 'NONE', #4503, 1000.000000000000000 ) ;
#7582 = CARTESIAN_POINT ( 'NONE',  ( -6.999999999999999112, -11.11999999999999922, 1.000000000000001776 ) ) ;
#7583 = FACE_OUTER_BOUND ( 'NONE', #6425, .T. ) ;
#7584 = ORIENTED_EDGE ( 'NONE', *, *, #489, .T. ) ;
#7585 = ORIENTED_EDGE ( 'NONE', *, *, #6422, .T. ) ;
#7586 = EDGE_LOOP ( 'NONE', ( #1994, #9474, #2104, #8327 ) ) ;
#7587 = CIRCLE ( 'NONE', #4909, 1.617476254756361476 ) ;
#7588 = DIRECTION ( 'NONE',  ( 0.000000000000000000, -1.000000000000000000, 0.000000000000000000 ) ) ;
#7589 = CARTESIAN_POINT ( 'NONE',  ( 24.00000000000000000, 5.749999999999999112, -13.12000000000000099 ) ) ;
#7590 = CIRCLE ( 'NONE', #7109, 0.1199999999999999956 ) ;
#7591 = ADVANCED_FACE ( 'NONE', ( #6972 ), #8793, .T. ) ;
#7592 = FACE_OUTER_BOUND ( 'NONE', #3842, .T. ) ;
#7593 = CIRCLE ( 'NONE', #6004, 0.1199999999999985800 ) ;
#7594 = ORIENTED_EDGE ( 'NONE', *, *, #4751, .T. ) ;
#7595 = VECTOR ( 'NONE', #6117, 1000.000000000000000 ) ;
#7596 = ORIENTED_EDGE ( 'NONE', *, *, #858, .F. ) ;
#7597 = CARTESIAN_POINT ( 'NONE',  ( -24.49999999999999645, -11.11999999999999922, 0.8210797617547740401 ) ) ;
#7598 = ORIENTED_EDGE ( 'NONE', *, *, #1400, .F. ) ;
#7599 = EDGE_LOOP ( 'NONE', ( #6996, #1526, #9249, #4540, #8565 ) ) ;
#7600 = EDGE_CURVE ( 'NONE', #5314, #4870, #563, .T. ) ;
#7601 = DIRECTION ( 'NONE',  ( -0.000000000000000000, -1.000000000000000000, -0.000000000000000000 ) ) ;
#7602 = CIRCLE ( 'NONE', #6489, 1.619999999999998996 ) ;
#7603 = CARTESIAN_POINT ( 'NONE',  ( 2.428612866367529932E-14, 1.727922061357856087, 8.000000000000001776 ) ) ;
#7604 = CARTESIAN_POINT ( 'NONE',  ( 1.381122346247666721, 0.8753458727129063144, 17.50000000000000355 ) ) ;
#7605 = EDGE_CURVE ( 'NONE', #4183, #4565, #7643, .T. ) ;
#7606 = VERTEX_POINT ( 'NONE', #8646 ) ;
#7607 = CARTESIAN_POINT ( 'NONE',  ( -3.000000000000001776, -12.49999999999999822, -7.499999999999998224 ) ) ;
#7608 = TOROIDAL_SURFACE ( 'NONE', #5246, 1.678920238245227292, 0.1199999999999999956 ) ;
#7609 = DIRECTION ( 'NONE',  ( 0.000000000000000000, 0.000000000000000000, 1.000000000000000000 ) ) ;
#7610 = AXIS2_PLACEMENT_3D ( 'NONE', #714, #2226, #5879 ) ;
#7611 = DIRECTION ( 'NONE',  ( 1.000000000000000000, -0.000000000000000000, 0.000000000000000000 ) ) ;
#7612 = FACE_OUTER_BOUND ( 'NONE', #843, .T. ) ;
#7613 = CARTESIAN_POINT ( 'NONE',  ( 10.00000000000002665, -11.11999999999999922, -12.99999999999990052 ) ) ;
#7614 = ADVANCED_FACE ( 'NONE', ( #2670 ), #7170, .F. ) ;
#7615 = DIRECTION ( 'NONE',  ( 7.302723057389411073E-32, 1.000000000000000000, 1.508455196501571429E-16 ) ) ;
#7616 = EDGE_CURVE ( 'NONE', #1861, #4783, #9209, .T. ) ;
#7617 = DIRECTION ( 'NONE',  ( 0.000000000000000000, -1.000000000000000000, -0.000000000000000000 ) ) ;
#7618 = AXIS2_PLACEMENT_3D ( 'NONE', #1677, #3804, #6020 ) ;
#7619 = DIRECTION ( 'NONE',  ( 0.000000000000000000, -1.000000000000000000, -0.000000000000000000 ) ) ;
#7620 = DIRECTION ( 'NONE',  ( 0.000000000000000000, -1.000000000000000000, 0.000000000000000000 ) ) ;
#7621 = AXIS2_PLACEMENT_3D ( 'NONE', #5963, #7169, #3409 ) ;
#7622 = ORIENTED_EDGE ( 'NONE', *, *, #183, .F. ) ;
#7623 = FACE_BOUND ( 'NONE', #4893, .T. ) ;
#7624 = CIRCLE ( 'NONE', #1778, 1.500000000000000444 ) ;
#7625 = FACE_OUTER_BOUND ( 'NONE', #2735, .T. ) ;
#7626 = DIRECTION ( 'NONE',  ( 0.000000000000000000, -1.000000000000000000, 0.000000000000000000 ) ) ;
#7627 = DIRECTION ( 'NONE',  ( 1.000000000000000000, 0.000000000000000000, 0.000000000000000000 ) ) ;
#7628 = CIRCLE ( 'NONE', #4318, 1.558920238245227408 ) ;
#7629 = FACE_OUTER_BOUND ( 'NONE', #1181, .T. ) ;
#7630 = CARTESIAN_POINT ( 'NONE',  ( -24.49999999999999645, 1.727922061357856087, -7.499999999999999112 ) ) ;
#7631 = VERTEX_POINT ( 'NONE', #1292 ) ;
#7632 = VERTEX_POINT ( 'NONE', #1234 ) ;
#7633 = EDGE_LOOP ( 'NONE', ( #2805, #49, #9083, #6774 ) ) ;
#7634 = CARTESIAN_POINT ( 'NONE',  ( 11.74534587271283037, 7.748877653752450634, 17.50000000000000355 ) ) ;
#7635 = DIRECTION ( 'NONE',  ( 0.000000000000000000, 0.000000000000000000, -1.000000000000000000 ) ) ;
#7636 = FACE_OUTER_BOUND ( 'NONE', #1025, .T. ) ;
#7637 = ORIENTED_EDGE ( 'NONE', *, *, #9215, .F. ) ;
#7638 = EDGE_LOOP ( 'NONE', ( #2163, #5018, #7462, #7954, #3421 ) ) ;
#7639 = FACE_OUTER_BOUND ( 'NONE', #3946, .T. ) ;
#7640 = ORIENTED_EDGE ( 'NONE', *, *, #9517, .T. ) ;
#7641 = ORIENTED_EDGE ( 'NONE', *, *, #572, .T. ) ;
#7642 = VERTEX_POINT ( 'NONE', #569 ) ;
#7643 = CIRCLE ( 'NONE', #9521, 1.678920238245226848 ) ;
#7644 = ADVANCED_FACE ( 'NONE', ( #3568 ), #3410, .F. ) ;
#7645 = VERTEX_POINT ( 'NONE', #6579 ) ;
#7646 = LINE ( 'NONE', #893, #4060 ) ;
#7647 = APPLICATION_CONTEXT ( 'automotive_design' ) ;
#7648 = DIRECTION ( 'NONE',  ( 0.000000000000000000, 0.000000000000000000, -1.000000000000000000 ) ) ;
#7649 = CARTESIAN_POINT ( 'NONE',  ( 24.49999999999999645, -11.11999999999999922, 2.500000000000001332 ) ) ;
#7650 = CIRCLE ( 'NONE', #406, 0.1199999999999985800 ) ;
#7651 = ADVANCED_FACE ( 'NONE', ( #3522 ), #4954, .F. ) ;
#7652 = TOROIDAL_SURFACE ( 'NONE', #3387, 1.619999999999998996, 0.1199999999999999956 ) ;
#7653 = EDGE_CURVE ( 'NONE', #6694, #9683, #6539, .T. ) ;
#7654 = ORIENTED_EDGE ( 'NONE', *, *, #2863, .F. ) ;
#7655 = ORIENTED_EDGE ( 'NONE', *, *, #6096, .T. ) ;
#7656 = CARTESIAN_POINT ( 'NONE',  ( -3.001122346247667938, 0.8753458727129063144, 16.00000000000000000 ) ) ;
#7657 = DIRECTION ( 'NONE',  ( 0.000000000000000000, -1.000000000000000000, 0.000000000000000000 ) ) ;
#7658 = ADVANCED_FACE ( 'NONE', ( #9374 ), #2821, .T. ) ;
#7659 = VECTOR ( 'NONE', #8215, 1000.000000000000000 ) ;
#7660 = VECTOR ( 'NONE', #283, 1000.000000000000000 ) ;
#7661 = CARTESIAN_POINT ( 'NONE',  ( -22.19512890129545468, 5.749999999999999112, -13.00000000000000178 ) ) ;
#7662 = CARTESIAN_POINT ( 'NONE',  ( -10.00000000000002665, -12.37999999999999901, -14.49999999999990230 ) ) ;
#7663 = DIRECTION ( 'NONE',  ( -0.000000000000000000, -0.000000000000000000, 1.000000000000000000 ) ) ;
#7664 = CARTESIAN_POINT ( 'NONE',  ( -3.001122346247667938, 0.8753458727129063144, 16.12000000000000099 ) ) ;
#7665 = EDGE_LOOP ( 'NONE', ( #7211, #8516, #6441, #6331 ) ) ;
#7666 = ORIENTED_EDGE ( 'NONE', *, *, #5080, .F. ) ;
#7667 = CIRCLE ( 'NONE', #9077, 1.620000000000000773 ) ;
#7668 = DIRECTION ( 'NONE',  ( -0.000000000000000000, 1.000000000000000000, 0.000000000000000000 ) ) ;
#7669 = CIRCLE ( 'NONE', #3241, 0.5000000000000004441 ) ;
#7670 = FACE_OUTER_BOUND ( 'NONE', #7508, .T. ) ;
#7671 = ADVANCED_FACE ( 'NONE', ( #4310 ), #3378, .T. ) ;
#7672 = ADVANCED_FACE ( 'NONE', ( #7918 ), #1196, .T. ) ;
#7673 = CARTESIAN_POINT ( 'NONE',  ( 2.428612866367529932E-14, -11.11999999999999922, 9.500000000000001776 ) ) ;
#7674 = CARTESIAN_POINT ( 'NONE',  ( 9.874654127287220362, -4.748877653752252570, 16.11999999999999744 ) ) ;
#7675 = DIRECTION ( 'NONE',  ( -0.000000000000000000, -1.000000000000000000, -0.000000000000000000 ) ) ;
#7676 = CARTESIAN_POINT ( 'NONE',  ( -10.12534587271282582, -0.8711223462475460311, 16.12000000000000099 ) ) ;
#7677 = TOROIDAL_SURFACE ( 'NONE', #4037, 1.620000000000002549, 0.1199999999999999956 ) ;
#7678 = DIRECTION ( 'NONE',  ( 0.000000000000000000, -1.000000000000000000, 0.000000000000000000 ) ) ;
#7679 = DIRECTION ( 'NONE',  ( -5.811872027389895469E-16, -0.000000000000000000, -1.000000000000000000 ) ) ;
#7680 = DIRECTION ( 'NONE',  ( 0.000000000000000000, 0.000000000000000000, 1.000000000000000000 ) ) ;
#7681 = EDGE_CURVE ( 'NONE', #3828, #2706, #4005, .T. ) ;
#7682 = EDGE_CURVE ( 'NONE', #7948, #4453, #7968, .T. ) ;
#7683 = EDGE_LOOP ( 'NONE', ( #555, #3792, #6136, #1038 ) ) ;
#7684 = ORIENTED_EDGE ( 'NONE', *, *, #8755, .F. ) ;
#7685 = ORIENTED_EDGE ( 'NONE', *, *, #5301, .T. ) ;
#7686 = CARTESIAN_POINT ( 'NONE',  ( -11.62534587271282405, 0.7488776537524510779, 16.12000000000000099 ) ) ;
#7687 = DIRECTION ( 'NONE',  ( 0.000000000000000000, -1.000000000000000000, 0.000000000000000000 ) ) ;
#7688 = CARTESIAN_POINT ( 'NONE',  ( 21.50000000000000355, -11.11999999999999744, 10.33348794342497712 ) ) ;
#7689 = VERTEX_POINT ( 'NONE', #5000 ) ;
#7690 = DIRECTION ( 'NONE',  ( 0.000000000000000000, 0.000000000000000000, -1.000000000000000000 ) ) ;
#7691 = ORIENTED_EDGE ( 'NONE', *, *, #5307, .T. ) ;
#7692 = ORIENTED_EDGE ( 'NONE', *, *, #9567, .F. ) ;
#7693 = ORIENTED_EDGE ( 'NONE', *, *, #5675, .T. ) ;
#7694 = ORIENTED_EDGE ( 'NONE', *, *, #6738, .F. ) ;
#7695 = CARTESIAN_POINT ( 'NONE',  ( -21.12000000000000099, 10.49999999999999112, -13.00000000000000000 ) ) ;
#7696 = DIRECTION ( 'NONE',  ( 1.000000000000000000, 0.000000000000000000, 0.000000000000000000 ) ) ;
#7697 = AXIS2_PLACEMENT_3D ( 'NONE', #1364, #1412, #5128 ) ;
#7698 = ORIENTED_EDGE ( 'NONE', *, *, #1810, .F. ) ;
#7699 = FACE_OUTER_BOUND ( 'NONE', #1816, .T. ) ;
#7700 = CARTESIAN_POINT ( 'NONE',  ( -21.00000000000000000, -10.49999999999999822, -13.00000000000000000 ) ) ;
#7701 = VECTOR ( 'NONE', #8468, 1000.000000000000000 ) ;
#7702 = VERTEX_POINT ( 'NONE', #8014 ) ;
#7703 = LINE ( 'NONE', #8402, #101 ) ;
#7704 = CYLINDRICAL_SURFACE ( 'NONE', #5049, 1.999999999999999112 ) ;
#7705 = CARTESIAN_POINT ( 'NONE',  ( -3.001122346247667938, 0.8753458727129063144, 17.38000000000000611 ) ) ;
#7706 = LINE ( 'NONE', #6362, #9479 ) ;
#7707 = ADVANCED_FACE ( 'NONE', ( #4254 ), #6203, .T. ) ;
#7708 = LINE ( 'NONE', #954, #178 ) ;
#7709 = VECTOR ( 'NONE', #4722, 1000.000000000000000 ) ;
#7710 = DIRECTION ( 'NONE',  ( 0.000000000000000000, 0.000000000000000000, -1.000000000000000000 ) ) ;
#7712 = ORIENTED_EDGE ( 'NONE', *, *, #4052, .F. ) ;
#7711 = EDGE_CURVE ( 'NONE', #9525, #6262, #9527, .T. ) ;
#7713 = ADVANCED_FACE ( 'NONE', ( #6815 ), #1488, .T. ) ;
#7714 = CARTESIAN_POINT ( 'NONE',  ( 9.999999999999927169, -12.49999999999999822, 1.120000000000100915 ) ) ;
#7715 = DIRECTION ( 'NONE',  ( 1.000000000000000000, 0.000000000000000000, -1.224646799147353207E-16 ) ) ;
#7716 = DIRECTION ( 'NONE',  ( -0.000000000000000000, -1.000000000000000000, -0.000000000000000000 ) ) ;
#7717 = CARTESIAN_POINT ( 'NONE',  ( 2.448452144513716976E-14, -12.49999999999999822, 7.880000000000001670 ) ) ;
#7718 = AXIS2_PLACEMENT_3D ( 'NONE', #4428, #2151, #3632 ) ;
#7719 = DIRECTION ( 'NONE',  ( 0.000000000000000000, 0.000000000000000000, -1.000000000000000000 ) ) ;
#7720 = ADVANCED_FACE ( 'NONE', ( #6763 ), #1530, .F. ) ;
#7721 = DIRECTION ( 'NONE',  ( 0.000000000000000000, -0.000000000000000000, 1.000000000000000000 ) ) ;
#7722 = CIRCLE ( 'NONE', #2678, 0.1200000000000003147 ) ;
#7723 = CARTESIAN_POINT ( 'NONE',  ( 20.88000000000000256, 10.50000000000000355, 17.50000000000000355 ) ) ;
#7724 = CIRCLE ( 'NONE', #1100, 1.499999999999999556 ) ;
#7725 = VERTEX_POINT ( 'NONE', #2326 ) ;
#7726 = VERTEX_POINT ( 'NONE', #5336 ) ;
#7727 = CARTESIAN_POINT ( 'NONE',  ( 21.12000000000000099, -10.49999999999999645, -14.50000000000000178 ) ) ;
#7728 = CARTESIAN_POINT ( 'NONE',  ( -24.49999999999999645, -11.11999999999999922, 4.178920238245228624 ) ) ;
#7729 = AXIS2_PLACEMENT_3D ( 'NONE', #4818, #6430, #2366 ) ;
#7730 = AXIS2_PLACEMENT_3D ( 'NONE', #5401, #6168, #4560 ) ;
#7731 = ADVANCED_FACE ( 'NONE', ( #8169 ), #5129, .T. ) ;
#7732 = EDGE_CURVE ( 'NONE', #4443, #9164, #6851, .T. ) ;
#7733 = DIRECTION ( 'NONE',  ( 0.000000000000000000, 0.000000000000000000, -1.000000000000000000 ) ) ;
#7734 = ORIENTED_EDGE ( 'NONE', *, *, #5900, .F. ) ;
#7735 = AXIS2_PLACEMENT_3D ( 'NONE', #2390, #1455, #4476 ) ;
#7736 = CARTESIAN_POINT ( 'NONE',  ( 29.00000000000000000, 12.50000000000000000, 17.38000000000000611 ) ) ;
#7737 = ORIENTED_EDGE ( 'NONE', *, *, #1993, .T. ) ;
#7738 = ORIENTED_EDGE ( 'NONE', *, *, #3552, .F. ) ;
#7739 = ORIENTED_EDGE ( 'NONE', *, *, #9503, .F. ) ;
#7740 = CARTESIAN_POINT ( 'NONE',  ( -6.999999999999999112, -11.11999999999999922, 2.500000000000001332 ) ) ;
#7741 = EDGE_LOOP ( 'NONE', ( #7956, #1024, #807, #6825 ) ) ;
#7742 = DIRECTION ( 'NONE',  ( 0.000000000000000000, 0.000000000000000000, -1.000000000000000000 ) ) ;
#7743 = DIRECTION ( 'NONE',  ( -1.000000000000000000, 0.000000000000000000, 0.000000000000000000 ) ) ;
#7744 = AXIS2_PLACEMENT_3D ( 'NONE', #6372, #2629, #9285 ) ;
#7745 = EDGE_LOOP ( 'NONE', ( #3829, #2552, #665, #1132 ) ) ;
#7746 = ORIENTED_EDGE ( 'NONE', *, *, #626, .T. ) ;
#7747 = AXIS2_PLACEMENT_3D ( 'NONE', #3992, #4790, #7800 ) ;
#7748 = EDGE_LOOP ( 'NONE', ( #6, #3808 ) ) ;
#7749 = DIRECTION ( 'NONE',  ( -0.000000000000000000, 1.508455196501571429E-16, -1.000000000000000000 ) ) ;
#7750 = CARTESIAN_POINT ( 'NONE',  ( 19.00000000000000355, 10.50000000000000355, 10.50000000000001243 ) ) ;
#7751 = ORIENTED_EDGE ( 'NONE', *, *, #5070, .T. ) ;
#7752 = ORIENTED_EDGE ( 'NONE', *, *, #1267, .F. ) ;
#7753 = AXIS2_PLACEMENT_3D ( 'NONE', #5587, #7070, #229 ) ;
#7754 = ORIENTED_EDGE ( 'NONE', *, *, #6178, .F. ) ;
#7755 = CARTESIAN_POINT ( 'NONE',  ( 16.99999999999999645, 1.727922061357856087, -5.999999999999853451 ) ) ;
#7756 = CIRCLE ( 'NONE', #3502, 2.000000000000000000 ) ;
#7757 = LINE ( 'NONE', #6208, #5672 ) ;
#7758 = FACE_OUTER_BOUND ( 'NONE', #4195, .T. ) ;
#7759 = CARTESIAN_POINT ( 'NONE',  ( -10.12534587271282582, 0.7488776537524508559, 17.38000000000000611 ) ) ;
#7760 = AXIS2_PLACEMENT_3D ( 'NONE', #4511, #6819, #124 ) ;
#7761 = CARTESIAN_POINT ( 'NONE',  ( 16.99999999999999645, -12.37999999999999901, -9.119999999999850004 ) ) ;
#7762 = AXIS2_PLACEMENT_3D ( 'NONE', #5927, #5971, #4404 ) ;
#7763 = DIRECTION ( 'NONE',  ( 1.000000000000000000, 0.000000000000000000, 0.000000000000000000 ) ) ;
#7764 = DIRECTION ( 'NONE',  ( 0.000000000000000000, 1.000000000000000000, 0.000000000000000000 ) ) ;
#7765 = DIRECTION ( 'NONE',  ( -0.000000000000000000, 1.000000000000000000, -0.000000000000000000 ) ) ;
#7766 = EDGE_CURVE ( 'NONE', #6359, #1218, #5907, .T. ) ;
#7767 = CARTESIAN_POINT ( 'NONE',  ( 24.00000000000000000, -4.250000000000000888, -14.50000000000000000 ) ) ;
#7768 = DIRECTION ( 'NONE',  ( 0.000000000000000000, 0.000000000000000000, -1.000000000000000000 ) ) ;
#7769 = AXIS2_PLACEMENT_3D ( 'NONE', #3013, #1634, #8485 ) ;
#7770 = CARTESIAN_POINT ( 'NONE',  ( -16.99887765375237692, 2.124654127287289196, 16.12000000000000099 ) ) ;
#7771 = ORIENTED_EDGE ( 'NONE', *, *, #6496, .T. ) ;
#7772 = EDGE_CURVE ( 'NONE', #6702, #9683, #9360, .T. ) ;
#7773 = LINE ( 'NONE', #9150, #4414 ) ;
#7774 = ADVANCED_FACE ( 'NONE', ( #716 ), #663, .T. ) ;
#7775 = DIRECTION ( 'NONE',  ( 0.000000000000000000, 0.000000000000000000, 1.000000000000000000 ) ) ;
#7776 = AXIS2_PLACEMENT_3D ( 'NONE', #339, #7786, #3383 ) ;
#7777 = ORIENTED_EDGE ( 'NONE', *, *, #6672, .T. ) ;
#7778 = ORIENTED_EDGE ( 'NONE', *, *, #2820, .T. ) ;
#7779 = ORIENTED_EDGE ( 'NONE', *, *, #7988, .F. ) ;
#7780 = EDGE_CURVE ( 'NONE', #763, #8187, #1387, .T. ) ;
#7781 = CARTESIAN_POINT ( 'NONE',  ( 21.00000000000000000, -10.49999999999999645, -12.50000000000000178 ) ) ;
#7782 = CARTESIAN_POINT ( 'NONE',  ( -24.00000000000000000, 4.065128901295450348, 4.499999999999995559 ) ) ;
#7783 = AXIS2_PLACEMENT_3D ( 'NONE', #5947, #2299, #833 ) ;
#7784 = CARTESIAN_POINT ( 'NONE',  ( 16.99999999999999645, -12.37999999999999901, -5.999999999999852562 ) ) ;
#7785 = VERTEX_POINT ( 'NONE', #9717 ) ;
#7786 = DIRECTION ( 'NONE',  ( 1.000000000000000000, 0.000000000000000000, 1.224646799147352961E-16 ) ) ;
#7787 = ORIENTED_EDGE ( 'NONE', *, *, #5427, .T. ) ;
#7788 = ORIENTED_EDGE ( 'NONE', *, *, #8617, .F. ) ;
#7789 = CARTESIAN_POINT ( 'NONE',  ( 10.12534587271282582, 0.7488776537524508559, 16.00000000000000000 ) ) ;
#7790 = AXIS2_PLACEMENT_3D ( 'NONE', #6535, #3717, #9534 ) ;
#7791 = ADVANCED_FACE ( 'NONE', ( #3061 ), #2871, .T. ) ;
#7792 = ORIENTED_EDGE ( 'NONE', *, *, #6684, .F. ) ;
#7793 = EDGE_CURVE ( 'NONE', #108, #597, #2915, .T. ) ;
#7794 = DIRECTION ( 'NONE',  ( 0.000000000000000000, -1.000000000000000000, -0.000000000000000000 ) ) ;
#7795 = DIRECTION ( 'NONE',  ( -0.000000000000000000, -1.000000000000000000, -0.000000000000000000 ) ) ;
#7796 = ORIENTED_EDGE ( 'NONE', *, *, #987, .F. ) ;
#7797 = CIRCLE ( 'NONE', #2307, 1.500000000000000666 ) ;
#7798 = FACE_OUTER_BOUND ( 'NONE', #689, .T. ) ;
#7799 = ORIENTED_EDGE ( 'NONE', *, *, #1550, .T. ) ;
#7800 = DIRECTION ( 'NONE',  ( -1.000000000000000000, 0.000000000000000000, 0.000000000000000000 ) ) ;
#7801 = AXIS2_PLACEMENT_3D ( 'NONE', #5730, #5048, #8123 ) ;
#7802 = CARTESIAN_POINT ( 'NONE',  ( 29.00000000000000000, -12.50000000000000000, 15.50000000000000178 ) ) ;
#7803 = ORIENTED_EDGE ( 'NONE', *, *, #3183, .T. ) ;
#7804 = ORIENTED_EDGE ( 'NONE', *, *, #976, .F. ) ;
#7805 = EDGE_CURVE ( 'NONE', #9620, #9467, #9058, .T. ) ;
#7806 = DIRECTION ( 'NONE',  ( 0.000000000000000000, 0.000000000000000000, 1.000000000000000000 ) ) ;
#7807 = DIRECTION ( 'NONE',  ( 0.000000000000000000, -1.000000000000000000, 0.000000000000000000 ) ) ;
#7808 = DIRECTION ( 'NONE',  ( 1.000000000000000000, 0.000000000000000000, 0.000000000000000000 ) ) ;
#7809 = CIRCLE ( 'NONE', #1026, 1.499999999999997780 ) ;
#7810 = DIRECTION ( 'NONE',  ( -0.000000000000000000, -0.000000000000000000, 1.000000000000000000 ) ) ;
#7811 = ORIENTED_EDGE ( 'NONE', *, *, #9640, .T. ) ;
#7812 = CARTESIAN_POINT ( 'NONE',  ( 20.88000000000000256, 10.50000000000000355, 16.12000000000000099 ) ) ;
#7813 = DIRECTION ( 'NONE',  ( -0.000000000000000000, 1.000000000000000000, 0.000000000000000000 ) ) ;
#7814 = CIRCLE ( 'NONE', #2446, 1.500000000000001332 ) ;
#7815 = AXIS2_PLACEMENT_3D ( 'NONE', #3782, #53, #2306 ) ;
#7816 = DIRECTION ( 'NONE',  ( 1.000000000000000000, 0.000000000000000000, 0.000000000000000000 ) ) ;
#7817 = DIRECTION ( 'NONE',  ( 0.000000000000000000, 0.000000000000000000, -1.000000000000000000 ) ) ;
#7818 = EDGE_LOOP ( 'NONE', ( #783, #8575 ) ) ;
#7819 = CARTESIAN_POINT ( 'NONE',  ( -20.70000000000000284, -12.49999999999999822, -11.53041406348422626 ) ) ;
#7820 = DIRECTION ( 'NONE',  ( -1.000000000000000000, -0.000000000000000000, 0.000000000000000000 ) ) ;
#7821 = FACE_OUTER_BOUND ( 'NONE', #2068, .T. ) ;
#7822 = VECTOR ( 'NONE', #7552, 1000.000000000000000 ) ;
#7823 = TOROIDAL_SURFACE ( 'NONE', #115, 1.879999999999998339, 0.1199999999999999956 ) ;
#7824 = CARTESIAN_POINT ( 'NONE',  ( -9.874654127287220362, -6.248877653752255235, 16.11999999999999744 ) ) ;
#7825 = DIRECTION ( 'NONE',  ( 0.000000000000000000, 0.000000000000000000, -1.000000000000000000 ) ) ;
#7826 = ORIENTED_EDGE ( 'NONE', *, *, #1242, .T. ) ;
#7827 = ORIENTED_EDGE ( 'NONE', *, *, #6566, .T. ) ;
#7828 = EDGE_CURVE ( 'NONE', #6439, #7118, #7003, .T. ) ;
#7829 = DIRECTION ( 'NONE',  ( 0.000000000000000000, 0.000000000000000000, 1.000000000000000000 ) ) ;
#7830 = CARTESIAN_POINT ( 'NONE',  ( 24.49999999999999645, -12.37999999999999901, 4.058920238245228518 ) ) ;
#7831 = EDGE_CURVE ( 'NONE', #1959, #9498, #3065, .T. ) ;
#7832 = CARTESIAN_POINT ( 'NONE',  ( 18.61887765375237791, 0.6246541272872886408, 17.38000000000000611 ) ) ;
#7833 = ORIENTED_EDGE ( 'NONE', *, *, #3071, .F. ) ;
#7834 = EDGE_CURVE ( 'NONE', #7296, #9647, #8432, .T. ) ;
#7835 = ORIENTED_EDGE ( 'NONE', *, *, #7919, .T. ) ;
#7836 = DIRECTION ( 'NONE',  ( -1.000000000000000000, 0.000000000000000000, 0.000000000000000000 ) ) ;
#7837 = ORIENTED_EDGE ( 'NONE', *, *, #1012, .F. ) ;
#7838 = ORIENTED_EDGE ( 'NONE', *, *, #3411, .F. ) ;
#7839 = FACE_OUTER_BOUND ( 'NONE', #2589, .T. ) ;
#7840 = ORIENTED_EDGE ( 'NONE', *, *, #1932, .T. ) ;
#7841 = EDGE_CURVE ( 'NONE', #2156, #545, #4338, .T. ) ;
#7842 = CARTESIAN_POINT ( 'NONE',  ( 3.000000000000001776, -12.49999999999999822, -7.499999999999998224 ) ) ;
#7843 = ADVANCED_FACE ( 'NONE', ( #22 ), #878, .T. ) ;
#7844 = CARTESIAN_POINT ( 'NONE',  ( -24.00000000000000000, 4.065128901295453012, -14.50000000000000000 ) ) ;
#7845 = CARTESIAN_POINT ( 'NONE',  ( -27.00000000000000355, -11.11999999999999744, 9.713487943424976123 ) ) ;
#7846 = VERTEX_POINT ( 'NONE', #8308 ) ;
#7847 = EDGE_CURVE ( 'NONE', #1793, #2489, #1177, .T. ) ;
#7848 = VERTEX_POINT ( 'NONE', #4694 ) ;
#7849 = DIRECTION ( 'NONE',  ( -0.000000000000000000, 1.508455196501571429E-16, -1.000000000000000000 ) ) ;
#7850 = DIRECTION ( 'NONE',  ( 0.000000000000000000, -1.508455196501571429E-16, 1.000000000000000000 ) ) ;
#7851 = ORIENTED_EDGE ( 'NONE', *, *, #2828, .T. ) ;
#7852 = VERTEX_POINT ( 'NONE', #3899 ) ;
#7853 = DIRECTION ( 'NONE',  ( -0.000000000000000000, 1.000000000000000000, 0.000000000000000000 ) ) ;
#7854 = CIRCLE ( 'NONE', #6122, 0.1199999999999985800 ) ;
#7855 = DIRECTION ( 'NONE',  ( 0.000000000000000000, -1.000000000000000000, -0.000000000000000000 ) ) ;
#7856 = CYLINDRICAL_SURFACE ( 'NONE', #5444, 1.499999999999999556 ) ;
#7857 = CARTESIAN_POINT ( 'NONE',  ( 29.00000000000000000, -12.49999999999999822, -19.50000000000000355 ) ) ;
#7858 = EDGE_CURVE ( 'NONE', #3445, #404, #732, .T. ) ;
#7859 = EDGE_CURVE ( 'NONE', #1562, #5278, #5445, .T. ) ;
#7860 = CARTESIAN_POINT ( 'NONE',  ( -24.49999999999999645, 1.727922061357856087, 0.9410797617547741467 ) ) ;
#7861 = AXIS2_PLACEMENT_3D ( 'NONE', #1122, #3390, #9450 ) ;
#7862 = CARTESIAN_POINT ( 'NONE',  ( 20.70000000000000284, -12.49999999999999822, -11.53041406348422626 ) ) ;
#7863 = ORIENTED_EDGE ( 'NONE', *, *, #1333, .F. ) ;
#7864 = CARTESIAN_POINT ( 'NONE',  ( -20.88000000000000611, -12.49999999999999822, 10.33348794342497712 ) ) ;
#7865 = DIRECTION ( 'NONE',  ( 0.000000000000000000, 0.000000000000000000, 1.000000000000000000 ) ) ;
#7866 = ORIENTED_EDGE ( 'NONE', *, *, #5367, .T. ) ;
#7867 = CARTESIAN_POINT ( 'NONE',  ( -29.00000000000000000, 10.49999999999998757, 4.499999999999997335 ) ) ;
#7868 = CARTESIAN_POINT ( 'NONE',  ( -21.50000000000000355, -11.11999999999999744, 10.33348794342497712 ) ) ;
#7869 = AXIS2_PLACEMENT_3D ( 'NONE', #9107, #5316, #8331 ) ;
#7870 = CARTESIAN_POINT ( 'NONE',  ( -3.000000000000001776, -11.00000000000000000, -7.499999999999998224 ) ) ;
#7871 = VECTOR ( 'NONE', #5371, 1000.000000000000000 ) ;
#7872 = FACE_OUTER_BOUND ( 'NONE', #2458, .T. ) ;
#7873 = ORIENTED_EDGE ( 'NONE', *, *, #6022, .T. ) ;
#7874 = ORIENTED_EDGE ( 'NONE', *, *, #7898, .T. ) ;
#7875 = ORIENTED_EDGE ( 'NONE', *, *, #8047, .T. ) ;
#7876 = DIRECTION ( 'NONE',  ( 0.000000000000000000, 0.000000000000000000, 1.000000000000000000 ) ) ;
#7877 = DIRECTION ( 'NONE',  ( -0.000000000000000000, -1.000000000000000000, -0.000000000000000000 ) ) ;
#7878 = CARTESIAN_POINT ( 'NONE',  ( 17.80000000000000782, 27.00000000000000355, -17.50000000000000000 ) ) ;
#7879 = AXIS2_PLACEMENT_3D ( 'NONE', #3314, #1050, #4057 ) ;
#7880 = FACE_BOUND ( 'NONE', #1575, .T. ) ;
#7881 = AXIS2_PLACEMENT_3D ( 'NONE', #9000, #2087, #5057 ) ;
#7882 = ORIENTED_EDGE ( 'NONE', *, *, #9449, .F. ) ;
#7883 = AXIS2_PLACEMENT_3D ( 'NONE', #273, #4056, #9191 ) ;
#7884 = DIRECTION ( 'NONE',  ( 0.000000000000000000, -1.000000000000000000, -1.508455196501571429E-16 ) ) ;
#7885 = ORIENTED_EDGE ( 'NONE', *, *, #3322, .F. ) ;
#7886 = ORIENTED_EDGE ( 'NONE', *, *, #318, .T. ) ;
#7887 = LINE ( 'NONE', #3983, #6019 ) ;
#7888 = AXIS2_PLACEMENT_3D ( 'NONE', #605, #2811, #2018 ) ;
#7889 = ORIENTED_EDGE ( 'NONE', *, *, #4296, .T. ) ;
#7890 = ORIENTED_EDGE ( 'NONE', *, *, #183, .T. ) ;
#7891 = CARTESIAN_POINT ( 'NONE',  ( -10.12534587271282582, 7.748877653752450634, 17.50000000000000355 ) ) ;
#7892 = EDGE_CURVE ( 'NONE', #2706, #498, #7703, .T. ) ;
#7893 = VECTOR ( 'NONE', #4801, 1000.000000000000000 ) ;
#7894 = EDGE_LOOP ( 'NONE', ( #4926, #8924, #5327, #3830, #5700, #213, #9658, #302 ) ) ;
#7895 = ORIENTED_EDGE ( 'NONE', *, *, #7828, .F. ) ;
#7896 = DIRECTION ( 'NONE',  ( -0.000000000000000000, 1.000000000000000000, 0.000000000000000000 ) ) ;
#7897 = AXIS2_PLACEMENT_3D ( 'NONE', #1846, #3103, #4861 ) ;
#7898 = EDGE_CURVE ( 'NONE', #4251, #6902, #4975, .T. ) ;
#7899 = LINE ( 'NONE', #6401, #3491 ) ;
#7900 = EDGE_CURVE ( 'NONE', #930, #5103, #9526, .T. ) ;
#7901 = AXIS2_PLACEMENT_3D ( 'NONE', #8787, #2867, #5823 ) ;
#7902 = DIRECTION ( 'NONE',  ( 0.000000000000000000, 0.000000000000000000, -1.000000000000000000 ) ) ;
#7903 = ORIENTED_EDGE ( 'NONE', *, *, #1789, .F. ) ;
#7904 = ORIENTED_EDGE ( 'NONE', *, *, #5980, .T. ) ;
#7905 = DIRECTION ( 'NONE',  ( 0.000000000000000000, -1.000000000000000000, -0.000000000000000000 ) ) ;
#7906 = AXIS2_PLACEMENT_3D ( 'NONE', #7481, #2440, #9194 ) ;
#7907 = EDGE_CURVE ( 'NONE', #4959, #3017, #3297, .T. ) ;
#7908 = CARTESIAN_POINT ( 'NONE',  ( -27.50000000000000000, 11.87999999999999012, -13.00000000000000000 ) ) ;
#7909 = CARTESIAN_POINT ( 'NONE',  ( -28.87999999999999901, -11.00000000000000000, 15.50000000000000178 ) ) ;
#7910 = CIRCLE ( 'NONE', #1437, 1.499999999999997780 ) ;
#7911 = DIRECTION ( 'NONE',  ( 0.000000000000000000, 0.000000000000000000, -1.000000000000000000 ) ) ;
#7912 = DIRECTION ( 'NONE',  ( -1.000000000000000000, 0.000000000000000000, 0.000000000000000000 ) ) ;
#7913 = CIRCLE ( 'NONE', #3805, 1.620000000000001661 ) ;
#7914 = CARTESIAN_POINT ( 'NONE',  ( 19.80000000000000426, -11.11999999999998323, -11.53041406348422626 ) ) ;
#7915 = CIRCLE ( 'NONE', #1908, 4.499999999999998224 ) ;
#7916 = ORIENTED_EDGE ( 'NONE', *, *, #1580, .F. ) ;
#7917 = DIRECTION ( 'NONE',  ( 0.000000000000000000, -1.508455196501571429E-16, 1.000000000000000000 ) ) ;
#7918 = FACE_OUTER_BOUND ( 'NONE', #1382, .T. ) ;
#7919 = EDGE_CURVE ( 'NONE', #8682, #1422, #6906, .T. ) ;
#7920 = EDGE_CURVE ( 'NONE', #4736, #712, #7809, .T. ) ;
#7921 = ORIENTED_EDGE ( 'NONE', *, *, #8110, .T. ) ;
#7922 = CARTESIAN_POINT ( 'NONE',  ( -21.50000000000000711, -11.00000000000000000, 9.713487943424976123 ) ) ;
#7923 = CARTESIAN_POINT ( 'NONE',  ( 21.00000000000000355, 10.50000000000000355, 16.12000000000000099 ) ) ;
#7924 = AXIS2_PLACEMENT_3D ( 'NONE', #3902, #7615, #8998 ) ;
#7925 = DIRECTION ( 'NONE',  ( 1.000000000000000000, 0.000000000000000000, 0.000000000000000000 ) ) ;
#7926 = AXIS2_PLACEMENT_3D ( 'NONE', #7065, #461, #3460 ) ;
#7927 = DIRECTION ( 'NONE',  ( -0.000000000000000000, 1.508455196501571429E-16, -1.000000000000000000 ) ) ;
#7928 = FACE_OUTER_BOUND ( 'NONE', #8211, .T. ) ;
#7929 = CIRCLE ( 'NONE', #6048, 4.500000000000000000 ) ;
#7930 = ORIENTED_EDGE ( 'NONE', *, *, #1784, .F. ) ;
#7931 = VERTEX_POINT ( 'NONE', #7661 ) ;
#7932 = CARTESIAN_POINT ( 'NONE',  ( -16.99999999999999645, -12.37999999999999901, -7.499999999999852562 ) ) ;
#7933 = AXIS2_PLACEMENT_3D ( 'NONE', #7510, #212, #4552 ) ;
#7934 = DIRECTION ( 'NONE',  ( 0.000000000000000000, 0.000000000000000000, -1.000000000000000000 ) ) ;
#7935 = DIRECTION ( 'NONE',  ( 0.000000000000000000, 0.000000000000000000, -1.000000000000000000 ) ) ;
#7936 = CARTESIAN_POINT ( 'NONE',  ( -27.00000000000000355, -11.11999999999998323, 9.833487943424977118 ) ) ;
#7937 = DIRECTION ( 'NONE',  ( 1.000000000000000000, 0.000000000000000000, 0.000000000000000000 ) ) ;
#7938 = AXIS2_PLACEMENT_3D ( 'NONE', #4, #4595, #3743 ) ;
#7939 = ORIENTED_EDGE ( 'NONE', *, *, #5374, .F. ) ;
#7940 = FACE_OUTER_BOUND ( 'NONE', #6287, .T. ) ;
#7941 = ORIENTED_EDGE ( 'NONE', *, *, #3864, .T. ) ;
#7942 = ORIENTED_EDGE ( 'NONE', *, *, #5676, .F. ) ;
#7943 = CIRCLE ( 'NONE', #854, 1.500000000000000666 ) ;
#7944 = DIRECTION ( 'NONE',  ( 0.000000000000000000, -1.508455196501571429E-16, 1.000000000000000000 ) ) ;
#7945 = VERTEX_POINT ( 'NONE', #9317 ) ;
#7946 = CARTESIAN_POINT ( 'NONE',  ( 29.00000000000000000, -12.37999999999998124, 7.833487943424975342 ) ) ;
#7947 = AXIS2_PLACEMENT_3D ( 'NONE', #8622, #6389, #1023 ) ;
#7948 = VERTEX_POINT ( 'NONE', #9132 ) ;
#7949 = CARTESIAN_POINT ( 'NONE',  ( 19.68000000000000682, -11.11999999999999744, -11.53041406348422626 ) ) ;
#7950 = VERTEX_POINT ( 'NONE', #997 ) ;
#7951 = DIRECTION ( 'NONE',  ( 1.000000000000000000, -1.224646799147352961E-16, -1.847324828052840849E-32 ) ) ;
#7952 = AXIS2_PLACEMENT_3D ( 'NONE', #3576, #5199, #2730 ) ;
#7953 = EDGE_CURVE ( 'NONE', #3267, #2486, #3853, .T. ) ;
#7954 = ORIENTED_EDGE ( 'NONE', *, *, #1267, .T. ) ;
#7955 = DIRECTION ( 'NONE',  ( 0.000000000000000000, 0.000000000000000000, -1.000000000000000000 ) ) ;
#7956 = ORIENTED_EDGE ( 'NONE', *, *, #8744, .T. ) ;
#7957 = ORIENTED_EDGE ( 'NONE', *, *, #362, .T. ) ;
#7958 = CARTESIAN_POINT ( 'NONE',  ( -21.00000000000000000, -11.11999999999999744, 15.50000000000000178 ) ) ;
#7959 = ADVANCED_FACE ( 'NONE', ( #8592 ), #6217, .T. ) ;
#7960 = DIRECTION ( 'NONE',  ( 0.000000000000000000, 0.000000000000000000, 1.000000000000000000 ) ) ;
#7961 = CARTESIAN_POINT ( 'NONE',  ( -20.10000000000000853, -12.37999999999997414, -11.23041406348422555 ) ) ;
#7962 = EDGE_CURVE ( 'NONE', #4041, #933, #7177, .T. ) ;
#7963 = DIRECTION ( 'NONE',  ( -1.000000000000000000, 0.000000000000000000, -0.000000000000000000 ) ) ;
#7964 = ORIENTED_EDGE ( 'NONE', *, *, #5928, .T. ) ;
#7965 = DIRECTION ( 'NONE',  ( 1.000000000000000000, 0.000000000000000000, 0.000000000000000000 ) ) ;
#7966 = EDGE_CURVE ( 'NONE', #3505, #3779, #903, .T. ) ;
#7967 = DIRECTION ( 'NONE',  ( 0.000000000000000000, 0.000000000000000000, 1.000000000000000000 ) ) ;
#7968 = CIRCLE ( 'NONE', #2127, 1.620000000000001661 ) ;
#7969 = FACE_OUTER_BOUND ( 'NONE', #5403, .T. ) ;
#7970 = DIRECTION ( 'NONE',  ( 0.000000000000000000, 0.000000000000000000, -1.000000000000000000 ) ) ;
#7971 = CYLINDRICAL_SURFACE ( 'NONE', #9602, 0.1200000000000003147 ) ;
#7972 = DIRECTION ( 'NONE',  ( 0.000000000000000000, 0.000000000000000000, -1.000000000000000000 ) ) ;
#7973 = CARTESIAN_POINT ( 'NONE',  ( -3.000000000000001776, -12.37999999999999901, -7.499999999999998224 ) ) ;
#7974 = AXIS2_PLACEMENT_3D ( 'NONE', #168, #3157, #4697 ) ;
#7975 = DIRECTION ( 'NONE',  ( -0.000000000000000000, 1.000000000000000000, 0.000000000000000000 ) ) ;
#7976 = AXIS2_PLACEMENT_3D ( 'NONE', #4301, #6457, #6568 ) ;
#7977 = ADVANCED_FACE ( 'NONE', ( #166 ), #2470, .F. ) ;
#7978 = DIRECTION ( 'NONE',  ( -0.000000000000000000, 1.000000000000000000, 0.000000000000000000 ) ) ;
#7979 = VERTEX_POINT ( 'NONE', #5436 ) ;
#7980 = ORIENTED_EDGE ( 'NONE', *, *, #8047, .F. ) ;
#7981 = DIRECTION ( 'NONE',  ( 0.000000000000000000, 0.000000000000000000, -1.000000000000000000 ) ) ;
#7982 = AXIS2_PLACEMENT_3D ( 'NONE', #4199, #8640, #5099 ) ;
#7983 = CARTESIAN_POINT ( 'NONE',  ( 29.00000000000000000, -10.50000000000000000, 16.00000000000000000 ) ) ;
#7984 = DIRECTION ( 'NONE',  ( -0.000000000000000000, 1.508455196501571429E-16, -1.000000000000000000 ) ) ;
#7985 = AXIS2_PLACEMENT_3D ( 'NONE', #9067, #2257, #3832 ) ;
#7986 = CARTESIAN_POINT ( 'NONE',  ( -10.12534587271282582, 0.7488776537524508559, 17.38000000000000611 ) ) ;
#7987 = DIRECTION ( 'NONE',  ( -1.224646799147352961E-16, 1.000000000000000000, 0.000000000000000000 ) ) ;
#7988 = EDGE_CURVE ( 'NONE', #581, #331, #1973, .T. ) ;
#7989 = EDGE_CURVE ( 'NONE', #5662, #5089, #6701, .T. ) ;
#7990 = AXIS2_PLACEMENT_3D ( 'NONE', #9491, #1304, #6544 ) ;
#7991 = DIRECTION ( 'NONE',  ( -0.000000000000000000, 1.000000000000000000, 0.000000000000000000 ) ) ;
#7992 = VERTEX_POINT ( 'NONE', #3207 ) ;
#7993 = ORIENTED_EDGE ( 'NONE', *, *, #8632, .F. ) ;
#7994 = ORIENTED_EDGE ( 'NONE', *, *, #7117, .F. ) ;
#7995 = ORIENTED_EDGE ( 'NONE', *, *, #5028, .F. ) ;
#7996 = CARTESIAN_POINT ( 'NONE',  ( -21.50000000000000355, -11.00000000000000000, 10.33348794342497712 ) ) ;
#7997 = ORIENTED_EDGE ( 'NONE', *, *, #1034, .F. ) ;
#7998 = CARTESIAN_POINT ( 'NONE',  ( 9.999999999999927169, -12.49999999999999822, -0.4999999999998998579 ) ) ;
#7999 = CARTESIAN_POINT ( 'NONE',  ( -9.999999999999927169, -12.37999999999999901, -1.999999999999900746 ) ) ;
#8000 = ORIENTED_EDGE ( 'NONE', *, *, #85, .F. ) ;
#8001 = DIRECTION ( 'NONE',  ( 0.000000000000000000, 0.000000000000000000, 1.000000000000000000 ) ) ;
#8002 = EDGE_LOOP ( 'NONE', ( #3646, #8817, #994, #5995 ) ) ;
#8003 = ORIENTED_EDGE ( 'NONE', *, *, #7243, .T. ) ;
#8004 = DIRECTION ( 'NONE',  ( 0.000000000000000000, -1.000000000000000000, 0.000000000000000000 ) ) ;
#8005 = DIRECTION ( 'NONE',  ( -1.000000000000000000, 0.000000000000000000, 0.000000000000000000 ) ) ;
#8006 = CARTESIAN_POINT ( 'NONE',  ( 3.001122346247667938, 0.8753458727129063144, 16.00000000000000000 ) ) ;
#8007 = ORIENTED_EDGE ( 'NONE', *, *, #2184, .T. ) ;
#8008 = DIRECTION ( 'NONE',  ( 0.000000000000000000, 0.000000000000000000, 1.000000000000000000 ) ) ;
#8009 = ORIENTED_EDGE ( 'NONE', *, *, #7539, .T. ) ;
#8010 = VERTEX_POINT ( 'NONE', #6207 ) ;
#8011 = DIRECTION ( 'NONE',  ( 0.000000000000000000, 0.000000000000000000, 1.000000000000000000 ) ) ;
#8012 = DIRECTION ( 'NONE',  ( -5.811872027389895469E-16, 0.000000000000000000, -1.000000000000000000 ) ) ;
#8013 = ORIENTED_EDGE ( 'NONE', *, *, #6151, .T. ) ;
#8014 = CARTESIAN_POINT ( 'NONE',  ( -20.70000000000000284, -11.11999999999998323, -11.23041406348422555 ) ) ;
#8015 = DIRECTION ( 'NONE',  ( -0.000000000000000000, 1.000000000000000000, 0.000000000000000000 ) ) ;
#8016 = LINE ( 'NONE', #3414, #2311 ) ;
#8017 = EDGE_CURVE ( 'NONE', #5916, #6515, #5135, .T. ) ;
#8018 = DIRECTION ( 'NONE',  ( -1.000000000000000000, -0.000000000000000000, 0.000000000000000000 ) ) ;
#8019 = ORIENTED_EDGE ( 'NONE', *, *, #8121, .T. ) ;
#8020 = DIRECTION ( 'NONE',  ( 0.000000000000000000, 0.000000000000000000, 1.000000000000000000 ) ) ;
#8021 = AXIS2_PLACEMENT_3D ( 'NONE', #9501, #4436, #8877 ) ;
#8022 = DIRECTION ( 'NONE',  ( -0.000000000000000000, 1.508455196501571429E-16, -1.000000000000000000 ) ) ;
#8023 = CARTESIAN_POINT ( 'NONE',  ( 20.70000000000000284, -11.00000000000000000, -11.11041406348422811 ) ) ;
#8024 = EDGE_CURVE ( 'NONE', #1055, #2211, #6063, .T. ) ;
#8025 = EDGE_CURVE ( 'NONE', #8941, #6232, #8745, .T. ) ;
#8026 = PRODUCT ( 'Mg996 Base Bracket', 'Mg996 Base Bracket', '', ( #1123 ) ) ;
#8027 = ORIENTED_EDGE ( 'NONE', *, *, #9041, .F. ) ;
#8028 = ORIENTED_EDGE ( 'NONE', *, *, #4152, .F. ) ;
#8029 = CARTESIAN_POINT ( 'NONE',  ( 10.00000000000000178, -12.37999999999999901, -7.499999999999999112 ) ) ;
#8030 = AXIS2_PLACEMENT_3D ( 'NONE', #3424, #7185, #432 ) ;
#8031 = CARTESIAN_POINT ( 'NONE',  ( -3.000000000000001776, -12.37999999999999901, -7.499999999999998224 ) ) ;
#8032 = CARTESIAN_POINT ( 'NONE',  ( 20.70000000000000284, -11.11999999999999744, -11.53041406348422626 ) ) ;
#8033 = EDGE_CURVE ( 'NONE', #2168, #1462, #8061, .T. ) ;
#8034 = CIRCLE ( 'NONE', #7553, 0.1200000000000003147 ) ;
#8035 = CARTESIAN_POINT ( 'NONE',  ( 27.00000000000000355, -12.49999999999999822, 7.833487943424975342 ) ) ;
#8036 = DIRECTION ( 'NONE',  ( 0.000000000000000000, 0.000000000000000000, -1.000000000000000000 ) ) ;
#8037 = ORIENTED_EDGE ( 'NONE', *, *, #9345, .T. ) ;
#8038 = CIRCLE ( 'NONE', #1406, 1.500000000000000000 ) ;
#8039 = CARTESIAN_POINT ( 'NONE',  ( 5.657868212060770629E-16, -12.49999999999999822, -2.119999999999998774 ) ) ;
#8040 = ORIENTED_EDGE ( 'NONE', *, *, #1280, .T. ) ;
#8041 = ORIENTED_EDGE ( 'NONE', *, *, #6097, .F. ) ;
#8042 = EDGE_LOOP ( 'NONE', ( #5610, #4382, #8975, #3048 ) ) ;
#8043 = EDGE_LOOP ( 'NONE', ( #5803, #7496, #5234, #8009, #5280, #5553, #2943, #8252, #8976, #2107, #3373, #4537, #8768, #3760, #1664, #1794, #6886, #9405, #4036, #1746, #6210, #7811, #1809, #7179, #9514, #1631 ) ) ;
#8044 = DIRECTION ( 'NONE',  ( 0.000000000000000000, -1.000000000000000000, 0.000000000000000000 ) ) ;
#8045 = ORIENTED_EDGE ( 'NONE', *, *, #3380, .F. ) ;
#8046 = CIRCLE ( 'NONE', #941, 0.1200000000000003147 ) ;
#8047 = EDGE_CURVE ( 'NONE', #5022, #8656, #9368, .T. ) ;
#8048 = EDGE_CURVE ( 'NONE', #501, #4134, #9689, .T. ) ;
#8049 = AXIS2_PLACEMENT_3D ( 'NONE', #2971, #5836, #8854 ) ;
#8050 = DIRECTION ( 'NONE',  ( 0.000000000000000000, -1.000000000000000000, 0.000000000000000000 ) ) ;
#8051 = EDGE_LOOP ( 'NONE', ( #7476, #7566, #6166, #4730 ) ) ;
#8052 = ORIENTED_EDGE ( 'NONE', *, *, #292, .T. ) ;
#8053 = FACE_OUTER_BOUND ( 'NONE', #8237, .T. ) ;
#8054 = AXIS2_PLACEMENT_3D ( 'NONE', #863, #4613, #8309 ) ;
#8055 = ORIENTED_EDGE ( 'NONE', *, *, #8288, .F. ) ;
#8056 = CARTESIAN_POINT ( 'NONE',  ( 19.68000000000000682, -11.00000000000000000, -11.53041406348422626 ) ) ;
#8057 = EDGE_LOOP ( 'NONE', ( #5225, #8684 ) ) ;
#8058 = VERTEX_POINT ( 'NONE', #7958 ) ;
#8059 = CIRCLE ( 'NONE', #1424, 4.619999999999998330 ) ;
#8060 = CIRCLE ( 'NONE', #7411, 0.1200000000000003147 ) ;
#8061 = LINE ( 'NONE', #4941, #2921 ) ;
#8062 = DIRECTION ( 'NONE',  ( 0.000000000000000000, -1.000000000000000000, 0.000000000000000000 ) ) ;
#8063 = CARTESIAN_POINT ( 'NONE',  ( -9.999999999999927169, 1.727922061357856087, 1.000000000000101030 ) ) ;
#8064 = SURFACE_SIDE_STYLE ('',( #5820 ) ) ;
#8065 = AXIS2_PLACEMENT_3D ( 'NONE', #5388, #3244, #7002 ) ;
#8066 = CARTESIAN_POINT ( 'NONE',  ( 19.00000000000000355, 12.38000000000000078, 17.50000000000000355 ) ) ;
#8067 = CARTESIAN_POINT ( 'NONE',  ( 8.505345872712830158, 0.7488776537524508559, 17.38000000000000611 ) ) ;
#8068 = VECTOR ( 'NONE', #4523, 1000.000000000000000 ) ;
#8069 = VERTEX_POINT ( 'NONE', #8686 ) ;
#8070 = DIRECTION ( 'NONE',  ( 0.000000000000000000, -1.000000000000000000, 0.000000000000000000 ) ) ;
#8071 = CIRCLE ( 'NONE', #9465, 0.1199999999999999956 ) ;
#8072 = CARTESIAN_POINT ( 'NONE',  ( 6.999999999999999112, 1.727922061357856087, 0.9999999999999510392 ) ) ;
#8073 = CYLINDRICAL_SURFACE ( 'NONE', #6398, 1.500000000000001332 ) ;
#8074 = DIRECTION ( 'NONE',  ( 0.000000000000000000, 0.000000000000000000, -1.000000000000000000 ) ) ;
#8075 = AXIS2_PLACEMENT_3D ( 'NONE', #7578, #6269, #421 ) ;
#8076 = CARTESIAN_POINT ( 'NONE',  ( 28.88000000000000256, -12.49999999999999822, 7.833487943424975342 ) ) ;
#8077 = FACE_OUTER_BOUND ( 'NONE', #4536, .T. ) ;
#8078 = CIRCLE ( 'NONE', #975, 1.619999999999996776 ) ;
#8079 = CARTESIAN_POINT ( 'NONE',  ( 0.000000000000000000, -11.11999999999999922, -2.119999999999998774 ) ) ;
#8080 = EDGE_CURVE ( 'NONE', #785, #8668, #2286, .T. ) ;
#8081 = ORIENTED_EDGE ( 'NONE', *, *, #240, .T. ) ;
#8082 = EDGE_LOOP ( 'NONE', ( #9064, #8384 ) ) ;
#8083 = AXIS2_PLACEMENT_3D ( 'NONE', #3952, #5533, #2571 ) ;
#8084 = DIRECTION ( 'NONE',  ( 0.000000000000000000, 0.000000000000000000, -1.000000000000000000 ) ) ;
#8085 = DIRECTION ( 'NONE',  ( -1.000000000000000000, -0.000000000000000000, -0.000000000000000000 ) ) ;
#8086 = DIRECTION ( 'NONE',  ( 0.000000000000000000, 0.000000000000000000, -1.000000000000000000 ) ) ;
#8087 = AXIS2_PLACEMENT_3D ( 'NONE', #723, #7518, #6772 ) ;
#8088 = CARTESIAN_POINT ( 'NONE',  ( 16.99999999999999645, -12.49999999999999822, -5.879999999999853344 ) ) ;
#8089 = ADVANCED_FACE ( 'NONE', ( #8837 ), #4502, .T. ) ;
#8090 = EDGE_CURVE ( 'NONE', #9495, #2896, #247, .T. ) ;
#8091 = LINE ( 'NONE', #6689, #8505 ) ;
#8092 = AXIS2_PLACEMENT_3D ( 'NONE', #1332, #4154, #4994 ) ;
#8093 = VERTEX_POINT ( 'NONE', #6360 ) ;
#8094 = VECTOR ( 'NONE', #912, 1000.000000000000000 ) ;
#8095 = EDGE_CURVE ( 'NONE', #9467, #4676, #1918, .T. ) ;
#8096 = CARTESIAN_POINT ( 'NONE',  ( 10.00000000000000178, 1.727922061357856087, -7.499999999999999112 ) ) ;
#8097 = EDGE_LOOP ( 'NONE', ( #1411, #7585, #7226, #6318 ) ) ;
#8098 = ORIENTED_EDGE ( 'NONE', *, *, #4051, .T. ) ;
#8099 = ORIENTED_EDGE ( 'NONE', *, *, #1564, .T. ) ;
#8100 = ORIENTED_EDGE ( 'NONE', *, *, #8024, .F. ) ;
#8101 = CARTESIAN_POINT ( 'NONE',  ( 16.99999999999999645, -11.11999999999999922, -5.879999999999853344 ) ) ;
#8102 = ORIENTED_EDGE ( 'NONE', *, *, #7900, .T. ) ;
#8103 = AXIS2_PLACEMENT_3D ( 'NONE', #3851, #3753, #6108 ) ;
#8104 = CARTESIAN_POINT ( 'NONE',  ( 27.50000000000000000, 10.49999999999999645, -14.49999999999999822 ) ) ;
#8105 = CARTESIAN_POINT ( 'NONE',  ( 2.428612866367529932E-14, -12.37999999999999901, 8.000000000000001776 ) ) ;
#8106 = CIRCLE ( 'NONE', #1155, 1.617476254756361476 ) ;
#8107 = EDGE_CURVE ( 'NONE', #5021, #9353, #2710, .T. ) ;
#8108 = EDGE_LOOP ( 'NONE', ( #8007, #2024, #4226, #3689 ) ) ;
#8109 = DIRECTION ( 'NONE',  ( 0.000000000000000000, 0.000000000000000000, 1.000000000000000000 ) ) ;
#8110 = EDGE_CURVE ( 'NONE', #5759, #9104, #1495, .T. ) ;
#8111 = ORIENTED_EDGE ( 'NONE', *, *, #6629, .F. ) ;
#8112 = EDGE_LOOP ( 'NONE', ( #8132, #725, #3440, #935 ) ) ;
#8113 = VECTOR ( 'NONE', #7902, 1000.000000000000000 ) ;
#8114 = CARTESIAN_POINT ( 'NONE',  ( 19.00000000000000355, 12.38000000000000078, 16.12000000000000099 ) ) ;
#8115 = CARTESIAN_POINT ( 'NONE',  ( 20.10000000000000853, -11.11999999999999744, -11.11041406348422811 ) ) ;
#8116 = CARTESIAN_POINT ( 'NONE',  ( 22.31512890129545568, 5.749999999999999112, -13.12000000000000099 ) ) ;
#8117 = ORIENTED_EDGE ( 'NONE', *, *, #3549, .F. ) ;
#8118 = CIRCLE ( 'NONE', #1941, 0.1200000000000003147 ) ;
#8119 = CARTESIAN_POINT ( 'NONE',  ( 24.49999999999999645, -12.37999999999999901, -7.499999999999999112 ) ) ;
#8120 = CARTESIAN_POINT ( 'NONE',  ( 21.50000000000000355, -12.37999999999998835, 10.33348794342497712 ) ) ;
#8121 = EDGE_CURVE ( 'NONE', #4268, #7426, #508, .T. ) ;
#8122 = EDGE_LOOP ( 'NONE', ( #1895, #7837, #2736, #8669 ) ) ;
#8123 = DIRECTION ( 'NONE',  ( 0.000000000000000000, 0.000000000000000000, -1.000000000000000000 ) ) ;
#8124 = CARTESIAN_POINT ( 'NONE',  ( 10.00000000000000178, -11.11999999999999922, -2.880000000000000782 ) ) ;
#8125 = DIRECTION ( 'NONE',  ( -0.000000000000000000, 1.508455196501571429E-16, -1.000000000000000000 ) ) ;
#8126 = CARTESIAN_POINT ( 'NONE',  ( -24.49999999999999645, -12.37999999999999901, 2.500000000000001332 ) ) ;
#8127 = DIRECTION ( 'NONE',  ( -1.000000000000000000, 0.000000000000000000, 0.000000000000000000 ) ) ;
#8128 = DIRECTION ( 'NONE',  ( 1.000000000000000000, 0.000000000000000000, 0.000000000000000000 ) ) ;
#8129 = CARTESIAN_POINT ( 'NONE',  ( 27.50000000000000000, 11.87999999999999901, -13.11999999999999922 ) ) ;
#8130 = AXIS2_PLACEMENT_3D ( 'NONE', #3167, #7715, #6172 ) ;
#8131 = VERTEX_POINT ( 'NONE', #4147 ) ;
#8132 = ORIENTED_EDGE ( 'NONE', *, *, #351, .T. ) ;
#8133 = DIRECTION ( 'NONE',  ( 0.000000000000000000, -1.000000000000000000, 0.000000000000000000 ) ) ;
#8134 = DIRECTION ( 'NONE',  ( -1.000000000000000000, 0.000000000000000000, 0.000000000000000000 ) ) ;
#8135 = LINE ( 'NONE', #2791, #3232 ) ;
#8136 = DIRECTION ( 'NONE',  ( -3.154042683594198572E-16, 0.000000000000000000, 1.000000000000000000 ) ) ;
#8137 = AXIS2_PLACEMENT_3D ( 'NONE', #7219, #2674, #5051 ) ;
#8138 = CIRCLE ( 'NONE', #3863, 0.5000000000000004441 ) ;
#8139 = EDGE_CURVE ( 'NONE', #9647, #767, #1806, .T. ) ;
#8140 = DIRECTION ( 'NONE',  ( 0.000000000000000000, -0.000000000000000000, 1.000000000000000000 ) ) ;
#8141 = CARTESIAN_POINT ( 'NONE',  ( 9.999999999999927169, -11.11999999999999922, 1.000000000000101030 ) ) ;
#8142 = AXIS2_PLACEMENT_3D ( 'NONE', #8006, #4248, #4304 ) ;
#8143 = EDGE_LOOP ( 'NONE', ( #6081, #8041, #2968, #6263, #541 ) ) ;
#8144 = VERTEX_POINT ( 'NONE', #5721 ) ;
#8145 = AXIS2_PLACEMENT_3D ( 'NONE', #2636, #3328, #1797 ) ;
#8146 = ORIENTED_EDGE ( 'NONE', *, *, #8974, .T. ) ;
#8147 = EDGE_LOOP ( 'NONE', ( #848, #8624, #1128, #3591 ) ) ;
#8148 = CARTESIAN_POINT ( 'NONE',  ( 2.446982568354740204E-14, 1.727922061357856087, 11.00000000000000178 ) ) ;
#8149 = EDGE_CURVE ( 'NONE', #6410, #5760, #1183, .T. ) ;
#8150 = ORIENTED_EDGE ( 'NONE', *, *, #2588, .T. ) ;
#8151 = CIRCLE ( 'NONE', #4824, 2.000000000000000000 ) ;
#8152 = FACE_OUTER_BOUND ( 'NONE', #1173, .T. ) ;
#8153 = TOROIDAL_SURFACE ( 'NONE', #3880, 0.4199999999999999289, 0.1199999999999999956 ) ;
#8154 = ORIENTED_EDGE ( 'NONE', *, *, #6770, .F. ) ;
#8155 = DIRECTION ( 'NONE',  ( 0.000000000000000000, 0.000000000000000000, -1.000000000000000000 ) ) ;
#8156 = ADVANCED_FACE ( 'NONE', ( #1967 ), #568, .T. ) ;
#8157 = ORIENTED_EDGE ( 'NONE', *, *, #268, .T. ) ;
#8158 = ORIENTED_EDGE ( 'NONE', *, *, #6706, .T. ) ;
#8159 = CYLINDRICAL_SURFACE ( 'NONE', #1939, 1.499999999999999556 ) ;
#8160 = VECTOR ( 'NONE', #6866, 1000.000000000000000 ) ;
#8161 = DIRECTION ( 'NONE',  ( 0.000000000000000000, 0.000000000000000000, -1.000000000000000000 ) ) ;
#8162 = CYLINDRICAL_SURFACE ( 'NONE', #6387, 0.1199999999999985800 ) ;
#8163 = ORIENTED_EDGE ( 'NONE', *, *, #8739, .T. ) ;
#8164 = ADVANCED_FACE ( 'NONE', ( #9516 ), #3074, .T. ) ;
#8165 = ORIENTED_EDGE ( 'NONE', *, *, #3115, .F. ) ;
#8166 = LINE ( 'NONE', #8844, #5710 ) ;
#8167 = CIRCLE ( 'NONE', #6406, 1.499999999999999556 ) ;
#8168 = ORIENTED_EDGE ( 'NONE', *, *, #8744, .F. ) ;
#8169 = FACE_OUTER_BOUND ( 'NONE', #8345, .T. ) ;
#8170 = CYLINDRICAL_SURFACE ( 'NONE', #1246, 4.499999999999998224 ) ;
#8171 = LINE ( 'NONE', #1391, #7659 ) ;
#8172 = EDGE_CURVE ( 'NONE', #1175, #15, #4344, .T. ) ;
#8173 = DIRECTION ( 'NONE',  ( 0.000000000000000000, 0.000000000000000000, 1.000000000000000000 ) ) ;
#8174 = FACE_OUTER_BOUND ( 'NONE', #8732, .T. ) ;
#8175 = CARTESIAN_POINT ( 'NONE',  ( 16.99999999999999645, -11.00000000000000000, -5.879999999999853344 ) ) ;
#8176 = DIRECTION ( 'NONE',  ( -0.000000000000000000, 1.000000000000000000, -0.000000000000000000 ) ) ;
#8177 = VERTEX_POINT ( 'NONE', #9201 ) ;
#8178 = FACE_BOUND ( 'NONE', #2986, .T. ) ;
#8179 = DIRECTION ( 'NONE',  ( -0.000000000000000000, 1.000000000000000000, -0.000000000000000000 ) ) ;
#8180 = LINE ( 'NONE', #1945, #5599 ) ;
#8181 = AXIS2_PLACEMENT_3D ( 'NONE', #7391, #5906, #641 ) ;
#8182 = DIRECTION ( 'NONE',  ( -0.000000000000000000, -0.000000000000000000, 1.000000000000000000 ) ) ;
#8183 = DIRECTION ( 'NONE',  ( 0.000000000000000000, -1.000000000000000000, 0.000000000000000000 ) ) ;
#8184 = VECTOR ( 'NONE', #2256, 1000.000000000000000 ) ;
#8185 = CARTESIAN_POINT ( 'NONE',  ( 15.49887765375237692, 0.6246541272872886408, 16.12000000000000099 ) ) ;
#8186 = ORIENTED_EDGE ( 'NONE', *, *, #7519, .T. ) ;
#8187 = VERTEX_POINT ( 'NONE', #3043 ) ;
#8188 = ORIENTED_EDGE ( 'NONE', *, *, #3907, .F. ) ;
#8189 = ORIENTED_EDGE ( 'NONE', *, *, #29, .T. ) ;
#8190 = DIRECTION ( 'NONE',  ( 0.000000000000000000, 0.000000000000000000, -1.000000000000000000 ) ) ;
#8191 = FACE_BOUND ( 'NONE', #2301, .T. ) ;
#8192 = AXIS2_PLACEMENT_3D ( 'NONE', #1368, #3645, #3046 ) ;
#8193 = ORIENTED_EDGE ( 'NONE', *, *, #8460, .T. ) ;
#8194 = DIRECTION ( 'NONE',  ( -1.000000000000000000, 0.000000000000000000, 0.000000000000000000 ) ) ;
#8195 = ORIENTED_EDGE ( 'NONE', *, *, #2288, .F. ) ;
#8196 = ORIENTED_EDGE ( 'NONE', *, *, #4605, .F. ) ;
#8197 = AXIS2_PLACEMENT_3D ( 'NONE', #8899, #3614, #9576 ) ;
#8198 = EDGE_CURVE ( 'NONE', #6621, #8010, #6857, .T. ) ;
#8199 = CARTESIAN_POINT ( 'NONE',  ( 16.99999999999999645, 1.727922061357856087, -7.499999999999852562 ) ) ;
#8200 = DIRECTION ( 'NONE',  ( -1.000000000000000000, 0.000000000000000000, 0.000000000000000000 ) ) ;
#8201 = LINE ( 'NONE', #5143, #894 ) ;
#8202 = EDGE_CURVE ( 'NONE', #6262, #3049, #8138, .T. ) ;
#8203 = ADVANCED_FACE ( 'NONE', ( #6740 ), #6375, .T. ) ;
#8204 = VECTOR ( 'NONE', #8541, 1000.000000000000000 ) ;
#8205 = ORIENTED_EDGE ( 'NONE', *, *, #9389, .F. ) ;
#8206 = DIRECTION ( 'NONE',  ( 0.000000000000000000, -1.000000000000000000, 0.000000000000000000 ) ) ;
#8207 = VECTOR ( 'NONE', #8799, 1000.000000000000000 ) ;
#8208 = CARTESIAN_POINT ( 'NONE',  ( 21.00000000000000000, 10.49999999999999822, -14.37999999999999723 ) ) ;
#8209 = VECTOR ( 'NONE', #3365, 1000.000000000000000 ) ;
#8210 = ADVANCED_FACE ( 'NONE', ( #6050 ), #7652, .T. ) ;
#8211 = EDGE_LOOP ( 'NONE', ( #6423, #2264, #4286, #602 ) ) ;
#8212 = DIRECTION ( 'NONE',  ( 0.000000000000000000, 0.000000000000000000, -1.000000000000000000 ) ) ;
#8213 = TOROIDAL_SURFACE ( 'NONE', #6140, 1.620000000000001217, 0.1199999999999999956 ) ;
#8214 = FACE_BOUND ( 'NONE', #1149, .T. ) ;
#8215 = DIRECTION ( 'NONE',  ( 1.000000000000000000, -0.000000000000000000, 3.154042683594198572E-16 ) ) ;
#8216 = TOROIDAL_SURFACE ( 'NONE', #4101, 1.620000000000000773, 0.1199999999999999956 ) ;
#8217 = DIRECTION ( 'NONE',  ( -0.000000000000000000, -1.000000000000000000, -1.508455196501571429E-16 ) ) ;
#8218 = CARTESIAN_POINT ( 'NONE',  ( 2.428612866367529932E-14, -12.49999999999999822, 9.500000000000001776 ) ) ;
#8219 = CARTESIAN_POINT ( 'NONE',  ( -10.12534587271282582, 0.7488776537524508559, 16.12000000000000099 ) ) ;
#8220 = CIRCLE ( 'NONE', #2375, 1.684871098704545433 ) ;
#8221 = LINE ( 'NONE', #8499, #7595 ) ;
#8222 = AXIS2_PLACEMENT_3D ( 'NONE', #4835, #1129, #5472 ) ;
#8223 = ADVANCED_FACE ( 'NONE', ( #6889 ), #8286, .F. ) ;
#8224 = EDGE_CURVE ( 'NONE', #2209, #6351, #9224, .T. ) ;
#8225 = VERTEX_POINT ( 'NONE', #883 ) ;
#8226 = DIRECTION ( 'NONE',  ( 1.000000000000000000, 0.000000000000000000, 0.000000000000000000 ) ) ;
#8227 = CARTESIAN_POINT ( 'NONE',  ( -7.309367407855822930E-14, -12.37999999999999901, -6.119999999999998330 ) ) ;
#8228 = CARTESIAN_POINT ( 'NONE',  ( -10.00000000000002665, -11.11999999999999922, -14.49999999999990230 ) ) ;
#8229 = CIRCLE ( 'NONE', #2532, 0.1199999999999985800 ) ;
#8230 = DIRECTION ( 'NONE',  ( 0.000000000000000000, 0.000000000000000000, -1.000000000000000000 ) ) ;
#8231 = AXIS2_PLACEMENT_3D ( 'NONE', #350, #2562, #2507 ) ;
#8232 = LINE ( 'NONE', #1404, #4081 ) ;
#8233 = VECTOR ( 'NONE', #1937, 1000.000000000000000 ) ;
#8234 = DIRECTION ( 'NONE',  ( 1.000000000000000000, -0.000000000000000000, -0.000000000000000000 ) ) ;
#8235 = ORIENTED_EDGE ( 'NONE', *, *, #844, .T. ) ;
#8236 = VERTEX_POINT ( 'NONE', #6933 ) ;
#8237 = EDGE_LOOP ( 'NONE', ( #4596, #2424, #6696, #4278 ) ) ;
#8238 = ORIENTED_EDGE ( 'NONE', *, *, #2403, .F. ) ;
#8239 = DIRECTION ( 'NONE',  ( 0.000000000000000000, -1.000000000000000000, -1.508455196501571429E-16 ) ) ;
#8240 = CIRCLE ( 'NONE', #3814, 0.1200000000000003147 ) ;
#8241 = EDGE_LOOP ( 'NONE', ( #3521, #6755, #7076, #2954 ) ) ;
#8242 = FACE_BOUND ( 'NONE', #3567, .T. ) ;
#8243 = AXIS2_PLACEMENT_3D ( 'NONE', #3710, #2962, #3520 ) ;
#8244 = ORIENTED_EDGE ( 'NONE', *, *, #240, .F. ) ;
#8245 = ORIENTED_EDGE ( 'NONE', *, *, #9398, .T. ) ;
#8246 = ORIENTED_EDGE ( 'NONE', *, *, #1619, .T. ) ;
#8247 = ORIENTED_EDGE ( 'NONE', *, *, #6129, .F. ) ;
#8248 = TOROIDAL_SURFACE ( 'NONE', #4300, 4.619999999999998330, 0.1199999999999999956 ) ;
#8249 = LINE ( 'NONE', #4447, #9335 ) ;
#8250 = CYLINDRICAL_SURFACE ( 'NONE', #4735, 0.1199999999999985800 ) ;
#8251 = FACE_OUTER_BOUND ( 'NONE', #6574, .T. ) ;
#8252 = ORIENTED_EDGE ( 'NONE', *, *, #9567, .T. ) ;
#8253 = ORIENTED_EDGE ( 'NONE', *, *, #8967, .T. ) ;
#8254 = ADVANCED_FACE ( 'NONE', ( #3883 ), #5096, .F. ) ;
#8255 = CARTESIAN_POINT ( 'NONE',  ( -10.12534587271282582, 0.7488776537524508559, 17.38000000000000611 ) ) ;
#8256 = TOROIDAL_SURFACE ( 'NONE', #6827, 1.620000000000000329, 0.1199999999999999956 ) ;
#8257 = CARTESIAN_POINT ( 'NONE',  ( 21.00000000000000000, -12.37999999999998835, -11.53041406348422626 ) ) ;
#8258 = EDGE_CURVE ( 'NONE', #3050, #9635, #4506, .T. ) ;
#8259 = EDGE_CURVE ( 'NONE', #2697, #7846, #253, .T. ) ;
#8260 = VECTOR ( 'NONE', #9475, 1000.000000000000000 ) ;
#8261 = CARTESIAN_POINT ( 'NONE',  ( 28.88000000000000256, -10.49999999999999822, -12.49999999999999822 ) ) ;
#8262 = EDGE_LOOP ( 'NONE', ( #188, #6787, #2788, #702 ) ) ;
#8263 = CARTESIAN_POINT ( 'NONE',  ( -4.501122346247669270, 0.8753458727129065364, 16.12000000000000099 ) ) ;
#8264 = DIRECTION ( 'NONE',  ( -1.000000000000000000, -0.000000000000000000, -2.891205793294696372E-15 ) ) ;
#8265 = VECTOR ( 'NONE', #9645, 1000.000000000000000 ) ;
#8266 = DIRECTION ( 'NONE',  ( 0.000000000000000000, -1.508455196501571429E-16, 1.000000000000000000 ) ) ;
#8267 = ADVANCED_FACE ( 'NONE', ( #9738 ), #6552, .T. ) ;
#8268 = DIRECTION ( 'NONE',  ( -1.000000000000000000, -0.000000000000000000, -0.000000000000000000 ) ) ;
#8269 = CARTESIAN_POINT ( 'NONE',  ( 21.00000000000000000, -11.11999999999999744, 15.50000000000000178 ) ) ;
#8270 = EDGE_CURVE ( 'NONE', #7192, #4298, #8294, .T. ) ;
#8271 = EDGE_LOOP ( 'NONE', ( #1902, #3495, #8486, #3678, #7043 ) ) ;
#8272 = FACE_OUTER_BOUND ( 'NONE', #6195, .T. ) ;
#8273 = DIRECTION ( 'NONE',  ( -0.000000000000000000, -1.000000000000000000, -0.000000000000000000 ) ) ;
#8274 = DIRECTION ( 'NONE',  ( -0.000000000000000000, -0.000000000000000000, 1.000000000000000000 ) ) ;
#8275 = DIRECTION ( 'NONE',  ( 0.000000000000000000, 0.000000000000000000, -1.000000000000000000 ) ) ;
#8276 = EDGE_CURVE ( 'NONE', #1577, #5170, #3394, .T. ) ;
#8277 = EDGE_CURVE ( 'NONE', #7702, #9356, #8919, .T. ) ;
#8278 = FACE_BOUND ( 'NONE', #1312, .T. ) ;
#8279 = AXIS2_PLACEMENT_3D ( 'NONE', #5406, #3910, #6918 ) ;
#8280 = CYLINDRICAL_SURFACE ( 'NONE', #9622, 1.499999999999997780 ) ;
#8281 = DIRECTION ( 'NONE',  ( 0.000000000000000000, -1.000000000000000000, -0.000000000000000000 ) ) ;
#8282 = ORIENTED_EDGE ( 'NONE', *, *, #1189, .F. ) ;
#8283 = ORIENTED_EDGE ( 'NONE', *, *, #8448, .F. ) ;
#8284 = EDGE_LOOP ( 'NONE', ( #696, #6393, #5997, #7255 ) ) ;
#8285 = CARTESIAN_POINT ( 'NONE',  ( -27.50000000000000000, 10.49999999999999112, -14.37999999999999723 ) ) ;
#8286 = CYLINDRICAL_SURFACE ( 'NONE', #4021, 1.500000000000000444 ) ;
#8287 = VECTOR ( 'NONE', #5816, 1000.000000000000000 ) ;
#8288 = EDGE_CURVE ( 'NONE', #8426, #4193, #2295, .T. ) ;
#8289 = EDGE_CURVE ( 'NONE', #1021, #4780, #2142, .T. ) ;
#8290 = DIRECTION ( 'NONE',  ( 0.000000000000000000, -1.000000000000000000, 0.000000000000000000 ) ) ;
#8291 = ORIENTED_EDGE ( 'NONE', *, *, #1201, .F. ) ;
#8292 = EDGE_LOOP ( 'NONE', ( #469, #5179, #1178, #4684 ) ) ;
#8293 = CIRCLE ( 'NONE', #2294, 0.1199999999999998845 ) ;
#8294 = CIRCLE ( 'NONE', #1503, 1.620000000000000773 ) ;
#8295 = VERTEX_POINT ( 'NONE', #5365 ) ;
#8296 = FACE_OUTER_BOUND ( 'NONE', #7001, .T. ) ;
#8297 = VERTEX_POINT ( 'NONE', #8379 ) ;
#8298 = ORIENTED_EDGE ( 'NONE', *, *, #9228, .T. ) ;
#8299 = VERTEX_POINT ( 'NONE', #1611 ) ;
#8300 = DIRECTION ( 'NONE',  ( -1.000000000000000000, 0.000000000000000000, 0.000000000000000000 ) ) ;
#8301 = AXIS2_PLACEMENT_3D ( 'NONE', #4832, #8394, #6246 ) ;
#8302 = LINE ( 'NONE', #8938, #3948 ) ;
#8303 = CARTESIAN_POINT ( 'NONE',  ( 24.49999999999999645, 1.727922061357856087, 2.500000000000001332 ) ) ;
#8304 = AXIS2_PLACEMENT_3D ( 'NONE', #5012, #480, #9545 ) ;
#8305 = CARTESIAN_POINT ( 'NONE',  ( -20.88000000000000256, 10.50000000000000178, 16.00000000000000355 ) ) ;
#8306 = DIRECTION ( 'NONE',  ( -0.000000000000000000, -0.000000000000000000, 1.000000000000000000 ) ) ;
#8307 = AXIS2_PLACEMENT_3D ( 'NONE', #4164, #6625, #7273 ) ;
#8308 = CARTESIAN_POINT ( 'NONE',  ( 16.99887765375237692, 2.244654127287289302, 16.00000000000000000 ) ) ;
#8309 = DIRECTION ( 'NONE',  ( 0.000000000000000000, 0.000000000000000000, 1.000000000000000000 ) ) ;
#8310 = CARTESIAN_POINT ( 'NONE',  ( -1.381122346247666721, 0.8753458727129065364, 17.50000000000000355 ) ) ;
#8311 = CARTESIAN_POINT ( 'NONE',  ( -21.00000000000000000, 10.49999999999998934, 4.499999999999997335 ) ) ;
#8312 = CARTESIAN_POINT ( 'NONE',  ( 8.625345872712829376, 0.7488776537524510779, 16.12000000000000099 ) ) ;
#8313 = DIRECTION ( 'NONE',  ( -0.000000000000000000, -1.000000000000000000, -0.000000000000000000 ) ) ;
#8314 = CARTESIAN_POINT ( 'NONE',  ( 20.70000000000000284, -11.11999999999999744, -11.53041406348422626 ) ) ;
#8315 = VERTEX_POINT ( 'NONE', #4638 ) ;
#8316 = CYLINDRICAL_SURFACE ( 'NONE', #3306, 2.000000000000000000 ) ;
#8317 = EDGE_CURVE ( 'NONE', #5811, #9635, #3975, .T. ) ;
#8318 = DIRECTION ( 'NONE',  ( 0.000000000000000000, -1.000000000000000000, 0.000000000000000000 ) ) ;
#8319 = DIRECTION ( 'NONE',  ( 0.000000000000000000, 0.000000000000000000, 1.000000000000000000 ) ) ;
#8320 = CARTESIAN_POINT ( 'NONE',  ( 21.00000000000000000, 10.50000000000000178, 16.11999999999999744 ) ) ;
#8321 = EDGE_CURVE ( 'NONE', #5741, #2987, #4188, .T. ) ;
#8322 = DIRECTION ( 'NONE',  ( -1.000000000000000000, -0.000000000000000000, 0.000000000000000000 ) ) ;
#8323 = EDGE_CURVE ( 'NONE', #7606, #1218, #1349, .T. ) ;
#8324 = DIRECTION ( 'NONE',  ( -1.000000000000000000, 0.000000000000000000, 0.000000000000000000 ) ) ;
#8325 = DIRECTION ( 'NONE',  ( -0.000000000000000000, 1.000000000000000000, -0.000000000000000000 ) ) ;
#8326 = ORIENTED_EDGE ( 'NONE', *, *, #5500, .T. ) ;
#8327 = ORIENTED_EDGE ( 'NONE', *, *, #9528, .F. ) ;
#8328 = ORIENTED_EDGE ( 'NONE', *, *, #2814, .F. ) ;
#8329 = AXIS2_PLACEMENT_3D ( 'NONE', #1625, #4649, #205 ) ;
#8330 = EDGE_CURVE ( 'NONE', #3779, #2313, #4672, .T. ) ;
#8331 = DIRECTION ( 'NONE',  ( 0.000000000000000000, 0.000000000000000000, -1.000000000000000000 ) ) ;
#8332 = DIRECTION ( 'NONE',  ( 0.000000000000000000, -1.508455196501571429E-16, 1.000000000000000000 ) ) ;
#8333 = FACE_OUTER_BOUND ( 'NONE', #922, .T. ) ;
#8334 = VECTOR ( 'NONE', #3281, 1000.000000000000000 ) ;
#8335 = ORIENTED_EDGE ( 'NONE', *, *, #9228, .F. ) ;
#8336 = DIRECTION ( 'NONE',  ( 0.000000000000000000, -1.000000000000000000, 0.000000000000000000 ) ) ;
#8337 = ORIENTED_EDGE ( 'NONE', *, *, #682, .T. ) ;
#8338 = ORIENTED_EDGE ( 'NONE', *, *, #6690, .F. ) ;
#8339 = ADVANCED_FACE ( 'NONE', ( #6234 ), #3425, .F. ) ;
#8340 = ADVANCED_FACE ( 'NONE', ( #7081 ), #6278, .F. ) ;
#8341 = FACE_OUTER_BOUND ( 'NONE', #7, .T. ) ;
#8342 = CARTESIAN_POINT ( 'NONE',  ( 24.49999999999999645, 1.727922061357856087, -7.499999999999999112 ) ) ;
#8343 = DIRECTION ( 'NONE',  ( -0.000000000000000000, -0.000000000000000000, 1.000000000000000000 ) ) ;
#8344 = AXIS2_PLACEMENT_3D ( 'NONE', #698, #6003, #2208 ) ;
#8345 = EDGE_LOOP ( 'NONE', ( #2157, #3349, #6157, #4645 ) ) ;
#8346 = CARTESIAN_POINT ( 'NONE',  ( 9.874654127287220362, -6.248877653752255235, 10.50000000000001243 ) ) ;
#8347 = AXIS2_PLACEMENT_3D ( 'NONE', #6428, #4218, #6636 ) ;
#8348 = DIRECTION ( 'NONE',  ( 0.000000000000000000, 0.000000000000000000, -1.000000000000000000 ) ) ;
#8349 = CIRCLE ( 'NONE', #6125, 1.500000000000002220 ) ;
#8350 = DIRECTION ( 'NONE',  ( 0.000000000000000000, 0.000000000000000000, -1.000000000000000000 ) ) ;
#8351 = CARTESIAN_POINT ( 'NONE',  ( 10.00000000000000178, 1.727922061357856087, -7.499999999999999112 ) ) ;
#8352 = CARTESIAN_POINT ( 'NONE',  ( 21.12000000000000099, -10.49999999999999645, -12.50000000000000178 ) ) ;
#8353 = TOROIDAL_SURFACE ( 'NONE', #4574, 1.678920238245227292, 0.1199999999999999956 ) ;
#8354 = DIRECTION ( 'NONE',  ( 0.000000000000000000, -1.000000000000000000, 0.000000000000000000 ) ) ;
#8355 = DIRECTION ( 'NONE',  ( -0.000000000000000000, -1.000000000000000000, -0.000000000000000000 ) ) ;
#8356 = CIRCLE ( 'NONE', #1727, 1.500000000000002220 ) ;
#8357 = TOROIDAL_SURFACE ( 'NONE', #2993, 1.620000000000002549, 0.1199999999999999956 ) ;
#8358 = DIRECTION ( 'NONE',  ( 0.000000000000000000, 0.000000000000000000, -1.000000000000000000 ) ) ;
#8359 = DIRECTION ( 'NONE',  ( 0.000000000000000000, 0.000000000000000000, 1.000000000000000000 ) ) ;
#8360 = TOROIDAL_SURFACE ( 'NONE', #948, 1.620000000000000773, 0.1199999999999999956 ) ;
#8361 = ORIENTED_EDGE ( 'NONE', *, *, #3677, .F. ) ;
#8362 = CYLINDRICAL_SURFACE ( 'NONE', #4889, 0.2999999999999999334 ) ;
#8363 = AXIS2_PLACEMENT_3D ( 'NONE', #5577, #1830, #4845 ) ;
#8364 = AXIS2_PLACEMENT_3D ( 'NONE', #7688, #1702, #2405 ) ;
#8365 = DIRECTION ( 'NONE',  ( 0.000000000000000000, 1.000000000000000000, 0.000000000000000000 ) ) ;
#8366 = DIRECTION ( 'NONE',  ( 0.000000000000000000, 0.000000000000000000, 1.000000000000000000 ) ) ;
#8367 = AXIS2_PLACEMENT_3D ( 'NONE', #5283, #4398, #6610 ) ;
#8368 = CARTESIAN_POINT ( 'NONE',  ( -24.49999999999999645, -12.49999999999999822, -5.821079761754772264 ) ) ;
#8369 = ADVANCED_FACE ( 'NONE', ( #4860 ), #4816, .F. ) ;
#8370 = TOROIDAL_SURFACE ( 'NONE', #2057, 1.620000000000000773, 0.1199999999999999956 ) ;
#8371 = CARTESIAN_POINT ( 'NONE',  ( 28.88000000000000256, -11.11999999999999922, 7.833487943424975342 ) ) ;
#8372 = CARTESIAN_POINT ( 'NONE',  ( 19.68000000000000682, -12.37999999999999901, -11.53041406348422626 ) ) ;
#8373 = ORIENTED_EDGE ( 'NONE', *, *, #6672, .F. ) ;
#8374 = EDGE_LOOP ( 'NONE', ( #3204, #3597 ) ) ;
#8375 = EDGE_LOOP ( 'NONE', ( #9735, #7691, #5228, #8828 ) ) ;
#8376 = AXIS2_PLACEMENT_3D ( 'NONE', #6039, #1648, #5259 ) ;
#8377 = EDGE_CURVE ( 'NONE', #8656, #1518, #5290, .T. ) ;
#8378 = DIRECTION ( 'NONE',  ( 0.000000000000000000, 0.000000000000000000, -1.000000000000000000 ) ) ;
#8379 = CARTESIAN_POINT ( 'NONE',  ( -20.10000000000000853, -12.49999999999999822, -11.11041406348422633 ) ) ;
#8380 = ADVANCED_FACE ( 'NONE', ( #3376 ), #9697, .T. ) ;
#8381 = CARTESIAN_POINT ( 'NONE',  ( 9.999999999999927169, 1.727922061357856087, -0.4999999999998998579 ) ) ;
#8382 = VECTOR ( 'NONE', #4010, 1000.000000000000000 ) ;
#8383 = ADVANCED_FACE ( 'NONE', ( #9342 ), #8518, .F. ) ;
#8384 = ORIENTED_EDGE ( 'NONE', *, *, #1910, .T. ) ;
#8385 = VECTOR ( 'NONE', #5638, 1000.000000000000000 ) ;
#8386 = ORIENTED_EDGE ( 'NONE', *, *, #8862, .F. ) ;
#8387 = CARTESIAN_POINT ( 'NONE',  ( 10.12534587271282582, 0.7488776537524508559, 17.38000000000000611 ) ) ;
#8388 = ORIENTED_EDGE ( 'NONE', *, *, #1433, .T. ) ;
#8389 = VERTEX_POINT ( 'NONE', #7830 ) ;
#8390 = ORIENTED_EDGE ( 'NONE', *, *, #5207, .T. ) ;
#8391 = DIRECTION ( 'NONE',  ( 0.000000000000000000, 0.000000000000000000, -1.000000000000000000 ) ) ;
#8392 = AXIS2_PLACEMENT_3D ( 'NONE', #7110, #9271, #9369 ) ;
#8393 = DIRECTION ( 'NONE',  ( -0.000000000000000000, -0.000000000000000000, 1.000000000000000000 ) ) ;
#8394 = DIRECTION ( 'NONE',  ( -0.000000000000000000, 1.000000000000000000, 0.000000000000000000 ) ) ;
#8395 = AXIS2_PLACEMENT_3D ( 'NONE', #1003, #7570, #7710 ) ;
#8396 = EDGE_LOOP ( 'NONE', ( #1675, #1224 ) ) ;
#8397 = EDGE_CURVE ( 'NONE', #7280, #924, #5451, .T. ) ;
#8398 = ORIENTED_EDGE ( 'NONE', *, *, #7380, .F. ) ;
#8399 = EDGE_CURVE ( 'NONE', #4223, #8315, #1814, .T. ) ;
#8400 = FACE_OUTER_BOUND ( 'NONE', #5326, .T. ) ;
#8401 = CIRCLE ( 'NONE', #4628, 1.999999999999998224 ) ;
#8402 = CARTESIAN_POINT ( 'NONE',  ( -21.00000000000000000, -11.11999999999999744, -11.53041406348422626 ) ) ;
#8403 = CARTESIAN_POINT ( 'NONE',  ( -20.87999999999999190, -10.49999999999999822, 17.50000000000000355 ) ) ;
#8404 = DIRECTION ( 'NONE',  ( -1.000000000000000000, 0.000000000000000000, 0.000000000000000000 ) ) ;
#8405 = DIRECTION ( 'NONE',  ( 0.000000000000000000, 0.000000000000000000, -1.000000000000000000 ) ) ;
#8406 = VECTOR ( 'NONE', #4683, 1000.000000000000000 ) ;
#8407 = EDGE_CURVE ( 'NONE', #1925, #4335, #1016, .T. ) ;
#8408 = CARTESIAN_POINT ( 'NONE',  ( -21.12000000000000099, 27.00000000000000355, -13.11999999999999922 ) ) ;
#8409 = CARTESIAN_POINT ( 'NONE',  ( -24.49999999999999645, -11.11999999999999922, -7.499999999999999112 ) ) ;
#8410 = CIRCLE ( 'NONE', #7463, 1.620000000000001661 ) ;
#8411 = DIRECTION ( 'NONE',  ( 0.000000000000000000, 0.000000000000000000, -1.000000000000000000 ) ) ;
#8412 = DIRECTION ( 'NONE',  ( 0.000000000000000000, -1.000000000000000000, -0.000000000000000000 ) ) ;
#8413 = AXIS2_PLACEMENT_3D ( 'NONE', #6282, #1849, #8473 ) ;
#8414 = LINE ( 'NONE', #1646, #311 ) ;
#8415 = CARTESIAN_POINT ( 'NONE',  ( -17.80000000000000782, -12.37999999999997414, -19.50000000000000355 ) ) ;
#8416 = CARTESIAN_POINT ( 'NONE',  ( 10.12534587271282582, 9.368877653752452517, 16.00000000000000355 ) ) ;
#8417 = AXIS2_PLACEMENT_3D ( 'NONE', #8750, #2139, #8950 ) ;
#8418 = ORIENTED_EDGE ( 'NONE', *, *, #5194, .F. ) ;
#8419 = VERTEX_POINT ( 'NONE', #6984 ) ;
#8420 = EDGE_LOOP ( 'NONE', ( #7160, #9026, #7685, #8481 ) ) ;
#8421 = ORIENTED_EDGE ( 'NONE', *, *, #9454, .T. ) ;
#8422 = VECTOR ( 'NONE', #2969, 1000.000000000000000 ) ;
#8423 = DIRECTION ( 'NONE',  ( 0.000000000000000000, 0.000000000000000000, 1.000000000000000000 ) ) ;
#8424 = DIRECTION ( 'NONE',  ( 0.000000000000000000, -1.000000000000000000, 0.000000000000000000 ) ) ;
#8425 = ADVANCED_FACE ( 'NONE', ( #386 ), #4123, .F. ) ;
#8426 = VERTEX_POINT ( 'NONE', #8615 ) ;
#8427 = DIRECTION ( 'NONE',  ( 0.000000000000000000, 1.000000000000000000, 0.000000000000000000 ) ) ;
#8428 = TOROIDAL_SURFACE ( 'NONE', #1484, 1.620000000000002549, 0.1199999999999999956 ) ;
#8429 = CARTESIAN_POINT ( 'NONE',  ( -6.999999999999999112, -12.49999999999999822, 0.8800000000000018918 ) ) ;
#8430 = EDGE_LOOP ( 'NONE', ( #4548, #5169, #7265, #5594 ) ) ;
#8431 = ORIENTED_EDGE ( 'NONE', *, *, #6622, .T. ) ;
#8432 = CIRCLE ( 'NONE', #4174, 1.500000000000003109 ) ;
#8433 = VERTEX_POINT ( 'NONE', #1749 ) ;
#8434 = DIRECTION ( 'NONE',  ( 0.000000000000000000, 0.000000000000000000, 1.000000000000000000 ) ) ;
#8435 = EDGE_CURVE ( 'NONE', #1698, #7192, #8446, .T. ) ;
#8436 = DIRECTION ( 'NONE',  ( -0.000000000000000000, -0.000000000000000000, 1.000000000000000000 ) ) ;
#8437 = AXIS2_PLACEMENT_3D ( 'NONE', #2925, #2181, #2377 ) ;
#8438 = VECTOR ( 'NONE', #7009, 1000.000000000000000 ) ;
#8439 = ORIENTED_EDGE ( 'NONE', *, *, #6915, .T. ) ;
#8440 = EDGE_CURVE ( 'NONE', #7945, #9458, #1845, .T. ) ;
#8441 = DIRECTION ( 'NONE',  ( 0.000000000000000000, -1.508455196501571429E-16, 1.000000000000000000 ) ) ;
#8442 = DIRECTION ( 'NONE',  ( 0.000000000000000000, 0.000000000000000000, -1.000000000000000000 ) ) ;
#8443 = ORIENTED_EDGE ( 'NONE', *, *, #3608, .T. ) ;
#8444 = ORIENTED_EDGE ( 'NONE', *, *, #4095, .F. ) ;
#8445 = AXIS2_PLACEMENT_3D ( 'NONE', #3749, #6754, #12 ) ;
#8446 = CIRCLE ( 'NONE', #4356, 0.1199999999999998845 ) ;
#8447 = CARTESIAN_POINT ( 'NONE',  ( -3.001122346247667938, 2.495345872712907642, 16.12000000000000099 ) ) ;
#8448 = EDGE_CURVE ( 'NONE', #5807, #6102, #2454, .T. ) ;
#8449 = CARTESIAN_POINT ( 'NONE',  ( 10.12534587271282582, 7.748877653752450634, 17.50000000000000355 ) ) ;
#8450 = DIRECTION ( 'NONE',  ( -1.000000000000000000, 0.000000000000000000, 0.000000000000000000 ) ) ;
#8451 = DIRECTION ( 'NONE',  ( -1.000000000000000000, -0.000000000000000000, -0.000000000000000000 ) ) ;
#8452 = CIRCLE ( 'NONE', #3870, 0.1199999999999985800 ) ;
#8453 = CARTESIAN_POINT ( 'NONE',  ( -9.999999999999927169, 1.727922061357856087, -0.4999999999998998579 ) ) ;
#8454 = CIRCLE ( 'NONE', #3089, 0.1200000000000003147 ) ;
#8455 = CARTESIAN_POINT ( 'NONE',  ( -21.50000000000000711, 27.00000000000000355, 9.833487943424977118 ) ) ;
#8456 = AXIS2_PLACEMENT_3D ( 'NONE', #2060, #7097, #7302 ) ;
#8457 = LINE ( 'NONE', #9234, #8882 ) ;
#8458 = CARTESIAN_POINT ( 'NONE',  ( 3.000000000000001776, 1.727922061357856087, -5.999999999999997335 ) ) ;
#8459 = EDGE_CURVE ( 'NONE', #575, #3101, #8180, .T. ) ;
#8460 = EDGE_CURVE ( 'NONE', #2914, #5904, #3720, .T. ) ;
#8461 = LINE ( 'NONE', #4008, #8822 ) ;
#8462 = FACE_OUTER_BOUND ( 'NONE', #8042, .T. ) ;
#8463 = DIRECTION ( 'NONE',  ( -0.000000000000000000, 1.000000000000000000, -0.000000000000000000 ) ) ;
#8464 = CARTESIAN_POINT ( 'NONE',  ( -29.00000000000000000, -11.11999999999999922, 15.50000000000000178 ) ) ;
#8465 = CARTESIAN_POINT ( 'NONE',  ( -21.00000000000000000, -10.49999999999999645, -14.38000000000000256 ) ) ;
#8466 = ORIENTED_EDGE ( 'NONE', *, *, #8459, .T. ) ;
#8467 = ORIENTED_EDGE ( 'NONE', *, *, #7557, .F. ) ;
#8468 = DIRECTION ( 'NONE',  ( -0.000000000000000000, -0.000000000000000000, 1.000000000000000000 ) ) ;
#8469 = DIRECTION ( 'NONE',  ( 1.000000000000000000, 0.000000000000000000, -1.224646799147353207E-16 ) ) ;
#8470 = ORIENTED_EDGE ( 'NONE', *, *, #3518, .T. ) ;
#8471 = CIRCLE ( 'NONE', #6898, 0.4200000000000002620 ) ;
#8472 = ORIENTED_EDGE ( 'NONE', *, *, #8288, .T. ) ;
#8473 = DIRECTION ( 'NONE',  ( 0.000000000000000000, -1.000000000000000000, -1.508455196501571429E-16 ) ) ;
#8474 = EDGE_LOOP ( 'NONE', ( #8186, #4635, #1339, #4988 ) ) ;
#8475 = ORIENTED_EDGE ( 'NONE', *, *, #1695, .T. ) ;
#8476 = DIRECTION ( 'NONE',  ( -0.000000000000000000, 1.508455196501571429E-16, -1.000000000000000000 ) ) ;
#8477 = ORIENTED_EDGE ( 'NONE', *, *, #9530, .T. ) ;
#8478 = EDGE_LOOP ( 'NONE', ( #6981, #5750, #8933, #1287 ) ) ;
#8479 = DIRECTION ( 'NONE',  ( 0.000000000000000000, 0.000000000000000000, -1.000000000000000000 ) ) ;
#8480 = CARTESIAN_POINT ( 'NONE',  ( 20.88000000000000256, -12.49999999999999822, 15.50000000000000178 ) ) ;
#8481 = ORIENTED_EDGE ( 'NONE', *, *, #4605, .T. ) ;
#8482 = ORIENTED_EDGE ( 'NONE', *, *, #2481, .T. ) ;
#8483 = DIRECTION ( 'NONE',  ( 0.000000000000000000, 0.000000000000000000, -1.000000000000000000 ) ) ;
#8484 = ADVANCED_FACE ( 'NONE', ( #7382 ), #6712, .T. ) ;
#8485 = DIRECTION ( 'NONE',  ( 0.000000000000000000, -1.000000000000000000, 0.000000000000000000 ) ) ;
#8486 = ORIENTED_EDGE ( 'NONE', *, *, #1366, .F. ) ;
#8487 = ORIENTED_EDGE ( 'NONE', *, *, #505, .T. ) ;
#8488 = AXIS2_PLACEMENT_3D ( 'NONE', #6590, #7428, #5065 ) ;
#8489 = EDGE_LOOP ( 'NONE', ( #1829, #3656, #8819, #8626, #748 ) ) ;
#8490 = DIRECTION ( 'NONE',  ( 0.000000000000000000, 0.000000000000000000, -1.000000000000000000 ) ) ;
#8491 = ADVANCED_FACE ( 'NONE', ( #4968 ), #1661, .T. ) ;
#8492 = FACE_OUTER_BOUND ( 'NONE', #4496, .T. ) ;
#8493 = FACE_OUTER_BOUND ( 'NONE', #3206, .T. ) ;
#8494 = EDGE_CURVE ( 'NONE', #2313, #9395, #7187, .T. ) ;
#8495 = DIRECTION ( 'NONE',  ( -5.811872027389895469E-16, 0.000000000000000000, 1.000000000000000000 ) ) ;
#8496 = DIRECTION ( 'NONE',  ( 1.000000000000000000, 0.000000000000000000, 1.224646799147352961E-16 ) ) ;
#8497 = EDGE_CURVE ( 'NONE', #2253, #1416, #8135, .T. ) ;
#8498 = AXIS2_PLACEMENT_3D ( 'NONE', #1847, #8036, #8714 ) ;
#8499 = CARTESIAN_POINT ( 'NONE',  ( 19.80000000000000071, -12.37999999999998835, -17.50000000000000000 ) ) ;
#8500 = DIRECTION ( 'NONE',  ( 1.000000000000000000, -1.224646799147352961E-16, -1.847324828052840849E-32 ) ) ;
#8501 = CARTESIAN_POINT ( 'NONE',  ( 24.49999999999999645, -11.00000000000000000, -7.499999999999999112 ) ) ;
#8502 = AXIS2_PLACEMENT_3D ( 'NONE', #617, #7272, #6580 ) ;
#8503 = DIRECTION ( 'NONE',  ( -0.000000000000000000, 1.000000000000000000, 0.000000000000000000 ) ) ;
#8504 = DIRECTION ( 'NONE',  ( 0.000000000000000000, 0.000000000000000000, -1.000000000000000000 ) ) ;
#8505 = VECTOR ( 'NONE', #8183, 1000.000000000000000 ) ;
#8506 = LINE ( 'NONE', #2531, #3962 ) ;
#8507 = CARTESIAN_POINT ( 'NONE',  ( -24.49999999999999645, -12.37999999999999901, -7.499999999999999112 ) ) ;
#8508 = AXIS2_PLACEMENT_3D ( 'NONE', #4696, #167, #360 ) ;
#8509 = ADVANCED_FACE ( 'NONE', ( #1355 ), #8753, .T. ) ;
#8510 = DIRECTION ( 'NONE',  ( -0.000000000000000000, 1.508455196501571429E-16, -1.000000000000000000 ) ) ;
#8511 = EDGE_CURVE ( 'NONE', #6243, #4183, #8454, .T. ) ;
#8512 = CIRCLE ( 'NONE', #7409, 0.1200000000000003147 ) ;
#8513 = TOROIDAL_SURFACE ( 'NONE', #5987, 1.619999999999998996, 0.1199999999999999956 ) ;
#8514 = EDGE_LOOP ( 'NONE', ( #9515, #5275, #9036, #9019 ) ) ;
#8515 = ORIENTED_EDGE ( 'NONE', *, *, #3608, .F. ) ;
#8516 = ORIENTED_EDGE ( 'NONE', *, *, #1686, .F. ) ;
#8517 = DIRECTION ( 'NONE',  ( -0.000000000000000000, 1.000000000000000000, -0.000000000000000000 ) ) ;
#8518 = CYLINDRICAL_SURFACE ( 'NONE', #6068, 1.500000000000001332 ) ;
#8519 = CIRCLE ( 'NONE', #655, 0.1200000000000003147 ) ;
#8520 = CIRCLE ( 'NONE', #8835, 1.499999999999999556 ) ;
#8521 = DIRECTION ( 'NONE',  ( 0.000000000000000000, 0.000000000000000000, 1.000000000000000000 ) ) ;
#8522 = ADVANCED_FACE ( 'NONE', ( #5066 ), #6078, .T. ) ;
#8523 = AXIS2_PLACEMENT_3D ( 'NONE', #7986, #113, #335 ) ;
#8524 = DIRECTION ( 'NONE',  ( 1.000000000000000000, 0.000000000000000000, 0.000000000000000000 ) ) ;
#8525 = EDGE_LOOP ( 'NONE', ( #1659, #2591, #2478, #3850, #7739 ) ) ;
#8526 = ORIENTED_EDGE ( 'NONE', *, *, #62, .T. ) ;
#8527 = FACE_OUTER_BOUND ( 'NONE', #7332, .T. ) ;
#8528 = TOROIDAL_SURFACE ( 'NONE', #5532, 1.879999999999998339, 0.1199999999999999956 ) ;
#8529 = VERTEX_POINT ( 'NONE', #5895 ) ;
#8530 = CARTESIAN_POINT ( 'NONE',  ( 24.49999999999999645, -11.11999999999999922, 4.178920238245228624 ) ) ;
#8531 = AXIS2_PLACEMENT_3D ( 'NONE', #3369, #7925, #1099 ) ;
#8532 = CIRCLE ( 'NONE', #42, 0.1199999999999985800 ) ;
#8533 = DIRECTION ( 'NONE',  ( 1.000000000000000000, 0.000000000000000000, 1.224646799147352961E-16 ) ) ;
#8534 = CARTESIAN_POINT ( 'NONE',  ( -10.00000000000000178, -12.37999999999999901, -7.499999999999999112 ) ) ;
#8535 = ORIENTED_EDGE ( 'NONE', *, *, #6770, .T. ) ;
#8536 = ORIENTED_EDGE ( 'NONE', *, *, #6521, .F. ) ;
#8537 = AXIS2_PLACEMENT_3D ( 'NONE', #5576, #8451, #4747 ) ;
#8538 = ORIENTED_EDGE ( 'NONE', *, *, #300, .F. ) ;
#8539 = CARTESIAN_POINT ( 'NONE',  ( -24.49999999999999645, -11.11999999999999922, -7.499999999999999112 ) ) ;
#8540 = CIRCLE ( 'NONE', #1446, 1.500000000000000888 ) ;
#8541 = DIRECTION ( 'NONE',  ( -0.000000000000000000, -1.000000000000000000, -0.000000000000000000 ) ) ;
#8542 = FACE_OUTER_BOUND ( 'NONE', #3282, .T. ) ;
#8543 = CARTESIAN_POINT ( 'NONE',  ( 27.00000000000000355, -11.00000000000000000, 9.713487943424977900 ) ) ;
#8544 = STYLED_ITEM ( 'NONE', ( #6522 ), #3163 ) ;
#8545 = LINE ( 'NONE', #9371, #7893 ) ;
#8546 = AXIS2_PLACEMENT_3D ( 'NONE', #2434, #7763, #222 ) ;
#8547 = CARTESIAN_POINT ( 'NONE',  ( 0.000000000000000000, -11.11999999999999922, -1.999999999999998224 ) ) ;
#8548 = EDGE_CURVE ( 'NONE', #8177, #3780, #2616, .T. ) ;
#8549 = EDGE_CURVE ( 'NONE', #6554, #1248, #3682, .T. ) ;
#8550 = CARTESIAN_POINT ( 'NONE',  ( -27.00000000000000355, -12.37999999999999012, 9.713487943424976123 ) ) ;
#8551 = DIRECTION ( 'NONE',  ( 0.000000000000000000, -1.000000000000000000, 0.000000000000000000 ) ) ;
#8552 = CARTESIAN_POINT ( 'NONE',  ( 21.00000000000000355, 10.50000000000000355, 17.38000000000000611 ) ) ;
#8553 = CARTESIAN_POINT ( 'NONE',  ( -16.99999999999999645, -12.49999999999999822, -5.879999999999853344 ) ) ;
#8554 = TOROIDAL_SURFACE ( 'NONE', #5101, 1.678920238245227292, 0.1199999999999999956 ) ;
#8555 = EDGE_CURVE ( 'NONE', #329, #7036, #5150, .T. ) ;
#8556 = DIRECTION ( 'NONE',  ( 0.000000000000000000, 0.000000000000000000, -1.000000000000000000 ) ) ;
#8557 = DIRECTION ( 'NONE',  ( 1.000000000000000000, 0.000000000000000000, 2.891205793294695977E-15 ) ) ;
#8558 = AXIS2_PLACEMENT_3D ( 'NONE', #7673, #175, #3957 ) ;
#8559 = CARTESIAN_POINT ( 'NONE',  ( -21.50000000000000711, -11.00000000000000000, 9.713487943424976123 ) ) ;
#8560 = ADVANCED_FACE ( 'NONE', ( #5792 ), #5163, .F. ) ;
#8561 = EDGE_CURVE ( 'NONE', #1793, #598, #4196, .T. ) ;
#8562 = AXIS2_PLACEMENT_3D ( 'NONE', #701, #3700, #1326 ) ;
#8563 = EDGE_LOOP ( 'NONE', ( #7554, #9522, #8801, #8641 ) ) ;
#8564 = ORIENTED_EDGE ( 'NONE', *, *, #9215, .T. ) ;
#8565 = ORIENTED_EDGE ( 'NONE', *, *, #9007, .F. ) ;
#8566 = CARTESIAN_POINT ( 'NONE',  ( 3.000000000000001776, -11.11999999999999922, -7.499999999999998224 ) ) ;
#8567 = DIRECTION ( 'NONE',  ( 0.000000000000000000, 0.000000000000000000, 1.000000000000000000 ) ) ;
#8568 = EDGE_CURVE ( 'NONE', #7632, #97, #1670, .T. ) ;
#8569 = FACE_OUTER_BOUND ( 'NONE', #3235, .T. ) ;
#8570 = AXIS2_PLACEMENT_3D ( 'NONE', #736, #5214, #3038 ) ;
#8571 = FACE_BOUND ( 'NONE', #7113, .T. ) ;
#8572 = ORIENTED_EDGE ( 'NONE', *, *, #6909, .T. ) ;
#8573 = DIRECTION ( 'NONE',  ( 0.000000000000000000, 0.000000000000000000, 1.000000000000000000 ) ) ;
#8574 = ORIENTED_EDGE ( 'NONE', *, *, #2776, .T. ) ;
#8575 = ORIENTED_EDGE ( 'NONE', *, *, #2587, .T. ) ;
#8576 = CARTESIAN_POINT ( 'NONE',  ( -3.000000000000001776, -12.37999999999999901, -9.119999999999999218 ) ) ;
#8577 = AXIS2_PLACEMENT_3D ( 'NONE', #1943, #4966, #5844 ) ;
#8578 = ORIENTED_EDGE ( 'NONE', *, *, #4478, .T. ) ;
#8579 = DIRECTION ( 'NONE',  ( -0.000000000000000000, 1.000000000000000000, -0.000000000000000000 ) ) ;
#8580 = ADVANCED_FACE ( 'NONE', ( #4271 ), #7823, .T. ) ;
#8581 = EDGE_CURVE ( 'NONE', #1334, #5314, #897, .T. ) ;
#8582 =( NAMED_UNIT ( * ) PLANE_ANGLE_UNIT ( ) SI_UNIT ( $, .RADIAN. ) );
#8583 = EDGE_LOOP ( 'NONE', ( #5416, #8964, #3694, #9670, #982 ) ) ;
#8584 = CYLINDRICAL_SURFACE ( 'NONE', #2903, 0.1200000000000003147 ) ;
#8585 = ORIENTED_EDGE ( 'NONE', *, *, #1687, .T. ) ;
#8586 = CARTESIAN_POINT ( 'NONE',  ( 11.74534587271282327, 0.7488776537524510779, 17.50000000000000355 ) ) ;
#8587 = AXIS2_PLACEMENT_3D ( 'NONE', #1485, #5973, #8212 ) ;
#8588 = DIRECTION ( 'NONE',  ( -0.000000000000000000, 1.508455196501571429E-16, -1.000000000000000000 ) ) ;
#8589 = VERTEX_POINT ( 'NONE', #1453 ) ;
#8590 = ORIENTED_EDGE ( 'NONE', *, *, #4111, .T. ) ;
#8591 = ORIENTED_EDGE ( 'NONE', *, *, #2889, .F. ) ;
#8592 = FACE_OUTER_BOUND ( 'NONE', #6750, .T. ) ;
#8593 = AXIS2_PLACEMENT_3D ( 'NONE', #8352, #8996, #864 ) ;
#8594 = DIRECTION ( 'NONE',  ( 0.000000000000000000, 0.000000000000000000, 1.000000000000000000 ) ) ;
#8595 = CARTESIAN_POINT ( 'NONE',  ( -10.00000000000000178, -11.00000000000000000, -7.499999999999999112 ) ) ;
#8596 = AXIS2_PLACEMENT_3D ( 'NONE', #9566, #7853, #1082 ) ;
#8597 = FACE_OUTER_BOUND ( 'NONE', #6550, .T. ) ;
#8598 = ORIENTED_EDGE ( 'NONE', *, *, #3450, .F. ) ;
#8599 = LINE ( 'NONE', #7860, #5992 ) ;
#8600 = CARTESIAN_POINT ( 'NONE',  ( 10.12534587271282582, 7.748877653752450634, 17.50000000000000355 ) ) ;
#8601 = AXIS2_PLACEMENT_3D ( 'NONE', #6721, #2966, #6818 ) ;
#8602 = ORIENTED_EDGE ( 'NONE', *, *, #7828, .T. ) ;
#8603 = CARTESIAN_POINT ( 'NONE',  ( 3.000000000000001776, -12.49999999999999822, -5.879999999999997229 ) ) ;
#8604 = DIRECTION ( 'NONE',  ( 1.000000000000000000, 0.000000000000000000, 0.000000000000000000 ) ) ;
#8605 = DIRECTION ( 'NONE',  ( -0.000000000000000000, -1.000000000000000000, -0.000000000000000000 ) ) ;
#8606 = CARTESIAN_POINT ( 'NONE',  ( 20.70000000000000284, -11.11999999999999744, -11.23041406348422555 ) ) ;
#8607 = CIRCLE ( 'NONE', #1824, 1.500000000000001332 ) ;
#8608 = DIRECTION ( 'NONE',  ( -0.000000000000000000, 1.508455196501571429E-16, -1.000000000000000000 ) ) ;
#8609 = CARTESIAN_POINT ( 'NONE',  ( -9.999999999999927169, -11.11999999999999922, -0.4999999999998998579 ) ) ;
#8610 = EDGE_CURVE ( 'NONE', #4793, #2261, #2938, .T. ) ;
#8611 = VERTEX_POINT ( 'NONE', #2977 ) ;
#8612 = CIRCLE ( 'NONE', #5769, 0.1200000000000003147 ) ;
#8613 = EDGE_LOOP ( 'NONE', ( #4038, #7838, #5768, #691 ) ) ;
#8614 = DIRECTION ( 'NONE',  ( -0.000000000000000000, 1.000000000000000000, 0.000000000000000000 ) ) ;
#8615 = CARTESIAN_POINT ( 'NONE',  ( -24.49999999999999645, -12.37999999999999901, 4.058920238245228518 ) ) ;
#8616 = DIRECTION ( 'NONE',  ( 0.000000000000000000, 0.000000000000000000, -1.000000000000000000 ) ) ;
#8617 = EDGE_CURVE ( 'NONE', #597, #5123, #9098, .T. ) ;
#8618 = EDGE_CURVE ( 'NONE', #4676, #530, #7193, .T. ) ;
#8619 = DIRECTION ( 'NONE',  ( -0.000000000000000000, -0.000000000000000000, 1.000000000000000000 ) ) ;
#8620 = EDGE_LOOP ( 'NONE', ( #3659, #1168, #5996, #600 ) ) ;
#8621 = ADVANCED_FACE ( 'NONE', ( #2337 ), #747, .T. ) ;
#8622 = CARTESIAN_POINT ( 'NONE',  ( 27.50000000000000000, 10.49999999999999645, -14.37999999999999723 ) ) ;
#8623 = ORIENTED_EDGE ( 'NONE', *, *, #2228, .T. ) ;
#8624 = ORIENTED_EDGE ( 'NONE', *, *, #2638, .F. ) ;
#8625 = CYLINDRICAL_SURFACE ( 'NONE', #522, 1.500000000000003109 ) ;
#8626 = ORIENTED_EDGE ( 'NONE', *, *, #856, .T. ) ;
#8627 = CARTESIAN_POINT ( 'NONE',  ( 29.00000000000000000, -12.37999999999999901, -12.50000000000000178 ) ) ;
#8628 = ORIENTED_EDGE ( 'NONE', *, *, #117, .T. ) ;
#8629 = CARTESIAN_POINT ( 'NONE',  ( -10.00000000000000178, -11.00000000000000000, -2.880000000000000782 ) ) ;
#8630 = ORIENTED_EDGE ( 'NONE', *, *, #4419, .T. ) ;
#8631 = CARTESIAN_POINT ( 'NONE',  ( -20.10000000000000853, -11.00000000000000000, -11.11041406348422633 ) ) ;
#8632 = EDGE_CURVE ( 'NONE', #3828, #2692, #4515, .T. ) ;
#8633 = EDGE_CURVE ( 'NONE', #4740, #245, #7669, .T. ) ;
#8634 = ORIENTED_EDGE ( 'NONE', *, *, #5471, .T. ) ;
#8635 = ORIENTED_EDGE ( 'NONE', *, *, #9508, .T. ) ;
#8636 = ORIENTED_EDGE ( 'NONE', *, *, #8855, .T. ) ;
#8637 = DIRECTION ( 'NONE',  ( 0.000000000000000000, -1.000000000000000000, 0.000000000000000000 ) ) ;
#8638 = AXIS2_PLACEMENT_3D ( 'NONE', #5654, #7794, #4184 ) ;
#8639 = DIRECTION ( 'NONE',  ( 1.000000000000000000, -1.224646799147352961E-16, -1.847324828052840849E-32 ) ) ;
#8640 = DIRECTION ( 'NONE',  ( -0.000000000000000000, -1.000000000000000000, -0.000000000000000000 ) ) ;
#8641 = ORIENTED_EDGE ( 'NONE', *, *, #2587, .F. ) ;
#8642 = DIRECTION ( 'NONE',  ( -0.000000000000000000, 1.508455196501571429E-16, -1.000000000000000000 ) ) ;
#8643 = DIRECTION ( 'NONE',  ( 0.000000000000000000, 0.000000000000000000, -1.000000000000000000 ) ) ;
#8644 = CIRCLE ( 'NONE', #1699, 0.6200000000000007727 ) ;
#8645 = DIRECTION ( 'NONE',  ( 0.000000000000000000, 0.000000000000000000, -1.000000000000000000 ) ) ;
#8646 = CARTESIAN_POINT ( 'NONE',  ( 24.49999999999999645, -12.37999999999999901, -5.941079761754771482 ) ) ;
#8647 = ORIENTED_EDGE ( 'NONE', *, *, #1848, .T. ) ;
#8648 = DIRECTION ( 'NONE',  ( -0.000000000000000000, 1.000000000000000000, 0.000000000000000000 ) ) ;
#8649 = CARTESIAN_POINT ( 'NONE',  ( -19.80000000000000071, -11.11999999999999744, -17.50000000000000000 ) ) ;
#8650 = VECTOR ( 'NONE', #385, 1000.000000000000000 ) ;
#8651 = DIRECTION ( 'NONE',  ( 0.000000000000000000, 0.000000000000000000, -1.000000000000000000 ) ) ;
#8652 = AXIS2_PLACEMENT_3D ( 'NONE', #2651, #9024, #746 ) ;
#8653 = CARTESIAN_POINT ( 'NONE',  ( 29.00000000000000000, 10.49999999999999645, -13.11999999999999922 ) ) ;
#8654 = CARTESIAN_POINT ( 'NONE',  ( -24.00000000000000000, 5.749999999999999112, -13.12000000000000099 ) ) ;
#8655 = ORIENTED_EDGE ( 'NONE', *, *, #8973, .T. ) ;
#8656 = VERTEX_POINT ( 'NONE', #6831 ) ;
#8657 = TOROIDAL_SURFACE ( 'NONE', #3928, 1.379999999999999671, 0.1199999999999999956 ) ;
#8658 = DIRECTION ( 'NONE',  ( 0.000000000000000000, 0.000000000000000000, 1.000000000000000000 ) ) ;
#8659 = DIRECTION ( 'NONE',  ( -0.000000000000000000, 1.508455196501571429E-16, -1.000000000000000000 ) ) ;
#8660 = DIRECTION ( 'NONE',  ( -0.000000000000000000, 1.000000000000000000, -0.000000000000000000 ) ) ;
#8661 = AXIS2_PLACEMENT_3D ( 'NONE', #6025, #7563, #5195 ) ;
#8662 = EDGE_CURVE ( 'NONE', #575, #3239, #1200, .T. ) ;
#8663 = DIRECTION ( 'NONE',  ( -1.000000000000000000, -0.000000000000000000, -0.000000000000000000 ) ) ;
#8664 = AXIS2_PLACEMENT_3D ( 'NONE', #1990, #4853, #7073 ) ;
#8665 = AXIS2_PLACEMENT_3D ( 'NONE', #5010, #583, #8084 ) ;
#8666 = CARTESIAN_POINT ( 'NONE',  ( 24.49999999999999645, -12.37999999999999901, 2.500000000000001332 ) ) ;
#8667 = ADVANCED_FACE ( 'NONE', ( #2388 ), #3566, .T. ) ;
#8668 = VERTEX_POINT ( 'NONE', #875 ) ;
#8669 = ORIENTED_EDGE ( 'NONE', *, *, #8025, .F. ) ;
#8670 = ADVANCED_FACE ( 'NONE', ( #776 ), #8153, .T. ) ;
#8671 = CARTESIAN_POINT ( 'NONE',  ( -16.99999999999999645, -11.11999999999999922, -7.499999999999852562 ) ) ;
#8672 = ORIENTED_EDGE ( 'NONE', *, *, #5928, .F. ) ;
#8673 = LINE ( 'NONE', #7199, #5484 ) ;
#8674 = ORIENTED_EDGE ( 'NONE', *, *, #2362, .F. ) ;
#8675 = AXIS2_PLACEMENT_3D ( 'NONE', #9048, #172, #3211 ) ;
#8676 = EDGE_CURVE ( 'NONE', #9080, #2907, #8607, .T. ) ;
#8677 = DIRECTION ( 'NONE',  ( 0.000000000000000000, -1.000000000000000000, 0.000000000000000000 ) ) ;
#8678 = EDGE_LOOP ( 'NONE', ( #7777, #4597, #4677, #7771 ) ) ;
#8679 = CIRCLE ( 'NONE', #4105, 1.684871098704546322 ) ;
#8680 = CARTESIAN_POINT ( 'NONE',  ( 10.12534587271282582, 9.248877653752453298, 16.12000000000000099 ) ) ;
#8681 = AXIS2_PLACEMENT_3D ( 'NONE', #7656, #857, #6811 ) ;
#8682 = VERTEX_POINT ( 'NONE', #89 ) ;
#8683 = CARTESIAN_POINT ( 'NONE',  ( 28.88000000000000256, -10.49999999999999645, -12.50000000000000178 ) ) ;
#8684 = ORIENTED_EDGE ( 'NONE', *, *, #1808, .T. ) ;
#8685 = ORIENTED_EDGE ( 'NONE', *, *, #6873, .F. ) ;
#8686 = CARTESIAN_POINT ( 'NONE',  ( -24.49999999999999645, -11.00000000000000000, 0.8210797617547740401 ) ) ;
#8687 = AXIS2_PLACEMENT_3D ( 'NONE', #6730, #9057, #3728 ) ;
#8688 = DIRECTION ( 'NONE',  ( 0.000000000000000000, 1.000000000000000000, 0.000000000000000000 ) ) ;
#8689 = DIRECTION ( 'NONE',  ( 0.000000000000000000, 0.000000000000000000, -1.000000000000000000 ) ) ;
#8690 = AXIS2_PLACEMENT_3D ( 'NONE', #233, #9152, #7028 ) ;
#8691 = EDGE_CURVE ( 'NONE', #6846, #2469, #6231, .T. ) ;
#8692 = DIRECTION ( 'NONE',  ( -0.000000000000000000, 1.508455196501571429E-16, -1.000000000000000000 ) ) ;
#8693 = EDGE_CURVE ( 'NONE', #9385, #2974, #8766, .T. ) ;
#8694 = ORIENTED_EDGE ( 'NONE', *, *, #2059, .T. ) ;
#8695 = DIRECTION ( 'NONE',  ( 5.811872027389895469E-16, 0.000000000000000000, 1.000000000000000000 ) ) ;
#8696 = AXIS2_PLACEMENT_3D ( 'NONE', #7419, #8018, #8749 ) ;
#8697 = DIRECTION ( 'NONE',  ( 1.000000000000000000, 0.000000000000000000, 1.224646799147352961E-16 ) ) ;
#8698 = AXIS2_PLACEMENT_3D ( 'NONE', #35, #3024, #2879 ) ;
#8699 = DIRECTION ( 'NONE',  ( 0.000000000000000000, -1.508455196501571429E-16, 1.000000000000000000 ) ) ;
#8700 = DIRECTION ( 'NONE',  ( -0.000000000000000000, -0.000000000000000000, 1.000000000000000000 ) ) ;
#8701 = LINE ( 'NONE', #6530, #6614 ) ;
#8702 = CARTESIAN_POINT ( 'NONE',  ( 10.12534587271282582, 6.128877653752448751, 16.12000000000000099 ) ) ;
#8703 = TOROIDAL_SURFACE ( 'NONE', #5399, 0.6199999999999999956, 0.1199999999999999956 ) ;
#8704 = ADVANCED_FACE ( 'NONE', ( #6778 ), #6729, .T. ) ;
#8705 = DIRECTION ( 'NONE',  ( 4.841193211655195936E-16, 0.000000000000000000, -1.000000000000000000 ) ) ;
#8706 = CIRCLE ( 'NONE', #4457, 0.1199999999999985800 ) ;
#8707 = DIRECTION ( 'NONE',  ( 0.000000000000000000, 0.000000000000000000, 1.000000000000000000 ) ) ;
#8708 = DIRECTION ( 'NONE',  ( -0.000000000000000000, 1.000000000000000000, -0.000000000000000000 ) ) ;
#8709 = ORIENTED_EDGE ( 'NONE', *, *, #4040, .F. ) ;
#8710 = CARTESIAN_POINT ( 'NONE',  ( -21.50000000000000711, -11.11999999999998323, 9.833487943424977118 ) ) ;
#8711 = AXIS2_PLACEMENT_3D ( 'NONE', #352, #9459, #9361 ) ;
#8712 = CARTESIAN_POINT ( 'NONE',  ( -29.00000000000000000, -11.11999999999998323, 7.833487943424977118 ) ) ;
#8713 = CARTESIAN_POINT ( 'NONE',  ( 0.000000000000000000, -11.11999999999999922, 2.500000000000001332 ) ) ;
#8714 = DIRECTION ( 'NONE',  ( -1.000000000000000000, 0.000000000000000000, 0.000000000000000000 ) ) ;
#8715 = ORIENTED_EDGE ( 'NONE', *, *, #8090, .F. ) ;
#8716 = VECTOR ( 'NONE', #5868, 1000.000000000000000 ) ;
#8717 = ORIENTED_EDGE ( 'NONE', *, *, #5367, .F. ) ;
#8718 = DIRECTION ( 'NONE',  ( 0.000000000000000000, -1.000000000000000000, -0.000000000000000000 ) ) ;
#8719 = ORIENTED_EDGE ( 'NONE', *, *, #1991, .F. ) ;
#8720 = ORIENTED_EDGE ( 'NONE', *, *, #2750, .T. ) ;
#8721 = AXIS2_PLACEMENT_3D ( 'NONE', #7401, #5680, #5872 ) ;
#8722 = VERTEX_POINT ( 'NONE', #39 ) ;
#8723 = EDGE_LOOP ( 'NONE', ( #3541, #3580 ) ) ;
#8724 = DIRECTION ( 'NONE',  ( -5.811872027389895469E-16, 0.000000000000000000, 1.000000000000000000 ) ) ;
#8725 = AXIS2_PLACEMENT_3D ( 'NONE', #2745, #1212, #1407 ) ;
#8726 = CARTESIAN_POINT ( 'NONE',  ( 0.000000000000000000, 0.000000000000000000, 0.000000000000000000 ) ) ;
#8727 = DIRECTION ( 'NONE',  ( -0.000000000000000000, 1.000000000000000000, 0.000000000000000000 ) ) ;
#8728 = CARTESIAN_POINT ( 'NONE',  ( -24.00000000000000000, -4.250000000000000888, -13.12000000000000099 ) ) ;
#8729 = AXIS2_PLACEMENT_3D ( 'NONE', #6426, #9434, #1302 ) ;
#8730 = ORIENTED_EDGE ( 'NONE', *, *, #7222, .T. ) ;
#8731 = CARTESIAN_POINT ( 'NONE',  ( 21.50000000000000355, -12.37999999999997414, 10.33348794342497712 ) ) ;
#8732 = EDGE_LOOP ( 'NONE', ( #3099, #2061, #2000, #6008 ) ) ;
#8733 = ORIENTED_EDGE ( 'NONE', *, *, #1194, .T. ) ;
#8734 = EDGE_CURVE ( 'NONE', #430, #5167, #587, .T. ) ;
#8735 = DIRECTION ( 'NONE',  ( -0.000000000000000000, -1.000000000000000000, -0.000000000000000000 ) ) ;
#8736 = CARTESIAN_POINT ( 'NONE',  ( 21.12000000000000099, 10.49999999999999822, -14.37999999999999901 ) ) ;
#8737 = CARTESIAN_POINT ( 'NONE',  ( 28.88000000000000256, -10.49999999999999645, -14.50000000000000178 ) ) ;
#8738 = LINE ( 'NONE', #3456, #3332 ) ;
#8739 = EDGE_CURVE ( 'NONE', #8433, #5974, #5762, .T. ) ;
#8740 = AXIS2_PLACEMENT_3D ( 'NONE', #8898, #3806, #762 ) ;
#8741 = EDGE_CURVE ( 'NONE', #344, #2904, #3078, .T. ) ;
#8742 = DIRECTION ( 'NONE',  ( 0.000000000000000000, -1.508455196501571429E-16, 1.000000000000000000 ) ) ;
#8743 = CARTESIAN_POINT ( 'NONE',  ( 21.00000000000000000, -10.49999999999998224, -14.38000000000000256 ) ) ;
#8744 = EDGE_CURVE ( 'NONE', #1568, #675, #2303, .T. ) ;
#8745 = CIRCLE ( 'NONE', #409, 1.999999999999998224 ) ;
#8746 = DIRECTION ( 'NONE',  ( 0.000000000000000000, 0.000000000000000000, 1.000000000000000000 ) ) ;
#8747 = DIRECTION ( 'NONE',  ( 0.000000000000000000, 0.000000000000000000, 1.000000000000000000 ) ) ;
#8748 = DIRECTION ( 'NONE',  ( 0.000000000000000000, 1.000000000000000000, 0.000000000000000000 ) ) ;
#8749 = DIRECTION ( 'NONE',  ( 0.000000000000000000, 0.000000000000000000, 1.000000000000000000 ) ) ;
#8750 = CARTESIAN_POINT ( 'NONE',  ( -27.00000000000000355, -12.37999999999998835, 9.713487943424976123 ) ) ;
#8751 = CIRCLE ( 'NONE', #7342, 1.617476254756361476 ) ;
#8752 = DIRECTION ( 'NONE',  ( -0.000000000000000000, -0.000000000000000000, 1.000000000000000000 ) ) ;
#8753 = TOROIDAL_SURFACE ( 'NONE', #3727, 0.6200000000000004396, 0.1199999999999999956 ) ;
#8754 = DIRECTION ( 'NONE',  ( 0.000000000000000000, 0.000000000000000000, 1.000000000000000000 ) ) ;
#8755 = EDGE_CURVE ( 'NONE', #9293, #245, #9546, .T. ) ;
#8756 = EDGE_CURVE ( 'NONE', #3049, #1793, #9283, .T. ) ;
#8757 = ORIENTED_EDGE ( 'NONE', *, *, #9400, .T. ) ;
#8758 = ORIENTED_EDGE ( 'NONE', *, *, #5831, .F. ) ;
#8759 = DIRECTION ( 'NONE',  ( 0.000000000000000000, -1.000000000000000000, 0.000000000000000000 ) ) ;
#8760 = CARTESIAN_POINT ( 'NONE',  ( 10.12534587271282582, 0.7488776537524508559, 16.12000000000000099 ) ) ;
#8761 = AXIS2_PLACEMENT_3D ( 'NONE', #3629, #5745, #2886 ) ;
#8762 = PLANE ( 'NONE',  #1592 ) ;
#8763 = FACE_OUTER_BOUND ( 'NONE', #9646, .T. ) ;
#8764 = ORIENTED_EDGE ( 'NONE', *, *, #2471, .F. ) ;
#8765 = VERTEX_POINT ( 'NONE', #8553 ) ;
#8766 = CIRCLE ( 'NONE', #4522, 0.1200000000000003147 ) ;
#8767 = FACE_OUTER_BOUND ( 'NONE', #1068, .T. ) ;
#8768 = ORIENTED_EDGE ( 'NONE', *, *, #9595, .T. ) ;
#8769 = EDGE_LOOP ( 'NONE', ( #4581, #9597, #8591, #8247 ) ) ;
#8770 = EDGE_LOOP ( 'NONE', ( #834, #4311, #160, #8037 ) ) ;
#8771 = EDGE_LOOP ( 'NONE', ( #5855, #4693 ) ) ;
#8772 = FACE_OUTER_BOUND ( 'NONE', #3890, .T. ) ;
#8773 =( NAMED_UNIT ( * ) SI_UNIT ( $, .STERADIAN. ) SOLID_ANGLE_UNIT ( ) );
#8774 = CYLINDRICAL_SURFACE ( 'NONE', #4406, 0.1199999999999985800 ) ;
#8775 = ORIENTED_EDGE ( 'NONE', *, *, #6395, .T. ) ;
#8776 = ORIENTED_EDGE ( 'NONE', *, *, #5589, .T. ) ;
#8777 = DIRECTION ( 'NONE',  ( 0.000000000000000000, -1.000000000000000000, 0.000000000000000000 ) ) ;
#8778 = VERTEX_POINT ( 'NONE', #7122 ) ;
#8779 = DIRECTION ( 'NONE',  ( 0.000000000000000000, 0.000000000000000000, -1.000000000000000000 ) ) ;
#8780 = VERTEX_POINT ( 'NONE', #5586 ) ;
#8781 = EDGE_LOOP ( 'NONE', ( #923, #8818, #2754, #9363 ) ) ;
#8782 = DIRECTION ( 'NONE',  ( 0.000000000000000000, -1.000000000000000000, 0.000000000000000000 ) ) ;
#8783 = CARTESIAN_POINT ( 'NONE',  ( -9.999999999999927169, -11.00000000000000000, -0.4999999999998998579 ) ) ;
#8784 = DIRECTION ( 'NONE',  ( 1.000000000000000000, 0.000000000000000000, 1.224646799147352961E-16 ) ) ;
#8785 = DIRECTION ( 'NONE',  ( 0.000000000000000000, 0.000000000000000000, 1.000000000000000000 ) ) ;
#8786 = EDGE_CURVE ( 'NONE', #6992, #7950, #5604, .T. ) ;
#8787 = CARTESIAN_POINT ( 'NONE',  ( -10.00000000000002665, -11.11999999999999922, -14.49999999999990230 ) ) ;
#8788 = DIRECTION ( 'NONE',  ( -0.000000000000000000, -0.000000000000000000, 1.000000000000000000 ) ) ;
#8789 = CIRCLE ( 'NONE', #3596, 4.499999999999998224 ) ;
#8791 = EDGE_LOOP ( 'NONE', ( #8117, #4332, #7240, #8598 ) ) ;
#8790 = EDGE_CURVE ( 'NONE', #6647, #7287, #6872, .T. ) ;
#8792 = ADVANCED_FACE ( 'NONE', ( #3169 ), #3400, .T. ) ;
#8793 = CYLINDRICAL_SURFACE ( 'NONE', #4803, 1.500000000000004885 ) ;
#8794 = DIRECTION ( 'NONE',  ( 0.000000000000000000, 0.000000000000000000, -1.000000000000000000 ) ) ;
#8795 = LINE ( 'NONE', #1151, #1831 ) ;
#8796 = CARTESIAN_POINT ( 'NONE',  ( 28.88000000000000256, -11.00000000000000000, -12.49999999999999289 ) ) ;
#8797 = DIRECTION ( 'NONE',  ( 0.000000000000000000, 1.000000000000000000, 0.000000000000000000 ) ) ;
#8798 = ADVANCED_FACE ( 'NONE', ( #8462 ), #4113, .T. ) ;
#8799 = DIRECTION ( 'NONE',  ( -0.000000000000000000, -1.000000000000000000, -0.000000000000000000 ) ) ;
#8800 = DIRECTION ( 'NONE',  ( 0.000000000000000000, -1.000000000000000000, 0.000000000000000000 ) ) ;
#8801 = ORIENTED_EDGE ( 'NONE', *, *, #8662, .T. ) ;
#8802 = VERTEX_POINT ( 'NONE', #7923 ) ;
#8803 = CARTESIAN_POINT ( 'NONE',  ( -9.874654127287220362, -6.248877653752255235, 16.11999999999999744 ) ) ;
#8804 = CIRCLE ( 'NONE', #3913, 1.500000000000001332 ) ;
#8805 = FACE_OUTER_BOUND ( 'NONE', #3593, .T. ) ;
#8806 = CARTESIAN_POINT ( 'NONE',  ( 10.00000000000002665, -12.37999999999999901, -12.87999999999990131 ) ) ;
#8807 = AXIS2_PLACEMENT_3D ( 'NONE', #7832, #7987, #5016 ) ;
#8808 = CARTESIAN_POINT ( 'NONE',  ( -16.99887765375237692, 0.6246541272872884187, 16.12000000000000099 ) ) ;
#8809 = EDGE_CURVE ( 'NONE', #5378, #8941, #1739, .T. ) ;
#8810 = EDGE_CURVE ( 'NONE', #1842, #9353, #3094, .T. ) ;
#8811 = CARTESIAN_POINT ( 'NONE',  ( -21.12000000000000099, 10.49999999999999112, -13.00000000000000000 ) ) ;
#8812 = AXIS2_PLACEMENT_3D ( 'NONE', #5117, #678, #9587 ) ;
#8813 = EDGE_LOOP ( 'NONE', ( #5254, #7803 ) ) ;
#8814 = AXIS2_PLACEMENT_3D ( 'NONE', #5795, #6642, #2890 ) ;
#8815 = LINE ( 'NONE', #3636, #4481 ) ;
#8816 = EDGE_LOOP ( 'NONE', ( #3940, #9348 ) ) ;
#8817 = ORIENTED_EDGE ( 'NONE', *, *, #7900, .F. ) ;
#8818 = ORIENTED_EDGE ( 'NONE', *, *, #6129, .T. ) ;
#8819 = ORIENTED_EDGE ( 'NONE', *, *, #6450, .T. ) ;
#8820 = CARTESIAN_POINT ( 'NONE',  ( 10.00000000000000178, -11.00000000000000000, -12.11999999999999744 ) ) ;
#8821 = ORIENTED_EDGE ( 'NONE', *, *, #7892, .F. ) ;
#8822 = VECTOR ( 'NONE', #1837, 1000.000000000000000 ) ;
#8823 = AXIS2_PLACEMENT_3D ( 'NONE', #2929, #5983, #1299 ) ;
#8824 = ORIENTED_EDGE ( 'NONE', *, *, #4947, .T. ) ;
#8825 = EDGE_CURVE ( 'NONE', #9356, #5705, #7360, .T. ) ;
#8826 = DIRECTION ( 'NONE',  ( 0.000000000000000000, -1.000000000000000000, 0.000000000000000000 ) ) ;
#8827 = ORIENTED_EDGE ( 'NONE', *, *, #2059, .F. ) ;
#8828 = ORIENTED_EDGE ( 'NONE', *, *, #4111, .F. ) ;
#8829 = CARTESIAN_POINT ( 'NONE',  ( -6.999999999999999112, -12.37999999999999901, 0.8800000000000018918 ) ) ;
#8830 = CIRCLE ( 'NONE', #5366, 0.1199999999999985800 ) ;
#8831 = EDGE_LOOP ( 'NONE', ( #3047, #3692, #4064, #740 ) ) ;
#8832 = CYLINDRICAL_SURFACE ( 'NONE', #4145, 4.500000000000000000 ) ;
#8833 = ORIENTED_EDGE ( 'NONE', *, *, #7766, .T. ) ;
#8834 = ORIENTED_EDGE ( 'NONE', *, *, #4691, .F. ) ;
#8835 = AXIS2_PLACEMENT_3D ( 'NONE', #3255, #2522, #5535 ) ;
#8836 = ORIENTED_EDGE ( 'NONE', *, *, #7616, .F. ) ;
#8837 = FACE_OUTER_BOUND ( 'NONE', #8292, .T. ) ;
#8838 = DIRECTION ( 'NONE',  ( -1.000000000000000000, 0.000000000000000000, 0.000000000000000000 ) ) ;
#8839 = CARTESIAN_POINT ( 'NONE',  ( -9.999999999999927169, -12.37999999999999901, -2.119999999999900631 ) ) ;
#8840 = AXIS2_PLACEMENT_3D ( 'NONE', #4942, #8062, #5818 ) ;
#8841 = CIRCLE ( 'NONE', #8231, 1.617476254756360587 ) ;
#8842 = ORIENTED_EDGE ( 'NONE', *, *, #1795, .F. ) ;
#8843 = LINE ( 'NONE', #6526, #3633 ) ;
#8844 = CARTESIAN_POINT ( 'NONE',  ( -29.00000000000000000, -11.00000000000000000, -12.49999999999999822 ) ) ;
#8845 = AXIS2_PLACEMENT_3D ( 'NONE', #41, #2247, #6126 ) ;
#8846 = ORIENTED_EDGE ( 'NONE', *, *, #9099, .T. ) ;
#8847 = CARTESIAN_POINT ( 'NONE',  ( 19.00000000000000355, 10.50000000000000355, 17.50000000000000355 ) ) ;
#8848 = ORIENTED_EDGE ( 'NONE', *, *, #9449, .T. ) ;
#8849 = CYLINDRICAL_SURFACE ( 'NONE', #2981, 4.500000000000000000 ) ;
#8850 = DIRECTION ( 'NONE',  ( 1.000000000000000000, 0.000000000000000000, 4.841193211655195936E-16 ) ) ;
#8851 = ORIENTED_EDGE ( 'NONE', *, *, #1280, .F. ) ;
#8852 = AXIS2_PLACEMENT_3D ( 'NONE', #6581, #5736, #2030 ) ;
#8853 = CARTESIAN_POINT ( 'NONE',  ( -16.99999999999999645, -11.11999999999999922, -5.999999999999852562 ) ) ;
#8854 = DIRECTION ( 'NONE',  ( 0.000000000000000000, 0.000000000000000000, 1.000000000000000000 ) ) ;
#8855 = EDGE_CURVE ( 'NONE', #4829, #6358, #7650, .T. ) ;
#8856 = AXIS2_PLACEMENT_3D ( 'NONE', #4264, #7279, #527 ) ;
#8857 = DIRECTION ( 'NONE',  ( -1.000000000000000000, 0.000000000000000000, 0.000000000000000000 ) ) ;
#8858 = ORIENTED_EDGE ( 'NONE', *, *, #2482, .T. ) ;
#8859 = ORIENTED_EDGE ( 'NONE', *, *, #1066, .T. ) ;
#8860 = CIRCLE ( 'NONE', #7760, 1.737476254756360028 ) ;
#8861 = CARTESIAN_POINT ( 'NONE',  ( 24.00000000000000000, 7.434871098704545211, -14.50000000000000000 ) ) ;
#8862 = EDGE_CURVE ( 'NONE', #8315, #8069, #9550, .T. ) ;
#8863 = DIRECTION ( 'NONE',  ( 0.000000000000000000, 0.000000000000000000, -1.000000000000000000 ) ) ;
#8864 = CARTESIAN_POINT ( 'NONE',  ( 21.12000000000000099, 27.00000000000000355, -13.11999999999999922 ) ) ;
#8865 = EDGE_CURVE ( 'NONE', #9724, #5477, #429, .T. ) ;
#8866 = FACE_BOUND ( 'NONE', #3734, .T. ) ;
#8867 = ORIENTED_EDGE ( 'NONE', *, *, #2102, .F. ) ;
#8868 = EDGE_CURVE ( 'NONE', #7295, #1468, #8911, .T. ) ;
#8869 = CIRCLE ( 'NONE', #840, 0.1200000000000003147 ) ;
#8870 = CIRCLE ( 'NONE', #1460, 1.617476254756361476 ) ;
#8871 = DIRECTION ( 'NONE',  ( 4.841193211655195936E-16, 0.000000000000000000, 1.000000000000000000 ) ) ;
#8872 = EDGE_LOOP ( 'NONE', ( #8000, #6646, #7445, #2600, #304 ) ) ;
#8873 = ORIENTED_EDGE ( 'NONE', *, *, #2288, .T. ) ;
#8874 = ORIENTED_EDGE ( 'NONE', *, *, #6069, .F. ) ;
#8875 = EDGE_CURVE ( 'NONE', #2904, #6785, #5910, .T. ) ;
#8876 = VERTEX_POINT ( 'NONE', #7717 ) ;
#8877 = DIRECTION ( 'NONE',  ( 0.000000000000000000, 0.000000000000000000, 1.000000000000000000 ) ) ;
#8878 = EDGE_LOOP ( 'NONE', ( #9120, #4915, #7378, #9443 ) ) ;
#8879 = TOROIDAL_SURFACE ( 'NONE', #4632, 1.619999999999996776, 0.1199999999999999956 ) ;
#8880 = FACE_BOUND ( 'NONE', #8771, .T. ) ;
#8881 = ORIENTED_EDGE ( 'NONE', *, *, #1962, .F. ) ;
#8882 = VECTOR ( 'NONE', #5489, 1000.000000000000000 ) ;
#8883 = ORIENTED_EDGE ( 'NONE', *, *, #298, .F. ) ;
#8884 = CARTESIAN_POINT ( 'NONE',  ( 24.00000000000000000, -4.250000000000000888, -13.12000000000000099 ) ) ;
#8885 = ORIENTED_EDGE ( 'NONE', *, *, #7319, .T. ) ;
#8886 = ORIENTED_EDGE ( 'NONE', *, *, #2638, .T. ) ;
#8887 = ORIENTED_EDGE ( 'NONE', *, *, #7380, .T. ) ;
#8888 = AXIS2_PLACEMENT_3D ( 'NONE', #9513, #1277, #8779 ) ;
#8889 = EDGE_CURVE ( 'NONE', #545, #2985, #2152, .T. ) ;
#8890 = FACE_BOUND ( 'NONE', #7748, .T. ) ;
#8891 = DIRECTION ( 'NONE',  ( -0.000000000000000000, -0.000000000000000000, 1.000000000000000000 ) ) ;
#8892 = DIRECTION ( 'NONE',  ( 0.000000000000000000, 0.000000000000000000, -1.000000000000000000 ) ) ;
#8893 = ORIENTED_EDGE ( 'NONE', *, *, #4575, .T. ) ;
#8894 = AXIS2_PLACEMENT_3D ( 'NONE', #6043, #3827, #4633 ) ;
#8895 = EDGE_LOOP ( 'NONE', ( #567, #5749, #3641, #8685 ) ) ;
#8896 = DIRECTION ( 'NONE',  ( 1.000000000000000000, 0.000000000000000000, 0.000000000000000000 ) ) ;
#8897 = EDGE_LOOP ( 'NONE', ( #2681, #9455, #9298, #7522 ) ) ;
#8898 = CARTESIAN_POINT ( 'NONE',  ( -21.00000000000000000, 27.00000000000000355, -11.53041406348422626 ) ) ;
#8899 = CARTESIAN_POINT ( 'NONE',  ( -19.00000000000000355, 10.50000000000000355, 16.12000000000000099 ) ) ;
#8900 = FACE_OUTER_BOUND ( 'NONE', #9310, .T. ) ;
#8901 = FACE_OUTER_BOUND ( 'NONE', #6399, .T. ) ;
#8902 = ORIENTED_EDGE ( 'NONE', *, *, #3545, .F. ) ;
#8903 = DIRECTION ( 'NONE',  ( -0.000000000000000000, 1.000000000000000000, 0.000000000000000000 ) ) ;
#8904 = CARTESIAN_POINT ( 'NONE',  ( -24.49999999999999645, 1.727922061357856087, -5.941079761754771482 ) ) ;
#8905 = DIRECTION ( 'NONE',  ( 0.000000000000000000, 0.000000000000000000, -1.000000000000000000 ) ) ;
#8906 = AXIS2_PLACEMENT_3D ( 'NONE', #8847, #4903, #6415 ) ;
#8907 = ORIENTED_EDGE ( 'NONE', *, *, #5980, .F. ) ;
#8908 = FACE_OUTER_BOUND ( 'NONE', #3865, .T. ) ;
#8909 = CARTESIAN_POINT ( 'NONE',  ( -28.87999999999999901, 11.99999999999999822, -14.49999999999999822 ) ) ;
#8910 = CARTESIAN_POINT ( 'NONE',  ( 9.999999999999927169, -12.49999999999999822, -0.4999999999998998579 ) ) ;
#8911 = CIRCLE ( 'NONE', #3073, 1.619999999999998108 ) ;
#8912 = AXIS2_PLACEMENT_3D ( 'NONE', #8447, #3108, #6110 ) ;
#8913 = FACE_BOUND ( 'NONE', #6966, .T. ) ;
#8914 = ADVANCED_FACE ( 'NONE', ( #4009 ), #1045, .T. ) ;
#8915 = DIRECTION ( 'NONE',  ( 0.000000000000000000, 0.000000000000000000, -1.000000000000000000 ) ) ;
#8916 = CIRCLE ( 'NONE', #5919, 1.500000000000001332 ) ;
#8917 = ORIENTED_EDGE ( 'NONE', *, *, #7355, .T. ) ;
#8918 = ORIENTED_EDGE ( 'NONE', *, *, #2575, .T. ) ;
#8919 = CIRCLE ( 'NONE', #6226, 0.1200000000000003147 ) ;
#8920 = ORIENTED_EDGE ( 'NONE', *, *, #4712, .T. ) ;
#8921 = ORIENTED_EDGE ( 'NONE', *, *, #3904, .F. ) ;
#8922 = EDGE_CURVE ( 'NONE', #9498, #9074, #8612, .T. ) ;
#8923 = CARTESIAN_POINT ( 'NONE',  ( -4.501122346247669270, 0.8753458727129065364, 17.38000000000000611 ) ) ;
#8924 = ORIENTED_EDGE ( 'NONE', *, *, #1371, .T. ) ;
#8925 = ADVANCED_FACE ( 'NONE', ( #9532 ), #270, .T. ) ;
#8926 = AXIS2_PLACEMENT_3D ( 'NONE', #6154, #6900, #7743 ) ;
#8927 = FACE_OUTER_BOUND ( 'NONE', #1146, .T. ) ;
#8928 = AXIS2_PLACEMENT_3D ( 'NONE', #2628, #1880, #6174 ) ;
#8929 = EDGE_CURVE ( 'NONE', #6894, #8177, #2778, .T. ) ;
#8930 = VERTEX_POINT ( 'NONE', #3523 ) ;
#8931 = VERTEX_POINT ( 'NONE', #9624 ) ;
#8932 = CARTESIAN_POINT ( 'NONE',  ( 21.00000000000000355, -12.37999999999996703, 10.33348794342497712 ) ) ;
#8933 = ORIENTED_EDGE ( 'NONE', *, *, #1672, .F. ) ;
#8934 = ORIENTED_EDGE ( 'NONE', *, *, #8548, .F. ) ;
#8935 = ORIENTED_EDGE ( 'NONE', *, *, #819, .T. ) ;
#8936 = FACE_BOUND ( 'NONE', #6404, .T. ) ;
#8937 = AXIS2_PLACEMENT_3D ( 'NONE', #6417, #466, #7972 ) ;
#8938 = CARTESIAN_POINT ( 'NONE',  ( 20.70000000000000284, -12.49999999999999822, -11.11041406348422633 ) ) ;
#8939 = DIRECTION ( 'NONE',  ( 0.000000000000000000, 0.000000000000000000, -1.000000000000000000 ) ) ;
#8940 = EDGE_CURVE ( 'NONE', #3205, #7241, #9086, .T. ) ;
#8941 = VERTEX_POINT ( 'NONE', #6472 ) ;
#8942 = EDGE_CURVE ( 'NONE', #13, #203, #1517, .T. ) ;
#8943 = DIRECTION ( 'NONE',  ( 1.000000000000000000, -0.000000000000000000, 0.000000000000000000 ) ) ;
#8944 = DIRECTION ( 'NONE',  ( 0.000000000000000000, 0.000000000000000000, -1.000000000000000000 ) ) ;
#8945 = ORIENTED_EDGE ( 'NONE', *, *, #4152, .T. ) ;
#8946 = DIRECTION ( 'NONE',  ( 0.000000000000000000, 0.000000000000000000, 1.000000000000000000 ) ) ;
#8947 = DIRECTION ( 'NONE',  ( 0.000000000000000000, -1.000000000000000000, 0.000000000000000000 ) ) ;
#8948 = LINE ( 'NONE', #6674, #8160 ) ;
#8949 = CARTESIAN_POINT ( 'NONE',  ( 21.12000000000000099, 10.49999999999999822, -13.00000000000000000 ) ) ;
#8950 = DIRECTION ( 'NONE',  ( 0.000000000000000000, 0.000000000000000000, 1.000000000000000000 ) ) ;
#8951 = CARTESIAN_POINT ( 'NONE',  ( -10.00000000000002665, -11.11999999999999922, -12.87999999999990131 ) ) ;
#8952 = CARTESIAN_POINT ( 'NONE',  ( -8.505345872712823052, 7.748877653752450634, 17.38000000000000611 ) ) ;
#8953 = ORIENTED_EDGE ( 'NONE', *, *, #8555, .T. ) ;
#8954 = CARTESIAN_POINT ( 'NONE',  ( -28.88000000000000256, -12.37999999999999723, -12.50000000000000178 ) ) ;
#8955 = CARTESIAN_POINT ( 'NONE',  ( -28.87999999999999901, 10.49999999999999112, -14.49999999999999822 ) ) ;
#8956 = DIRECTION ( 'NONE',  ( 0.000000000000000000, 0.000000000000000000, -1.000000000000000000 ) ) ;
#8957 = CIRCLE ( 'NONE', #7221, 1.678920238245226848 ) ;
#8958 = DIRECTION ( 'NONE',  ( -1.000000000000000000, 0.000000000000000000, 0.000000000000000000 ) ) ;
#8959 = DIRECTION ( 'NONE',  ( -0.000000000000000000, 0.000000000000000000, 1.000000000000000000 ) ) ;
#8960 = CIRCLE ( 'NONE', #2495, 1.879999999999999671 ) ;
#8961 = CYLINDRICAL_SURFACE ( 'NONE', #7783, 1.500000000000001332 ) ;
#8962 = ORIENTED_EDGE ( 'NONE', *, *, #6493, .T. ) ;
#8963 = EDGE_LOOP ( 'NONE', ( #3735, #8515, #7866, #2358 ) ) ;
#8964 = ORIENTED_EDGE ( 'NONE', *, *, #7538, .F. ) ;
#8965 = ORIENTED_EDGE ( 'NONE', *, *, #3741, .T. ) ;
#8966 = CARTESIAN_POINT ( 'NONE',  ( -24.49999999999999645, -11.00000000000000000, -7.499999999999999112 ) ) ;
#8967 = EDGE_CURVE ( 'NONE', #6565, #9212, #4663, .T. ) ;
#8968 = TOROIDAL_SURFACE ( 'NONE', #2191, 1.620000000000000773, 0.1199999999999999956 ) ;
#8969 = FACE_OUTER_BOUND ( 'NONE', #8271, .T. ) ;
#8970 = ORIENTED_EDGE ( 'NONE', *, *, #7174, .T. ) ;
#8971 = AXIS2_PLACEMENT_3D ( 'NONE', #6338, #485, #7937 ) ;
#8972 = ORIENTED_EDGE ( 'NONE', *, *, #8693, .F. ) ;
#8973 = EDGE_CURVE ( 'NONE', #6524, #4228, #6085, .T. ) ;
#8974 = EDGE_CURVE ( 'NONE', #2112, #932, #589, .T. ) ;
#8975 = ORIENTED_EDGE ( 'NONE', *, *, #192, .F. ) ;
#8976 = ORIENTED_EDGE ( 'NONE', *, *, #7493, .T. ) ;
#8977 = ORIENTED_EDGE ( 'NONE', *, *, #862, .T. ) ;
#8978 = AXIS2_PLACEMENT_3D ( 'NONE', #7819, #8648, #4112 ) ;
#8979 = CARTESIAN_POINT ( 'NONE',  ( -21.00000000000000355, 27.00000000000000355, 10.33348794342497712 ) ) ;
#8980 = EDGE_CURVE ( 'NONE', #8985, #5268, #8016, .T. ) ;
#8981 = CARTESIAN_POINT ( 'NONE',  ( -9.874654127287220362, -6.248877653752255235, 16.11999999999999744 ) ) ;
#8982 = DIRECTION ( 'NONE',  ( -1.000000000000000000, 0.000000000000000000, 0.000000000000000000 ) ) ;
#8983 = EDGE_LOOP ( 'NONE', ( #3461, #8154, #5857, #3293 ) ) ;
#8984 = CIRCLE ( 'NONE', #3783, 1.620000000000000773 ) ;
#8985 = VERTEX_POINT ( 'NONE', #1237 ) ;
#8986 = DIRECTION ( 'NONE',  ( -1.000000000000000000, 0.000000000000000000, 0.000000000000000000 ) ) ;
#8987 = CIRCLE ( 'NONE', #4732, 1.617476254756361476 ) ;
#8988 = DIRECTION ( 'NONE',  ( 0.000000000000000000, 0.000000000000000000, -1.000000000000000000 ) ) ;
#8989 = CIRCLE ( 'NONE', #4588, 2.000000000000001776 ) ;
#8990 = CARTESIAN_POINT ( 'NONE',  ( -6.999999999999999112, -12.37999999999999901, 2.500000000000001332 ) ) ;
#8991 = CIRCLE ( 'NONE', #1731, 1.500000000000000666 ) ;
#8992 = EDGE_CURVE ( 'NONE', #6181, #1065, #5134, .T. ) ;
#8993 = ORIENTED_EDGE ( 'NONE', *, *, #5915, .T. ) ;
#8994 = ADVANCED_FACE ( 'NONE', ( #2081 ), #5614, .T. ) ;
#8995 = CARTESIAN_POINT ( 'NONE',  ( 27.00000000000000355, -12.49999999999999822, 9.713487943424976123 ) ) ;
#8996 = DIRECTION ( 'NONE',  ( -1.000000000000000000, -0.000000000000000000, -0.000000000000000000 ) ) ;
#8997 = CIRCLE ( 'NONE', #6776, 1.620000000000000773 ) ;
#8998 = DIRECTION ( 'NONE',  ( 0.000000000000000000, 0.000000000000000000, 1.000000000000000000 ) ) ;
#8999 = CARTESIAN_POINT ( 'NONE',  ( 6.999999999999999112, -12.37999999999999901, 4.119999999999952145 ) ) ;
#9000 = CARTESIAN_POINT ( 'NONE',  ( -16.99887765375237692, 0.6246541272872884187, 16.12000000000000099 ) ) ;
#9001 = CARTESIAN_POINT ( 'NONE',  ( -24.00000000000000000, 7.434871098704545211, -13.12000000000000099 ) ) ;
#9002 = AXIS2_PLACEMENT_3D ( 'NONE', #9668, #3563, #6575 ) ;
#9003 = ORIENTED_EDGE ( 'NONE', *, *, #8786, .F. ) ;
#9004 = ORIENTED_EDGE ( 'NONE', *, *, #5174, .F. ) ;
#9005 = CARTESIAN_POINT ( 'NONE',  ( -8.374654127287218586, -6.248877653752255235, 17.38000000000000611 ) ) ;
#9006 = EDGE_CURVE ( 'NONE', #4168, #7534, #5156, .T. ) ;
#9007 = EDGE_CURVE ( 'NONE', #6681, #4829, #9387, .T. ) ;
#9008 = DIRECTION ( 'NONE',  ( 4.841193211655195936E-16, -0.000000000000000000, -1.000000000000000000 ) ) ;
#9009 = CARTESIAN_POINT ( 'NONE',  ( -17.80000000000000782, 27.00000000000000355, -17.50000000000000000 ) ) ;
#9010 = VECTOR ( 'NONE', #4808, 1000.000000000000000 ) ;
#9011 = FACE_OUTER_BOUND ( 'NONE', #1375, .T. ) ;
#9012 = CIRCLE ( 'NONE', #7747, 0.1199999999999985800 ) ;
#9013 = FACE_BOUND ( 'NONE', #9399, .T. ) ;
#9014 = FACE_OUTER_BOUND ( 'NONE', #2321, .T. ) ;
#9015 = AXIS2_PLACEMENT_3D ( 'NONE', #9136, #720, #9720 ) ;
#9016 = FACE_OUTER_BOUND ( 'NONE', #1833, .T. ) ;
#9017 = ORIENTED_EDGE ( 'NONE', *, *, #6990, .F. ) ;
#9018 = EDGE_LOOP ( 'NONE', ( #6597, #7640 ) ) ;
#9019 = ORIENTED_EDGE ( 'NONE', *, *, #3133, .F. ) ;
#9020 = CIRCLE ( 'NONE', #9639, 0.1199999999999985800 ) ;
#9021 = LINE ( 'NONE', #6138, #9264 ) ;
#9022 = DIRECTION ( 'NONE',  ( 0.000000000000000000, 0.000000000000000000, -1.000000000000000000 ) ) ;
#9023 = VECTOR ( 'NONE', #9185, 1000.000000000000000 ) ;
#9024 = DIRECTION ( 'NONE',  ( -0.000000000000000000, -0.000000000000000000, 1.000000000000000000 ) ) ;
#9025 = AXIS2_PLACEMENT_3D ( 'NONE', #8409, #3162, #6170 ) ;
#9026 = ORIENTED_EDGE ( 'NONE', *, *, #319, .T. ) ;
#9027 = CARTESIAN_POINT ( 'NONE',  ( 20.10000000000000853, 27.00000000000000355, -11.23041406348422733 ) ) ;
#9028 = ORIENTED_EDGE ( 'NONE', *, *, #7527, .T. ) ;
#9029 = ORIENTED_EDGE ( 'NONE', *, *, #8172, .T. ) ;
#9030 = AXIS2_PLACEMENT_3D ( 'NONE', #4782, #393, #248 ) ;
#9031 = CARTESIAN_POINT ( 'NONE',  ( 0.000000000000000000, 1.727922061357856087, -1.999999999999998224 ) ) ;
#9032 = CIRCLE ( 'NONE', #64, 0.1200000000000003147 ) ;
#9033 = CARTESIAN_POINT ( 'NONE',  ( 24.49999999999999645, -11.11999999999999922, -5.941079761754771482 ) ) ;
#9034 = CARTESIAN_POINT ( 'NONE',  ( 20.10000000000000853, -12.49999999999999822, -11.53041406348422626 ) ) ;
#9035 = ORIENTED_EDGE ( 'NONE', *, *, #8459, .F. ) ;
#9036 = ORIENTED_EDGE ( 'NONE', *, *, #2548, .F. ) ;
#9037 = CYLINDRICAL_SURFACE ( 'NONE', #4109, 1.500000000000003109 ) ;
#9038 = ADVANCED_FACE ( 'NONE', ( #2725 ), #5735, .F. ) ;
#9039 = CARTESIAN_POINT ( 'NONE',  ( -3.000000000000001776, 1.727922061357856087, -7.499999999999998224 ) ) ;
#9040 = DIRECTION ( 'NONE',  ( -1.000000000000000000, 0.000000000000000000, 0.000000000000000000 ) ) ;
#9041 = EDGE_CURVE ( 'NONE', #5800, #6785, #8795, .T. ) ;
#9042 = FACE_BOUND ( 'NONE', #2547, .T. ) ;
#9043 = DIRECTION ( 'NONE',  ( -0.000000000000000000, -1.000000000000000000, -0.000000000000000000 ) ) ;
#9044 = EDGE_CURVE ( 'NONE', #5904, #7689, #2131, .T. ) ;
#9045 = TOROIDAL_SURFACE ( 'NONE', #2585, 1.620000000000002549, 0.1199999999999999956 ) ;
#9046 = CARTESIAN_POINT ( 'NONE',  ( 24.49999999999999645, 1.727922061357856087, -9.058920238245224965 ) ) ;
#9047 = DIRECTION ( 'NONE',  ( -0.000000000000000000, 0.000000000000000000, 1.000000000000000000 ) ) ;
#9048 = CARTESIAN_POINT ( 'NONE',  ( -20.70000000000000284, -11.11999999999999744, -11.53041406348422626 ) ) ;
#9049 = ADVANCED_FACE ( 'NONE', ( #8900 ), #8073, .F. ) ;
#9050 = DIRECTION ( 'NONE',  ( 0.000000000000000000, 0.000000000000000000, -1.000000000000000000 ) ) ;
#9051 = AXIS2_PLACEMENT_3D ( 'NONE', #4321, #5116, #8133 ) ;
#9052 = ORIENTED_EDGE ( 'NONE', *, *, #3676, .T. ) ;
#9053 = VERTEX_POINT ( 'NONE', #571 ) ;
#9054 = PLANE ( 'NONE',  #4260 ) ;
#9055 = DIRECTION ( 'NONE',  ( 0.000000000000000000, 0.000000000000000000, 1.000000000000000000 ) ) ;
#9056 = CARTESIAN_POINT ( 'NONE',  ( -3.000000000000001776, -11.11999999999999922, -9.119999999999999218 ) ) ;
#9057 = DIRECTION ( 'NONE',  ( 0.000000000000000000, -1.000000000000000000, -0.000000000000000000 ) ) ;
#9058 = CIRCLE ( 'NONE', #3856, 0.5000000000000004441 ) ;
#9059 = ADVANCED_FACE ( 'NONE', ( #7172 ), #7677, .T. ) ;
#9060 = CARTESIAN_POINT ( 'NONE',  ( -21.00000000000000000, 27.00000000000000355, -11.53041406348422626 ) ) ;
#9061 = EDGE_CURVE ( 'NONE', #7541, #6894, #6373, .T. ) ;
#9062 = DIRECTION ( 'NONE',  ( 0.000000000000000000, -1.000000000000000000, -1.508455196501571429E-16 ) ) ;
#9063 = VERTEX_POINT ( 'NONE', #3019 ) ;
#9064 = ORIENTED_EDGE ( 'NONE', *, *, #9044, .T. ) ;
#9065 = VERTEX_POINT ( 'NONE', #8310 ) ;
#9066 = DIRECTION ( 'NONE',  ( -0.000000000000000000, -1.000000000000000000, -0.000000000000000000 ) ) ;
#9067 = CARTESIAN_POINT ( 'NONE',  ( 27.00000000000000355, -12.37999999999999901, 9.713487943424976123 ) ) ;
#9068 = AXIS2_PLACEMENT_3D ( 'NONE', #9225, #3997, #4841 ) ;
#9069 = ORIENTED_EDGE ( 'NONE', *, *, #7711, .F. ) ;
#9070 = DIRECTION ( 'NONE',  ( 1.000000000000000000, 0.000000000000000000, 1.224646799147352961E-16 ) ) ;
#9071 = CIRCLE ( 'NONE', #7974, 0.1199999999999998845 ) ;
#9072 = ORIENTED_EDGE ( 'NONE', *, *, #1784, .T. ) ;
#9073 = DIRECTION ( 'NONE',  ( -1.000000000000000000, 0.000000000000000000, 0.000000000000000000 ) ) ;
#9074 = VERTEX_POINT ( 'NONE', #76 ) ;
#9075 = ORIENTED_EDGE ( 'NONE', *, *, #1438, .T. ) ;
#9076 = DIRECTION ( 'NONE',  ( 0.000000000000000000, 0.000000000000000000, 1.000000000000000000 ) ) ;
#9077 = AXIS2_PLACEMENT_3D ( 'NONE', #1030, #2504, #4035 ) ;
#9078 = CARTESIAN_POINT ( 'NONE',  ( -10.00000000000000178, -11.11999999999999922, -11.99999999999999645 ) ) ;
#9079 = LINE ( 'NONE', #2173, #9223 ) ;
#9080 = VERTEX_POINT ( 'NONE', #7613 ) ;
#9081 = AXIS2_PLACEMENT_3D ( 'NONE', #8032, #3479, #1253 ) ;
#9082 = ORIENTED_EDGE ( 'NONE', *, *, #3435, .F. ) ;
#9083 = ORIENTED_EDGE ( 'NONE', *, *, #4458, .F. ) ;
#9084 = DIRECTION ( 'NONE',  ( 0.000000000000000000, 0.000000000000000000, -1.000000000000000000 ) ) ;
#9085 = DIRECTION ( 'NONE',  ( -0.000000000000000000, 1.508455196501571429E-16, -1.000000000000000000 ) ) ;
#9086 = CIRCLE ( 'NONE', #6567, 1.684871098704546322 ) ;
#9087 = DIRECTION ( 'NONE',  ( 1.000000000000000000, 0.000000000000000000, 0.000000000000000000 ) ) ;
#9088 = DIRECTION ( 'NONE',  ( 0.000000000000000000, -1.000000000000000000, -1.508455196501571429E-16 ) ) ;
#9089 = EDGE_CURVE ( 'NONE', #5323, #4155, #7338, .T. ) ;
#9090 = DIRECTION ( 'NONE',  ( -0.000000000000000000, -1.000000000000000000, -0.000000000000000000 ) ) ;
#9091 = DIRECTION ( 'NONE',  ( 0.000000000000000000, 0.000000000000000000, -1.000000000000000000 ) ) ;
#9092 = CARTESIAN_POINT ( 'NONE',  ( 6.999999999999999112, -11.11999999999999922, 2.499999999999951594 ) ) ;
#9093 = DIRECTION ( 'NONE',  ( 0.000000000000000000, 0.000000000000000000, 1.000000000000000000 ) ) ;
#9094 = ADVANCED_FACE ( 'NONE', ( #5338 ), #4833, .T. ) ;
#9095 = EDGE_LOOP ( 'NONE', ( #7204, #3873, #6849, #7304 ) ) ;
#9096 = FACE_OUTER_BOUND ( 'NONE', #1410, .T. ) ;
#9097 = CARTESIAN_POINT ( 'NONE',  ( 9.874654127287220362, -7.868877653752257118, 16.11999999999999744 ) ) ;
#9098 = LINE ( 'NONE', #5989, #1040 ) ;
#9099 = EDGE_CURVE ( 'NONE', #5501, #3489, #4614, .T. ) ;
#9100 = DIRECTION ( 'NONE',  ( -0.000000000000000000, 1.508455196501571429E-16, -1.000000000000000000 ) ) ;
#9101 = CARTESIAN_POINT ( 'NONE',  ( 10.12534587271282582, 6.248877653752447969, 16.12000000000000099 ) ) ;
#9102 = CARTESIAN_POINT ( 'NONE',  ( 3.000000000000001776, -12.49999999999999822, -9.119999999999999218 ) ) ;
#9103 = CARTESIAN_POINT ( 'NONE',  ( 9.874654127287220362, -4.628877653752252463, 16.00000000000000000 ) ) ;
#9104 = VERTEX_POINT ( 'NONE', #5293 ) ;
#9105 = EDGE_LOOP ( 'NONE', ( #2923, #1815 ) ) ;
#9106 = EDGE_LOOP ( 'NONE', ( #6693, #9113, #6403, #5809 ) ) ;
#9107 = CARTESIAN_POINT ( 'NONE',  ( -24.49999999999999645, -11.11999999999999922, 2.500000000000001332 ) ) ;
#9108 = DIRECTION ( 'NONE',  ( 0.000000000000000000, 0.000000000000000000, 1.000000000000000000 ) ) ;
#9109 = ADVANCED_FACE ( 'NONE', ( #2328 ), #5976, .F. ) ;
#9110 = EDGE_CURVE ( 'NONE', #4866, #744, #8948, .T. ) ;
#9111 = EDGE_LOOP ( 'NONE', ( #8993, #614, #7863, #1907 ) ) ;
#9112 = CARTESIAN_POINT ( 'NONE',  ( -10.00000000000002665, -12.49999999999999822, -14.49999999999990230 ) ) ;
#9113 = ORIENTED_EDGE ( 'NONE', *, *, #3229, .F. ) ;
#9114 = TOROIDAL_SURFACE ( 'NONE', #2338, 1.620000000000000773, 0.1199999999999999956 ) ;
#9115 = VERTEX_POINT ( 'NONE', #2232 ) ;
#9116 = ORIENTED_EDGE ( 'NONE', *, *, #7841, .F. ) ;
#9117 = DIRECTION ( 'NONE',  ( 0.000000000000000000, 0.000000000000000000, -1.000000000000000000 ) ) ;
#9118 = ORIENTED_EDGE ( 'NONE', *, *, #548, .F. ) ;
#9119 = EDGE_LOOP ( 'NONE', ( #8444, #8421, #4716, #5009 ) ) ;
#9120 = ORIENTED_EDGE ( 'NONE', *, *, #5559, .T. ) ;
#9121 = DIRECTION ( 'NONE',  ( -0.000000000000000000, 1.000000000000000000, -0.000000000000000000 ) ) ;
#9122 = VECTOR ( 'NONE', #6841, 1000.000000000000000 ) ;
#9123 = ADVANCED_FACE ( 'NONE', ( #7513 ), #3885, .T. ) ;
#9124 = DIRECTION ( 'NONE',  ( -1.000000000000000000, -0.000000000000000000, -0.000000000000000000 ) ) ;
#9125 = DIRECTION ( 'NONE',  ( 1.000000000000000000, 0.000000000000000000, 0.000000000000000000 ) ) ;
#9126 = CIRCLE ( 'NONE', #6445, 2.000000000000000000 ) ;
#9127 = EDGE_LOOP ( 'NONE', ( #4485, #772, #554, #6348 ) ) ;
#9128 = CARTESIAN_POINT ( 'NONE',  ( -20.10000000000000853, -11.11999999999998323, -11.23041406348422555 ) ) ;
#9129 = TOROIDAL_SURFACE ( 'NONE', #7236, 1.620000000000000773, 0.1199999999999999956 ) ;
#9130 = DIRECTION ( 'NONE',  ( -1.000000000000000000, 0.000000000000000000, 0.000000000000000000 ) ) ;
#9131 = CIRCLE ( 'NONE', #5200, 0.1199999999999998845 ) ;
#9132 = CARTESIAN_POINT ( 'NONE',  ( -9.874654127287220362, -7.868877653752257118, 16.00000000000000000 ) ) ;
#9133 = DIRECTION ( 'NONE',  ( -0.000000000000000000, -1.000000000000000000, -0.000000000000000000 ) ) ;
#9134 = DIRECTION ( 'NONE',  ( -1.000000000000000000, -0.000000000000000000, -0.000000000000000000 ) ) ;
#9135 = TOROIDAL_SURFACE ( 'NONE', #2831, 1.879999999999998339, 0.1199999999999999956 ) ;
#9136 = CARTESIAN_POINT ( 'NONE',  ( 2.428612866367529932E-14, -11.11999999999999922, 9.500000000000001776 ) ) ;
#9137 = FACE_OUTER_BOUND ( 'NONE', #1714, .T. ) ;
#9138 = TOROIDAL_SURFACE ( 'NONE', #3467, 1.678920238245227292, 0.1199999999999999956 ) ;
#9139 = CIRCLE ( 'NONE', #7087, 0.4199999999999984857 ) ;
#9140 = CARTESIAN_POINT ( 'NONE',  ( 24.00000000000000000, 7.434871098704545211, -13.12000000000000099 ) ) ;
#9141 = LINE ( 'NONE', #2383, #4129 ) ;
#9142 = AXIS2_PLACEMENT_3D ( 'NONE', #4797, #9269, #5530 ) ;
#9143 = DIRECTION ( 'NONE',  ( 0.000000000000000000, 0.000000000000000000, -1.000000000000000000 ) ) ;
#9144 = CARTESIAN_POINT ( 'NONE',  ( 28.87999999999999901, 10.49999999999999645, -14.49999999999999822 ) ) ;
#9145 = AXIS2_PLACEMENT_3D ( 'NONE', #7163, #7965, #6411 ) ;
#9146 = CARTESIAN_POINT ( 'NONE',  ( -20.10000000000000853, -11.11999999999999744, -11.53041406348422626 ) ) ;
#9147 = DIRECTION ( 'NONE',  ( 0.000000000000000000, -1.000000000000000000, 0.000000000000000000 ) ) ;
#9148 = LINE ( 'NONE', #3171, #8068 ) ;
#9149 = AXIS2_PLACEMENT_3D ( 'NONE', #8981, #5874, #2864 ) ;
#9150 = CARTESIAN_POINT ( 'NONE',  ( 19.68000000000000327, -11.00000000000000000, -17.50000000000000000 ) ) ;
#9151 = AXIS2_PLACEMENT_3D ( 'NONE', #2020, #5877, #7407 ) ;
#9152 = DIRECTION ( 'NONE',  ( -0.000000000000000000, -1.000000000000000000, -0.000000000000000000 ) ) ;
#9153 = ADVANCED_FACE ( 'NONE', ( #3110 ), #6856, .T. ) ;
#9154 = ORIENTED_EDGE ( 'NONE', *, *, #4951, .F. ) ;
#9155 = ORIENTED_EDGE ( 'NONE', *, *, #5389, .T. ) ;
#9156 = ORIENTED_EDGE ( 'NONE', *, *, #4032, .T. ) ;
#9157 = DIRECTION ( 'NONE',  ( 0.000000000000000000, -1.000000000000000000, -0.000000000000000000 ) ) ;
#9158 = DIRECTION ( 'NONE',  ( 1.000000000000000000, -0.000000000000000000, 0.000000000000000000 ) ) ;
#9159 = VECTOR ( 'NONE', #1011, 1000.000000000000000 ) ;
#9160 = EDGE_CURVE ( 'NONE', #9164, #5170, #8171, .T. ) ;
#9161 = EDGE_CURVE ( 'NONE', #3931, #3057, #4353, .T. ) ;
#9162 = CARTESIAN_POINT ( 'NONE',  ( 24.00000000000000000, 5.749999999999999112, -14.50000000000000000 ) ) ;
#9163 = AXIS2_PLACEMENT_3D ( 'NONE', #7973, #1199, #1344 ) ;
#9164 = VERTEX_POINT ( 'NONE', #7417 ) ;
#9165 = AXIS2_PLACEMENT_3D ( 'NONE', #8079, #5984, #3765 ) ;
#9166 = EDGE_CURVE ( 'NONE', #1381, #8177, #9674, .T. ) ;
#9167 = CARTESIAN_POINT ( 'NONE',  ( 20.88000000000000611, -11.00000000000000000, 10.33348794342497712 ) ) ;
#9168 = ORIENTED_EDGE ( 'NONE', *, *, #7920, .T. ) ;
#9169 = EDGE_LOOP ( 'NONE', ( #1976, #2680, #5767, #9035 ) ) ;
#9170 = EDGE_LOOP ( 'NONE', ( #9302, #5712, #3879, #7147 ) ) ;
#9171 = CARTESIAN_POINT ( 'NONE',  ( 9.999999999999927169, -11.00000000000000000, 1.120000000000100915 ) ) ;
#9172 = AXIS2_PLACEMENT_3D ( 'NONE', #1828, #4800, #1000 ) ;
#9173 = CARTESIAN_POINT ( 'NONE',  ( 28.87999999999999901, 10.49999999999999645, -14.37999999999999901 ) ) ;
#9174 = CYLINDRICAL_SURFACE ( 'NONE', #1668, 2.000000000000001776 ) ;
#9175 = AXIS2_PLACEMENT_3D ( 'NONE', #4900, #9418, #3256 ) ;
#9176 = VERTEX_POINT ( 'NONE', #3715 ) ;
#9177 = CARTESIAN_POINT ( 'NONE',  ( 9.999999999999927169, -11.00000000000000000, -2.119999999999900631 ) ) ;
#9178 = TOROIDAL_SURFACE ( 'NONE', #9030, 1.619999999999999440, 0.1199999999999999956 ) ;
#9179 = EDGE_CURVE ( 'NONE', #3945, #3276, #6066, .T. ) ;
#9180 = FACE_OUTER_BOUND ( 'NONE', #1361, .T. ) ;
#9181 = EDGE_CURVE ( 'NONE', #7725, #7089, #1660, .T. ) ;
#9182 = AXIS2_PLACEMENT_3D ( 'NONE', #1914, #8588, #4837 ) ;
#9183 = DIRECTION ( 'NONE',  ( 0.000000000000000000, 0.000000000000000000, -1.000000000000000000 ) ) ;
#9184 = CYLINDRICAL_SURFACE ( 'NONE', #3941, 0.1199999999999985800 ) ;
#9185 = DIRECTION ( 'NONE',  ( 1.000000000000000000, -0.000000000000000000, -0.000000000000000000 ) ) ;
#9186 = AXIS2_PLACEMENT_3D ( 'NONE', #7597, #1471, #1566 ) ;
#9187 = CARTESIAN_POINT ( 'NONE',  ( 24.49999999999999645, 1.727922061357856087, 4.058920238245228518 ) ) ;
#9188 = CARTESIAN_POINT ( 'NONE',  ( 24.49999999999999645, -11.11999999999999922, -7.499999999999999112 ) ) ;
#9189 = AXIS2_PLACEMENT_3D ( 'NONE', #5541, #1781, #4804 ) ;
#9190 = VERTEX_POINT ( 'NONE', #25 ) ;
#9191 = DIRECTION ( 'NONE',  ( 0.000000000000000000, -1.000000000000000000, 0.000000000000000000 ) ) ;
#9192 = FACE_OUTER_BOUND ( 'NONE', #6957, .T. ) ;
#9193 = CARTESIAN_POINT ( 'NONE',  ( -7.329206686002009974E-14, -12.37999999999999901, -4.499999999999998224 ) ) ;
#9194 = DIRECTION ( 'NONE',  ( 0.000000000000000000, 0.000000000000000000, 1.000000000000000000 ) ) ;
#9195 = TOROIDAL_SURFACE ( 'NONE', #2742, 4.619999999999998330, 0.1199999999999999956 ) ;
#9196 = DIRECTION ( 'NONE',  ( 1.000000000000000000, 0.000000000000000000, 1.224646799147352961E-16 ) ) ;
#9197 = ORIENTED_EDGE ( 'NONE', *, *, #4351, .T. ) ;
#9198 = ORIENTED_EDGE ( 'NONE', *, *, #4862, .F. ) ;
#9199 = AXIS2_PLACEMENT_3D ( 'NONE', #5085, #1174, #9559 ) ;
#9200 = DIRECTION ( 'NONE',  ( -0.000000000000000000, 1.000000000000000000, 0.000000000000000000 ) ) ;
#9201 = CARTESIAN_POINT ( 'NONE',  ( -27.50000000000000000, 11.99999999999999112, -14.37999999999999723 ) ) ;
#9202 = EDGE_CURVE ( 'NONE', #2445, #9487, #7175, .T. ) ;
#9203 = CARTESIAN_POINT ( 'NONE',  ( -21.00000000000000000, -10.49999999999999822, -13.11999999999999922 ) ) ;
#9204 = VERTEX_POINT ( 'NONE', #3064 ) ;
#9205 = DIRECTION ( 'NONE',  ( 0.000000000000000000, 0.000000000000000000, -1.000000000000000000 ) ) ;
#9206 = EDGE_CURVE ( 'NONE', #2259, #5649, #7184, .T. ) ;
#9207 = ORIENTED_EDGE ( 'NONE', *, *, #3165, .T. ) ;
#9208 = ORIENTED_EDGE ( 'NONE', *, *, #2271, .F. ) ;
#9209 = CIRCLE ( 'NONE', #2442, 1.500000000000002220 ) ;
#9210 = EDGE_CURVE ( 'NONE', #1915, #9672, #7814, .T. ) ;
#9211 = FACE_OUTER_BOUND ( 'NONE', #799, .T. ) ;
#9212 = VERTEX_POINT ( 'NONE', #309 ) ;
#9213 = CARTESIAN_POINT ( 'NONE',  ( -20.88000000000000611, -12.37999999999998835, 10.33348794342497712 ) ) ;
#9214 = DIRECTION ( 'NONE',  ( 0.000000000000000000, 0.000000000000000000, -1.000000000000000000 ) ) ;
#9215 = EDGE_CURVE ( 'NONE', #1180, #581, #577, .T. ) ;
#9216 = CIRCLE ( 'NONE', #1968, 1.499999999999997780 ) ;
#9217 = AXIS2_PLACEMENT_3D ( 'NONE', #1281, #2809, #2764 ) ;
#9218 = DIRECTION ( 'NONE',  ( 0.000000000000000000, 1.000000000000000000, 0.000000000000000000 ) ) ;
#9219 = DIRECTION ( 'NONE',  ( 1.000000000000000000, 0.000000000000000000, -1.224646799147353207E-16 ) ) ;
#9220 = ORIENTED_EDGE ( 'NONE', *, *, #7354, .T. ) ;
#9221 = ORIENTED_EDGE ( 'NONE', *, *, #4760, .F. ) ;
#9222 = ORIENTED_EDGE ( 'NONE', *, *, #8494, .F. ) ;
#9223 = VECTOR ( 'NONE', #1427, 1000.000000000000000 ) ;
#9224 = CIRCLE ( 'NONE', #7498, 0.1199999999999985800 ) ;
#9225 = CARTESIAN_POINT ( 'NONE',  ( 10.00000000000002665, -12.37999999999999901, -14.49999999999990230 ) ) ;
#9226 = DIRECTION ( 'NONE',  ( -1.000000000000000000, 0.000000000000000000, 0.000000000000000000 ) ) ;
#9227 = CARTESIAN_POINT ( 'NONE',  ( -24.00000000000000000, 5.749999999999999112, -13.12000000000000099 ) ) ;
#9228 = EDGE_CURVE ( 'NONE', #7040, #7848, #8751, .T. ) ;
#9229 = CARTESIAN_POINT ( 'NONE',  ( -21.00000000000000355, -12.37999999999997414, 10.33348794342497712 ) ) ;
#9230 = ADVANCED_FACE ( 'NONE', ( #3901 ), #4179, .T. ) ;
#9231 = DIRECTION ( 'NONE',  ( 0.000000000000000000, 1.000000000000000000, 0.000000000000000000 ) ) ;
#9232 = AXIS2_PLACEMENT_3D ( 'NONE', #586, #5408, #8956 ) ;
#9233 = CARTESIAN_POINT ( 'NONE',  ( 6.999999999999999112, -11.11999999999999922, 2.499999999999951594 ) ) ;
#9234 = CARTESIAN_POINT ( 'NONE',  ( 21.12000000000000099, 10.50000000000000888, -14.49999999999999822 ) ) ;
#9235 = DIRECTION ( 'NONE',  ( 0.000000000000000000, 0.000000000000000000, 1.000000000000000000 ) ) ;
#9236 = DIRECTION ( 'NONE',  ( -0.000000000000000000, -1.000000000000000000, -0.000000000000000000 ) ) ;
#9237 = CARTESIAN_POINT ( 'NONE',  ( -16.99999999999999645, -11.00000000000000000, -7.499999999999852562 ) ) ;
#9238 = DIRECTION ( 'NONE',  ( -0.000000000000000000, 1.000000000000000000, -0.000000000000000000 ) ) ;
#9239 = DIRECTION ( 'NONE',  ( 1.000000000000000000, 0.000000000000000000, -1.224646799147353207E-16 ) ) ;
#9240 = DIRECTION ( 'NONE',  ( -0.000000000000000000, -0.000000000000000000, 1.000000000000000000 ) ) ;
#9241 = ORIENTED_EDGE ( 'NONE', *, *, #5831, .T. ) ;
#9242 = ORIENTED_EDGE ( 'NONE', *, *, #1060, .F. ) ;
#9243 = ORIENTED_EDGE ( 'NONE', *, *, #5962, .T. ) ;
#9244 = LINE ( 'NONE', #2447, #3272 ) ;
#9245 = DIRECTION ( 'NONE',  ( -1.000000000000000000, -0.000000000000000000, 0.000000000000000000 ) ) ;
#9246 = CARTESIAN_POINT ( 'NONE',  ( 10.12534587271282582, 7.748877653752450634, 17.38000000000000611 ) ) ;
#9247 = EDGE_LOOP ( 'NONE', ( #8764, #9358, #6649, #1804 ) ) ;
#9248 = CARTESIAN_POINT ( 'NONE',  ( 10.00000000000000178, -12.37999999999999901, -2.880000000000000782 ) ) ;
#9249 = ORIENTED_EDGE ( 'NONE', *, *, #204, .F. ) ;
#9250 = ORIENTED_EDGE ( 'NONE', *, *, #6010, .T. ) ;
#9251 = CARTESIAN_POINT ( 'NONE',  ( 16.99887765375237692, 0.6246541272872884187, 17.38000000000000611 ) ) ;
#9252 = EDGE_CURVE ( 'NONE', #5760, #149, #9071, .T. ) ;
#9253 = ORIENTED_EDGE ( 'NONE', *, *, #3116, .T. ) ;
#9254 = DIRECTION ( 'NONE',  ( 0.000000000000000000, 0.000000000000000000, -1.000000000000000000 ) ) ;
#9255 = DIRECTION ( 'NONE',  ( -4.841193211655195936E-16, -0.000000000000000000, 1.000000000000000000 ) ) ;
#9256 = AXIS2_PLACEMENT_3D ( 'NONE', #5517, #7045, #9254 ) ;
#9257 = EDGE_CURVE ( 'NONE', #2907, #9080, #8916, .T. ) ;
#9258 = ADVANCED_FACE ( 'NONE', ( #8493 ), #3299, .T. ) ;
#9259 = VERTEX_POINT ( 'NONE', #999 ) ;
#9260 = ORIENTED_EDGE ( 'NONE', *, *, #2941, .T. ) ;
#9261 = CARTESIAN_POINT ( 'NONE',  ( 10.12534587271282582, -0.8711223462475460311, 16.00000000000000000 ) ) ;
#9262 = CARTESIAN_POINT ( 'NONE',  ( 22.50000000000000711, 10.49999999999999822, -14.37999999999999723 ) ) ;
#9263 = ORIENTED_EDGE ( 'NONE', *, *, #2515, .F. ) ;
#9264 = VECTOR ( 'NONE', #3737, 1000.000000000000000 ) ;
#9265 = ADVANCED_FACE ( 'NONE', ( #3209 ), #413, .T. ) ;
#9266 = ORIENTED_EDGE ( 'NONE', *, *, #4766, .T. ) ;
#9267 = DIRECTION ( 'NONE',  ( -1.000000000000000000, 0.000000000000000000, 0.000000000000000000 ) ) ;
#9268 = AXIS2_PLACEMENT_3D ( 'NONE', #2544, #102, #6188 ) ;
#9269 = DIRECTION ( 'NONE',  ( 0.000000000000000000, -1.000000000000000000, 0.000000000000000000 ) ) ;
#9270 = DIRECTION ( 'NONE',  ( 0.000000000000000000, 0.000000000000000000, 1.000000000000000000 ) ) ;
#9271 = DIRECTION ( 'NONE',  ( 0.000000000000000000, -0.000000000000000000, 1.000000000000000000 ) ) ;
#9272 = ADVANCED_FACE ( 'NONE', ( #361 ), #7016, .T. ) ;
#9273 = EDGE_CURVE ( 'NONE', #3447, #6092, #2765, .T. ) ;
#9274 = VECTOR ( 'NONE', #3102, 1000.000000000000000 ) ;
#9275 = DIRECTION ( 'NONE',  ( 1.000000000000000000, 0.000000000000000000, 0.000000000000000000 ) ) ;
#9276 = CIRCLE ( 'NONE', #2354, 0.1200000000000003147 ) ;
#9277 = DIRECTION ( 'NONE',  ( 0.000000000000000000, -1.000000000000000000, -1.508455196501571429E-16 ) ) ;
#9278 = ADVANCED_FACE ( 'NONE', ( #2473 ), #3251, .T. ) ;
#9279 = ORIENTED_EDGE ( 'NONE', *, *, #1242, .F. ) ;
#9280 = CARTESIAN_POINT ( 'NONE',  ( -3.001122346247667938, 0.8753458727129063144, 16.12000000000000099 ) ) ;
#9281 = VECTOR ( 'NONE', #6416, 1000.000000000000000 ) ;
#9282 = DIRECTION ( 'NONE',  ( 0.000000000000000000, 0.000000000000000000, -1.000000000000000000 ) ) ;
#9283 = LINE ( 'NONE', #1838, #7352 ) ;
#9284 = VECTOR ( 'NONE', #9722, 1000.000000000000000 ) ;
#9285 = DIRECTION ( 'NONE',  ( -1.000000000000000000, 0.000000000000000000, 0.000000000000000000 ) ) ;
#9286 = CARTESIAN_POINT ( 'NONE',  ( 9.874654127287220362, -6.248877653752255235, 16.11999999999999744 ) ) ;
#9287 = CIRCLE ( 'NONE', #4729, 1.619999999999999440 ) ;
#9288 = LINE ( 'NONE', #6835, #6640 ) ;
#9289 = ADVANCED_FACE ( 'NONE', ( #7758 ), #1827, .T. ) ;
#9290 = CIRCLE ( 'NONE', #4093, 0.1199999999999985800 ) ;
#9291 = ORIENTED_EDGE ( 'NONE', *, *, #4698, .T. ) ;
#9292 = UNCERTAINTY_MEASURE_WITH_UNIT (LENGTH_MEASURE( 1.000000000000000082E-05 ), #5520, 'distance_accuracy_value', 'NONE');
#9293 = VERTEX_POINT ( 'NONE', #5531 ) ;
#9294 = DIRECTION ( 'NONE',  ( 0.000000000000000000, 0.000000000000000000, 1.000000000000000000 ) ) ;
#9295 = CIRCLE ( 'NONE', #3647, 0.1200000000000003147 ) ;
#9296 = AXIS2_PLACEMENT_3D ( 'NONE', #3395, #2653, #3199 ) ;
#9297 = LINE ( 'NONE', #284, #7709 ) ;
#9298 = ORIENTED_EDGE ( 'NONE', *, *, #7371, .F. ) ;
#9299 = AXIS2_PLACEMENT_3D ( 'NONE', #9729, #7626, #1600 ) ;
#9300 = CARTESIAN_POINT ( 'NONE',  ( 2.428612866367529932E-14, -11.11999999999999922, 9.500000000000001776 ) ) ;
#9301 = EDGE_LOOP ( 'NONE', ( #4856, #5380, #8715, #4131 ) ) ;
#9302 = ORIENTED_EDGE ( 'NONE', *, *, #6395, .F. ) ;
#9303 = ORIENTED_EDGE ( 'NONE', *, *, #3897, .F. ) ;
#9304 = DIRECTION ( 'NONE',  ( -0.000000000000000000, 1.508455196501571429E-16, -1.000000000000000000 ) ) ;
#9305 = CARTESIAN_POINT ( 'NONE',  ( 17.80000000000000782, -12.49999999999999822, -19.38000000000000256 ) ) ;
#9306 = ORIENTED_EDGE ( 'NONE', *, *, #2518, .F. ) ;
#9307 = CIRCLE ( 'NONE', #2234, 1.500000000000000888 ) ;
#9308 = DIRECTION ( 'NONE',  ( 0.000000000000000000, -1.000000000000000000, 0.000000000000000000 ) ) ;
#9309 = CIRCLE ( 'NONE', #8698, 1.620000000000000329 ) ;
#9310 = EDGE_LOOP ( 'NONE', ( #4847, #3097, #8439, #3087 ) ) ;
#9311 = CARTESIAN_POINT ( 'NONE',  ( 29.00000000000000000, 11.87999999999999901, -14.49999999999999822 ) ) ;
#9312 = FACE_OUTER_BOUND ( 'NONE', #4044, .T. ) ;
#9313 = ORIENTED_EDGE ( 'NONE', *, *, #474, .F. ) ;
#9314 = ORIENTED_EDGE ( 'NONE', *, *, #8973, .F. ) ;
#9315 = CIRCLE ( 'NONE', #832, 1.500000000000001332 ) ;
#9316 = ORIENTED_EDGE ( 'NONE', *, *, #4526, .F. ) ;
#9317 = CARTESIAN_POINT ( 'NONE',  ( -15.49887765375237692, 0.6246541272872884187, 16.12000000000000099 ) ) ;
#9318 = TOROIDAL_SURFACE ( 'NONE', #1756, 1.880000000000001004, 0.1199999999999999956 ) ;
#9319 = DIRECTION ( 'NONE',  ( -1.000000000000000000, -0.000000000000000000, 0.000000000000000000 ) ) ;
#9320 = ORIENTED_EDGE ( 'NONE', *, *, #7557, .T. ) ;
#9321 = CARTESIAN_POINT ( 'NONE',  ( -17.80000000000000782, -11.00000000000000000, -19.38000000000000966 ) ) ;
#9322 = AXIS2_PLACEMENT_3D ( 'NONE', #4039, #5340, #5569 ) ;
#9323 = ADVANCED_FACE ( 'NONE', ( #8542 ), #7856, .F. ) ;
#9324 = CIRCLE ( 'NONE', #9025, 1.558920238245226519 ) ;
#9325 = DIRECTION ( 'NONE',  ( 0.000000000000000000, 0.000000000000000000, -1.000000000000000000 ) ) ;
#9326 = ADVANCED_FACE ( 'NONE', ( #4097 ), #6700, .T. ) ;
#9327 = EDGE_CURVE ( 'NONE', #7145, #5658, #3354, .T. ) ;
#9328 = DIRECTION ( 'NONE',  ( 0.000000000000000000, 0.000000000000000000, -1.000000000000000000 ) ) ;
#9329 = CARTESIAN_POINT ( 'NONE',  ( 0.000000000000000000, -11.00000000000000000, -2.119999999999998774 ) ) ;
#9330 = DIRECTION ( 'NONE',  ( 0.000000000000000000, 1.000000000000000000, 0.000000000000000000 ) ) ;
#9331 = DIRECTION ( 'NONE',  ( 0.000000000000000000, 0.000000000000000000, 1.000000000000000000 ) ) ;
#9332 = CYLINDRICAL_SURFACE ( 'NONE', #7115, 0.2999999999999999334 ) ;
#9333 = EDGE_CURVE ( 'NONE', #5279, #6982, #3080, .T. ) ;
#9334 = DIRECTION ( 'NONE',  ( 0.000000000000000000, 0.000000000000000000, -1.000000000000000000 ) ) ;
#9335 = VECTOR ( 'NONE', #6661, 1000.000000000000000 ) ;
#9336 = DIRECTION ( 'NONE',  ( -1.000000000000000000, 0.000000000000000000, 2.891205793294696372E-15 ) ) ;
#9337 = VECTOR ( 'NONE', #2014, 1000.000000000000000 ) ;
#9338 = ORIENTED_EDGE ( 'NONE', *, *, #146, .F. ) ;
#9339 = ORIENTED_EDGE ( 'NONE', *, *, #8662, .F. ) ;
#9340 = ORIENTED_EDGE ( 'NONE', *, *, #381, .F. ) ;
#9341 = LINE ( 'NONE', #5505, #7701 ) ;
#9342 = FACE_OUTER_BOUND ( 'NONE', #542, .T. ) ;
#9343 = DIRECTION ( 'NONE',  ( -0.000000000000000000, -0.000000000000000000, 1.000000000000000000 ) ) ;
#9344 = CIRCLE ( 'NONE', #4948, 1.499999999999999556 ) ;
#9345 = EDGE_CURVE ( 'NONE', #2370, #4335, #9216, .T. ) ;
#9346 = EDGE_CURVE ( 'NONE', #5022, #9115, #252, .T. ) ;
#9347 = DIRECTION ( 'NONE',  ( 0.000000000000000000, -1.000000000000000000, -1.508455196501571429E-16 ) ) ;
#9348 = ORIENTED_EDGE ( 'NONE', *, *, #146, .T. ) ;
#9349 = DIRECTION ( 'NONE',  ( 0.000000000000000000, 0.000000000000000000, 1.000000000000000000 ) ) ;
#9350 = EDGE_LOOP ( 'NONE', ( #8150, #5525, #2646, #6413 ) ) ;
#9351 = ORIENTED_EDGE ( 'NONE', *, *, #8889, .F. ) ;
#9352 = DIRECTION ( 'NONE',  ( -1.000000000000000000, 0.000000000000000000, 0.000000000000000000 ) ) ;
#9353 = VERTEX_POINT ( 'NONE', #7961 ) ;
#9354 = ORIENTED_EDGE ( 'NONE', *, *, #625, .T. ) ;
#9355 = CARTESIAN_POINT ( 'NONE',  ( 3.001122346247667938, 2.495345872712907642, 16.00000000000000000 ) ) ;
#9356 = VERTEX_POINT ( 'NONE', #2812 ) ;
#9357 = FACE_OUTER_BOUND ( 'NONE', #9127, .T. ) ;
#9358 = ORIENTED_EDGE ( 'NONE', *, *, #907, .F. ) ;
#9359 = CARTESIAN_POINT ( 'NONE',  ( -10.00000000000000178, -11.11999999999999922, -2.880000000000000782 ) ) ;
#9360 = CIRCLE ( 'NONE', #724, 0.1199999999999985800 ) ;
#9361 = DIRECTION ( 'NONE',  ( 4.841193211655195936E-16, 0.000000000000000000, -1.000000000000000000 ) ) ;
#9362 = VERTEX_POINT ( 'NONE', #3455 ) ;
#9363 = ORIENTED_EDGE ( 'NONE', *, *, #9061, .T. ) ;
#9364 = CARTESIAN_POINT ( 'NONE',  ( 28.88000000000000256, 10.49999999999999467, -13.00000000000000000 ) ) ;
#9365 = AXIS2_PLACEMENT_3D ( 'NONE', #228, #1786, #1008 ) ;
#9366 = CYLINDRICAL_SURFACE ( 'NONE', #3464, 0.1200000000000003147 ) ;
#9367 = DIRECTION ( 'NONE',  ( 0.000000000000000000, 0.000000000000000000, -1.000000000000000000 ) ) ;
#9368 = CIRCLE ( 'NONE', #3221, 1.500000000000001332 ) ;
#9369 = DIRECTION ( 'NONE',  ( 1.000000000000000000, 0.000000000000000000, 0.000000000000000000 ) ) ;
#9370 = ORIENTED_EDGE ( 'NONE', *, *, #5558, .F. ) ;
#9371 = CARTESIAN_POINT ( 'NONE',  ( 5.510910596163088569E-16, 1.727922061357856087, 7.000000000000000888 ) ) ;
#9372 = CARTESIAN_POINT ( 'NONE',  ( -9.874654127287220362, -6.248877653752255235, 17.50000000000000355 ) ) ;
#9373 = CARTESIAN_POINT ( 'NONE',  ( -16.99887765375237692, 0.6246541272872884187, 17.38000000000000611 ) ) ;
#9374 = FACE_OUTER_BOUND ( 'NONE', #3919, .T. ) ;
#9375 = EDGE_CURVE ( 'NONE', #161, #1698, #6519, .T. ) ;
#9376 = CARTESIAN_POINT ( 'NONE',  ( -16.99999999999999645, -11.11999999999999922, -7.499999999999852562 ) ) ;
#9377 = DIRECTION ( 'NONE',  ( -1.000000000000000000, 0.000000000000000000, 0.000000000000000000 ) ) ;
#9378 = LINE ( 'NONE', #8606, #5231 ) ;
#9379 = AXIS2_PLACEMENT_3D ( 'NONE', #4601, #6711, #1380 ) ;
#9380 = AXIS2_PLACEMENT_3D ( 'NONE', #6878, #8274, #7479 ) ;
#9381 = ADVANCED_FACE ( 'NONE', ( #7210 ), #5819, .F. ) ;
#9382 = FACE_OUTER_BOUND ( 'NONE', #4857, .T. ) ;
#9383 = EDGE_CURVE ( 'NONE', #4393, #6379, #1867, .T. ) ;
#9384 = DIRECTION ( 'NONE',  ( 0.000000000000000000, 0.000000000000000000, 1.000000000000000000 ) ) ;
#9385 = VERTEX_POINT ( 'NONE', #511 ) ;
#9386 = VERTEX_POINT ( 'NONE', #8737 ) ;
#9387 = CIRCLE ( 'NONE', #7030, 1.500000000000002220 ) ;
#9388 = ORIENTED_EDGE ( 'NONE', *, *, #7732, .T. ) ;
#9389 = EDGE_CURVE ( 'NONE', #5268, #4298, #8293, .T. ) ;
#9390 = DIRECTION ( 'NONE',  ( -1.000000000000000000, 0.000000000000000000, 0.000000000000000000 ) ) ;
#9391 = DIRECTION ( 'NONE',  ( -0.000000000000000000, -0.000000000000000000, 1.000000000000000000 ) ) ;
#9392 = DIRECTION ( 'NONE',  ( -1.000000000000000000, 0.000000000000000000, 0.000000000000000000 ) ) ;
#9393 = CARTESIAN_POINT ( 'NONE',  ( 29.00000000000000000, 12.38000000000000078, 17.38000000000000611 ) ) ;
#9394 = CARTESIAN_POINT ( 'NONE',  ( 10.00000000000002665, -11.00000000000000000, -16.11999999999990152 ) ) ;
#9395 = VERTEX_POINT ( 'NONE', #4943 ) ;
#9396 = ORIENTED_EDGE ( 'NONE', *, *, #9273, .T. ) ;
#9397 = DIRECTION ( 'NONE',  ( 1.000000000000000000, 0.000000000000000000, 0.000000000000000000 ) ) ;
#9398 = EDGE_CURVE ( 'NONE', #8295, #8010, #9535, .T. ) ;
#9399 = EDGE_LOOP ( 'NONE', ( #7374, #6017 ) ) ;
#9400 = EDGE_CURVE ( 'NONE', #932, #3090, #1347, .T. ) ;
#9401 = DIRECTION ( 'NONE',  ( 0.000000000000000000, -1.000000000000000000, -0.000000000000000000 ) ) ;
#9402 = ORIENTED_EDGE ( 'NONE', *, *, #7361, .F. ) ;
#9403 = DIRECTION ( 'NONE',  ( 0.000000000000000000, 0.000000000000000000, -1.000000000000000000 ) ) ;
#9404 = ORIENTED_EDGE ( 'NONE', *, *, #5637, .T. ) ;
#9405 = ORIENTED_EDGE ( 'NONE', *, *, #6189, .T. ) ;
#9406 = DIRECTION ( 'NONE',  ( -0.000000000000000000, 1.000000000000000000, 1.508455196501571429E-16 ) ) ;
#9407 = CARTESIAN_POINT ( 'NONE',  ( -10.00000000000000178, -11.11999999999999922, -3.000000000000000888 ) ) ;
#9408 = ORIENTED_EDGE ( 'NONE', *, *, #3844, .T. ) ;
#9409 = EDGE_CURVE ( 'NONE', #9500, #4866, #5289, .T. ) ;
#9410 = EDGE_CURVE ( 'NONE', #438, #6670, #4815, .T. ) ;
#9411 = CARTESIAN_POINT ( 'NONE',  ( 19.68000000000000682, -11.11999999999999744, -11.53041406348422626 ) ) ;
#9412 = CIRCLE ( 'NONE', #5335, 1.500000000000002220 ) ;
#9413 = DIRECTION ( 'NONE',  ( 1.000000000000000000, 0.000000000000000000, 0.000000000000000000 ) ) ;
#9414 = DIRECTION ( 'NONE',  ( -1.000000000000000000, 0.000000000000000000, 0.000000000000000000 ) ) ;
#9415 = CARTESIAN_POINT ( 'NONE',  ( -21.00000000000000000, -10.49999999999999822, 15.50000000000000178 ) ) ;
#9416 = CARTESIAN_POINT ( 'NONE',  ( 10.00000000000002665, -11.00000000000000000, -14.49999999999990230 ) ) ;
#9417 = AXIS2_PLACEMENT_3D ( 'NONE', #4917, #8614, #7876 ) ;
#9418 = DIRECTION ( 'NONE',  ( 0.000000000000000000, 0.000000000000000000, -1.000000000000000000 ) ) ;
#9419 = CARTESIAN_POINT ( 'NONE',  ( -3.000000000000001776, 1.727922061357856087, -5.999999999999997335 ) ) ;
#9420 = DIRECTION ( 'NONE',  ( 0.000000000000000000, 0.000000000000000000, 1.000000000000000000 ) ) ;
#9421 = VERTEX_POINT ( 'NONE', #5623 ) ;
#9422 = FACE_OUTER_BOUND ( 'NONE', #8375, .T. ) ;
#9423 = DIRECTION ( 'NONE',  ( 0.000000000000000000, 1.508455196501571429E-16, -1.000000000000000000 ) ) ;
#9424 = DIRECTION ( 'NONE',  ( -1.000000000000000000, 0.000000000000000000, 0.000000000000000000 ) ) ;
#9425 = ORIENTED_EDGE ( 'NONE', *, *, #3188, .F. ) ;
#9426 = CIRCLE ( 'NONE', #7395, 1.500000000000002220 ) ;
#9427 = DIRECTION ( 'NONE',  ( 0.000000000000000000, -1.000000000000000000, 0.000000000000000000 ) ) ;
#9428 = ADVANCED_FACE ( 'NONE', ( #1138 ), #7262, .F. ) ;
#9429 = DIRECTION ( 'NONE',  ( -0.000000000000000000, 1.000000000000000000, 0.000000000000000000 ) ) ;
#9430 = CIRCLE ( 'NONE', #800, 0.1199999999999985800 ) ;
#9431 = VERTEX_POINT ( 'NONE', #4150 ) ;
#9432 = ORIENTED_EDGE ( 'NONE', *, *, #6695, .F. ) ;
#9433 = VERTEX_POINT ( 'NONE', #8116 ) ;
#9434 = DIRECTION ( 'NONE',  ( -0.000000000000000000, 1.000000000000000000, 0.000000000000000000 ) ) ;
#9435 = CIRCLE ( 'NONE', #8814, 1.620000000000001217 ) ;
#9436 = DIRECTION ( 'NONE',  ( 0.000000000000000000, 0.000000000000000000, -1.000000000000000000 ) ) ;
#9437 = DIRECTION ( 'NONE',  ( 0.000000000000000000, 0.000000000000000000, -1.000000000000000000 ) ) ;
#9438 = FACE_OUTER_BOUND ( 'NONE', #8678, .T. ) ;
#9439 = CIRCLE ( 'NONE', #4255, 1.619999999999998996 ) ;
#9440 = CARTESIAN_POINT ( 'NONE',  ( -6.999999999999999112, -11.00000000000000000, 2.500000000000001332 ) ) ;
#9441 = EDGE_CURVE ( 'NONE', #5705, #8236, #3513, .T. ) ;
#9442 = CIRCLE ( 'NONE', #5509, 0.1200000000000003147 ) ;
#9443 = ORIENTED_EDGE ( 'NONE', *, *, #1741, .T. ) ;
#9444 = DIRECTION ( 'NONE',  ( 0.000000000000000000, 0.000000000000000000, 1.000000000000000000 ) ) ;
#9445 = ORIENTED_EDGE ( 'NONE', *, *, #1613, .F. ) ;
#9446 = EDGE_LOOP ( 'NONE', ( #4508, #2847, #5084, #3143 ) ) ;
#9447 = ORIENTED_EDGE ( 'NONE', *, *, #4787, .F. ) ;
#9448 = ORIENTED_EDGE ( 'NONE', *, *, #2575, .F. ) ;
#9449 = EDGE_CURVE ( 'NONE', #9458, #1651, #5929, .T. ) ;
#9450 = DIRECTION ( 'NONE',  ( -1.000000000000000000, 0.000000000000000000, 0.000000000000000000 ) ) ;
#9451 = CIRCLE ( 'NONE', #9610, 0.1199999999999985800 ) ;
#9452 = CARTESIAN_POINT ( 'NONE',  ( 3.001122346247667938, 0.8753458727129063144, 16.12000000000000099 ) ) ;
#9453 = VECTOR ( 'NONE', #5920, 1000.000000000000000 ) ;
#9454 = EDGE_CURVE ( 'NONE', #1376, #4565, #2300, .T. ) ;
#9455 = ORIENTED_EDGE ( 'NONE', *, *, #6573, .F. ) ;
#9456 = DIRECTION ( 'NONE',  ( 0.000000000000000000, -1.000000000000000000, -1.508455196501571429E-16 ) ) ;
#9457 = AXIS2_PLACEMENT_3D ( 'NONE', #1578, #3058, #6158 ) ;
#9458 = VERTEX_POINT ( 'NONE', #9520 ) ;
#9459 = DIRECTION ( 'NONE',  ( 1.000000000000000000, 0.000000000000000000, 4.841193211655195936E-16 ) ) ;
#9460 = ORIENTED_EDGE ( 'NONE', *, *, #8033, .F. ) ;
#9461 = EDGE_LOOP ( 'NONE', ( #5856, #1449, #2359, #6997 ) ) ;
#9462 = AXIS2_PLACEMENT_3D ( 'NONE', #6639, #9687, #8958 ) ;
#9463 = DIRECTION ( 'NONE',  ( -1.224646799147352961E-16, 1.000000000000000000, 0.000000000000000000 ) ) ;
#9464 = ORIENTED_EDGE ( 'NONE', *, *, #919, .T. ) ;
#9465 = AXIS2_PLACEMENT_3D ( 'NONE', #8829, #780, #6042 ) ;
#9466 = CARTESIAN_POINT ( 'NONE',  ( -3.000000000000001776, -12.37999999999999901, -5.879999999999997229 ) ) ;
#9467 = VERTEX_POINT ( 'NONE', #2767 ) ;
#9468 = EDGE_CURVE ( 'NONE', #2112, #5034, #3086, .T. ) ;
#9469 = ADVANCED_FACE ( 'NONE', ( #8251 ), #5603, .T. ) ;
#9470 = CARTESIAN_POINT ( 'NONE',  ( 21.12000000000000099, -10.49999999999999822, -13.00000000000000000 ) ) ;
#9471 = AXIS2_PLACEMENT_3D ( 'NONE', #4958, #4259, #9626 ) ;
#9472 = DIRECTION ( 'NONE',  ( 0.000000000000000000, 0.000000000000000000, 1.000000000000000000 ) ) ;
#9473 = CIRCLE ( 'NONE', #2703, 1.500000000000001332 ) ;
#9474 = ORIENTED_EDGE ( 'NONE', *, *, #9160, .F. ) ;
#9475 = DIRECTION ( 'NONE',  ( -0.000000000000000000, -1.000000000000000000, -0.000000000000000000 ) ) ;
#9476 = CARTESIAN_POINT ( 'NONE',  ( -9.874654127287220362, -6.248877653752255235, 16.00000000000000000 ) ) ;
#9477 = CARTESIAN_POINT ( 'NONE',  ( 2.428612866367529932E-14, -12.37999999999999901, 9.500000000000001776 ) ) ;
#9478 = DIRECTION ( 'NONE',  ( -1.000000000000000000, -0.000000000000000000, 0.000000000000000000 ) ) ;
#9479 = VECTOR ( 'NONE', #4699, 1000.000000000000000 ) ;
#9480 = CARTESIAN_POINT ( 'NONE',  ( 2.448452144513716976E-14, -11.11999999999999922, 11.12000000000000099 ) ) ;
#9481 = DIRECTION ( 'NONE',  ( 0.000000000000000000, 0.000000000000000000, 1.000000000000000000 ) ) ;
#9482 = AXIS2_PLACEMENT_3D ( 'NONE', #1979, #8645, #1874 ) ;
#9483 = FACE_OUTER_BOUND ( 'NONE', #5248, .T. ) ;
#9484 = FACE_OUTER_BOUND ( 'NONE', #8895, .T. ) ;
#9485 = AXIS2_PLACEMENT_3D ( 'NONE', #4830, #6285, #4030 ) ;
#9486 = ORIENTED_EDGE ( 'NONE', *, *, #1209, .T. ) ;
#9487 = VERTEX_POINT ( 'NONE', #7604 ) ;
#9488 = CARTESIAN_POINT ( 'NONE',  ( 20.88000000000000966, -10.49999999999999822, 15.50000000000000178 ) ) ;
#9489 = CIRCLE ( 'NONE', #6029, 1.500000000000000666 ) ;
#9490 = FACE_OUTER_BOUND ( 'NONE', #6500, .T. ) ;
#9491 = CARTESIAN_POINT ( 'NONE',  ( -7.329206686002009974E-14, -11.11999999999999922, -4.499999999999998224 ) ) ;
#9492 = CARTESIAN_POINT ( 'NONE',  ( -6.999999999999999112, -11.11999999999999922, 2.500000000000001332 ) ) ;
#9493 = CARTESIAN_POINT ( 'NONE',  ( 2.428612866367529932E-14, -11.11999999999999922, 9.500000000000001776 ) ) ;
#9494 = CIRCLE ( 'NONE', #8562, 0.1200000000000003147 ) ;
#9495 = VERTEX_POINT ( 'NONE', #2865 ) ;
#9496 = DIRECTION ( 'NONE',  ( -0.000000000000000000, 1.508455196501571429E-16, -1.000000000000000000 ) ) ;
#9497 = VERTEX_POINT ( 'NONE', #1574 ) ;
#9498 = VERTEX_POINT ( 'NONE', #853 ) ;
#9499 = EDGE_LOOP ( 'NONE', ( #2052, #8635 ) ) ;
#9500 = VERTEX_POINT ( 'NONE', #6806 ) ;
#9501 = CARTESIAN_POINT ( 'NONE',  ( 2.428612866367529932E-14, -12.49999999999999822, 9.500000000000001776 ) ) ;
#9502 = VECTOR ( 'NONE', #5751, 1000.000000000000000 ) ;
#9503 = EDGE_CURVE ( 'NONE', #3887, #8778, #2453, .T. ) ;
#9504 = ORIENTED_EDGE ( 'NONE', *, *, #3310, .T. ) ;
#9505 = DIRECTION ( 'NONE',  ( -1.000000000000000000, 0.000000000000000000, 0.000000000000000000 ) ) ;
#9506 = ORIENTED_EDGE ( 'NONE', *, *, #5056, .F. ) ;
#9507 = ORIENTED_EDGE ( 'NONE', *, *, #7257, .F. ) ;
#9508 = EDGE_CURVE ( 'NONE', #7931, #8225, #5149, .T. ) ;
#9509 = CARTESIAN_POINT ( 'NONE',  ( 24.49999999999999645, -12.49999999999999822, 0.8210797617547740401 ) ) ;
#9510 = ADVANCED_FACE ( 'NONE', ( #4399 ), #6709, .T. ) ;
#9511 = CIRCLE ( 'NONE', #1165, 4.620000000000000107 ) ;
#9512 = ORIENTED_EDGE ( 'NONE', *, *, #1696, .T. ) ;
#9513 = CARTESIAN_POINT ( 'NONE',  ( 16.99999999999999645, -11.00000000000000000, -7.499999999999852562 ) ) ;
#9514 = ORIENTED_EDGE ( 'NONE', *, *, #8942, .T. ) ;
#9515 = ORIENTED_EDGE ( 'NONE', *, *, #4509, .F. ) ;
#9516 = FACE_OUTER_BOUND ( 'NONE', #745, .T. ) ;
#9517 = EDGE_CURVE ( 'NONE', #3530, #5917, #262, .T. ) ;
#9518 = CIRCLE ( 'NONE', #6536, 1.379999999999999227 ) ;
#9519 = CYLINDRICAL_SURFACE ( 'NONE', #7888, 0.1200000000000003147 ) ;
#9520 = CARTESIAN_POINT ( 'NONE',  ( -15.49887765375237692, 0.6246541272872884187, 17.38000000000000611 ) ) ;
#9521 = AXIS2_PLACEMENT_3D ( 'NONE', #7323, #2025, #9420 ) ;
#9522 = ORIENTED_EDGE ( 'NONE', *, *, #4326, .F. ) ;
#9523 = DIRECTION ( 'NONE',  ( -1.000000000000000000, 0.000000000000000000, 0.000000000000000000 ) ) ;
#9524 = CYLINDRICAL_SURFACE ( 'NONE', #7762, 1.499999999999999556 ) ;
#9525 = VERTEX_POINT ( 'NONE', #5921 ) ;
#9526 = CIRCLE ( 'NONE', #2757, 1.558920238245226519 ) ;
#9527 = LINE ( 'NONE', #813, #2752 ) ;
#9528 = EDGE_CURVE ( 'NONE', #1577, #4443, #2219, .T. ) ;
#9529 = ORIENTED_EDGE ( 'NONE', *, *, #6189, .F. ) ;
#9530 = EDGE_CURVE ( 'NONE', #688, #8656, #9079, .T. ) ;
#9531 = CARTESIAN_POINT ( 'NONE',  ( 29.00000000000000000, 11.87999999999999901, -14.37999999999999901 ) ) ;
#9532 = FACE_OUTER_BOUND ( 'NONE', #2807, .T. ) ;
#9533 = FACE_OUTER_BOUND ( 'NONE', #1131, .T. ) ;
#9534 = DIRECTION ( 'NONE',  ( 0.000000000000000000, 0.000000000000000000, 1.000000000000000000 ) ) ;
#9535 = CIRCLE ( 'NONE', #3392, 0.1200000000000003147 ) ;
#9536 = DIRECTION ( 'NONE',  ( -0.000000000000000000, 1.000000000000000000, 0.000000000000000000 ) ) ;
#9537 = VECTOR ( 'NONE', #8659, 1000.000000000000000 ) ;
#9538 = DIRECTION ( 'NONE',  ( -1.000000000000000000, 0.000000000000000000, 0.000000000000000000 ) ) ;
#9539 = ORIENTED_EDGE ( 'NONE', *, *, #8270, .T. ) ;
#9540 = EDGE_LOOP ( 'NONE', ( #880, #2011, #1671, #3333 ) ) ;
#9541 = FACE_OUTER_BOUND ( 'NONE', #2539, .T. ) ;
#9542 = ADVANCED_FACE ( 'NONE', ( #7456 ), #7506, .F. ) ;
#9543 = PRODUCT_DEFINITION_FORMATION_WITH_SPECIFIED_SOURCE ( 'ANY', '', #8026, .NOT_KNOWN. ) ;
#9544 = DIRECTION ( 'NONE',  ( 0.000000000000000000, 0.000000000000000000, 1.000000000000000000 ) ) ;
#9545 = DIRECTION ( 'NONE',  ( 1.000000000000000000, 0.000000000000000000, 0.000000000000000000 ) ) ;
#9546 = CIRCLE ( 'NONE', #4825, 0.1199999999999985800 ) ;
#9547 = LINE ( 'NONE', #6592, #3954 ) ;
#9548 = CARTESIAN_POINT ( 'NONE',  ( 29.00000000000000000, 11.99999999999999822, -14.49999999999999822 ) ) ;
#9549 = ORIENTED_EDGE ( 'NONE', *, *, #5482, .F. ) ;
#9550 = CIRCLE ( 'NONE', #4681, 1.678920238245227292 ) ;
#9551 = CARTESIAN_POINT ( 'NONE',  ( 16.99999999999999645, 1.727922061357856087, -8.999999999999852562 ) ) ;
#9552 = ORIENTED_EDGE ( 'NONE', *, *, #7966, .F. ) ;
#9553 = ORIENTED_EDGE ( 'NONE', *, *, #6812, .F. ) ;
#9554 = CIRCLE ( 'NONE', #6717, 1.500000000000001332 ) ;
#9555 = ORIENTED_EDGE ( 'NONE', *, *, #5953, .T. ) ;
#9556 = ORIENTED_EDGE ( 'NONE', *, *, #8865, .T. ) ;
#9557 = DIRECTION ( 'NONE',  ( 1.000000000000000000, 0.000000000000000000, 0.000000000000000000 ) ) ;
#9558 = ORIENTED_EDGE ( 'NONE', *, *, #8440, .F. ) ;
#9559 = DIRECTION ( 'NONE',  ( 0.000000000000000000, 0.000000000000000000, -1.000000000000000000 ) ) ;
#9560 = ORIENTED_EDGE ( 'NONE', *, *, #8095, .T. ) ;
#9561 = DIRECTION ( 'NONE',  ( -1.000000000000000000, 0.000000000000000000, 0.000000000000000000 ) ) ;
#9562 = EDGE_LOOP ( 'NONE', ( #2079, #5361, #3611, #449 ) ) ;
#9563 = CARTESIAN_POINT ( 'NONE',  ( 3.000000000000001776, -12.37999999999999901, -7.499999999999998224 ) ) ;
#9564 = ORIENTED_EDGE ( 'NONE', *, *, #84, .F. ) ;
#9565 = EDGE_LOOP ( 'NONE', ( #277, #201, #476, #2346 ) ) ;
#9566 = CARTESIAN_POINT ( 'NONE',  ( -20.70000000000000284, -12.37999999999998835, -11.53041406348422626 ) ) ;
#9567 = EDGE_CURVE ( 'NONE', #2455, #356, #2913, .T. ) ;
#9568 = DIRECTION ( 'NONE',  ( 0.000000000000000000, 0.000000000000000000, -1.000000000000000000 ) ) ;
#9569 = DIRECTION ( 'NONE',  ( -1.000000000000000000, 0.000000000000000000, 0.000000000000000000 ) ) ;
#9570 = EDGE_CURVE ( 'NONE', #7145, #6494, #708, .T. ) ;
#9571 = CARTESIAN_POINT ( 'NONE',  ( -25.73747625475635914, -4.250000000000000888, -13.00000000000000178 ) ) ;
#9572 = EDGE_CURVE ( 'NONE', #1334, #8802, #8201, .T. ) ;
#9573 = CARTESIAN_POINT ( 'NONE',  ( -19.00000000000000355, 12.38000000000000433, 17.38000000000000611 ) ) ;
#9574 = DIRECTION ( 'NONE',  ( -0.000000000000000000, -0.000000000000000000, 1.000000000000000000 ) ) ;
#9575 = ADVANCED_FACE ( 'NONE', ( #3798 ), #8162, .T. ) ;
#9576 = DIRECTION ( 'NONE',  ( 0.000000000000000000, -1.000000000000000000, 0.000000000000000000 ) ) ;
#9577 = CARTESIAN_POINT ( 'NONE',  ( 24.00000000000000000, 5.749999999999999112, -14.50000000000000000 ) ) ;
#9578 = DIRECTION ( 'NONE',  ( -0.000000000000000000, -0.000000000000000000, -1.000000000000000000 ) ) ;
#9579 = CARTESIAN_POINT ( 'NONE',  ( -22.50000000000000711, 10.49999999999999112, -13.00000000000000000 ) ) ;
#9580 = DIRECTION ( 'NONE',  ( 1.000000000000000000, 0.000000000000000000, 0.000000000000000000 ) ) ;
#9581 = ADVANCED_FACE ( 'NONE', ( #9665 ), #2928, .T. ) ;
#9582 = CARTESIAN_POINT ( 'NONE',  ( 10.00000000000000178, -11.11999999999999922, -7.499999999999999112 ) ) ;
#9583 = ORIENTED_EDGE ( 'NONE', *, *, #8025, .T. ) ;
#9584 = ORIENTED_EDGE ( 'NONE', *, *, #1060, .T. ) ;
#9585 = DIRECTION ( 'NONE',  ( -0.000000000000000000, 1.000000000000000000, 0.000000000000000000 ) ) ;
#9586 = AXIS2_PLACEMENT_3D ( 'NONE', #4583, #9066, #2305 ) ;
#9587 = DIRECTION ( 'NONE',  ( -1.000000000000000000, 0.000000000000000000, 0.000000000000000000 ) ) ;
#9588 = CARTESIAN_POINT ( 'NONE',  ( 17.80000000000000782, -12.37999999999998835, -17.50000000000000000 ) ) ;
#9589 = AXIS2_PLACEMENT_3D ( 'NONE', #2451, #5459, #7733 ) ;
#9590 = CARTESIAN_POINT ( 'NONE',  ( -16.99999999999999645, -11.00000000000000000, -7.499999999999852562 ) ) ;
#9591 = FACE_BOUND ( 'NONE', #3896, .T. ) ;
#9592 = AXIS2_PLACEMENT_3D ( 'NONE', #585, #3582, #5257 ) ;
#9593 = EDGE_CURVE ( 'NONE', #8722, #353, #5966, .T. ) ;
#9594 = ORIENTED_EDGE ( 'NONE', *, *, #4929, .T. ) ;
#9595 = EDGE_CURVE ( 'NONE', #3193, #5091, #422, .T. ) ;
#9596 = DIRECTION ( 'NONE',  ( 0.000000000000000000, 0.000000000000000000, 1.000000000000000000 ) ) ;
#9597 = ORIENTED_EDGE ( 'NONE', *, *, #5441, .F. ) ;
#9598 = ORIENTED_EDGE ( 'NONE', *, *, #987, .T. ) ;
#9599 = EDGE_LOOP ( 'NONE', ( #3542, #8246, #8298, #2302, #7077 ) ) ;
#9600 = ORIENTED_EDGE ( 'NONE', *, *, #8080, .T. ) ;
#9601 = CARTESIAN_POINT ( 'NONE',  ( -22.50000000000000711, 10.49999999999999112, -13.11999999999999922 ) ) ;
#9602 = AXIS2_PLACEMENT_3D ( 'NONE', #9531, #5001, #2823 ) ;
#9603 = CIRCLE ( 'NONE', #5519, 0.1200000000000003147 ) ;
#9604 = DIRECTION ( 'NONE',  ( -0.000000000000000000, 1.508455196501571429E-16, -1.000000000000000000 ) ) ;
#9605 = AXIS2_PLACEMENT_3D ( 'NONE', #8783, #2766, #1330 ) ;
#9606 = ORIENTED_EDGE ( 'NONE', *, *, #5226, .T. ) ;
#9607 = CARTESIAN_POINT ( 'NONE',  ( 22.50000000000000711, 12.00000000000000000, -13.11999999999999922 ) ) ;
#9608 = ORIENTED_EDGE ( 'NONE', *, *, #1808, .F. ) ;
#9609 = ORIENTED_EDGE ( 'NONE', *, *, #4110, .F. ) ;
#9610 = AXIS2_PLACEMENT_3D ( 'NONE', #611, #4402, #5728 ) ;
#9611 = AXIS2_PLACEMENT_3D ( 'NONE', #4535, #2310, #5320 ) ;
#9612 = LINE ( 'NONE', #3054, #4434 ) ;
#9613 = DIRECTION ( 'NONE',  ( -1.000000000000000000, -0.000000000000000000, -3.154042683594198572E-16 ) ) ;
#9614 = CIRCLE ( 'NONE', #2997, 1.500000000000002220 ) ;
#9615 = AXIS2_PLACEMENT_3D ( 'NONE', #2225, #1528, #9084 ) ;
#9616 = ORIENTED_EDGE ( 'NONE', *, *, #136, .T. ) ;
#9617 = CARTESIAN_POINT ( 'NONE',  ( -24.00000000000000000, -4.250000000000000888, -13.00000000000000000 ) ) ;
#9618 = LINE ( 'NONE', #4504, #6339 ) ;
#9619 = CIRCLE ( 'NONE', #5384, 0.1200000000000003147 ) ;
#9620 = VERTEX_POINT ( 'NONE', #1525 ) ;
#9621 = DIRECTION ( 'NONE',  ( 0.000000000000000000, 0.000000000000000000, -1.000000000000000000 ) ) ;
#9622 = AXIS2_PLACEMENT_3D ( 'NONE', #6510, #1505, #44 ) ;
#9623 = DIRECTION ( 'NONE',  ( -0.000000000000000000, -1.000000000000000000, -0.000000000000000000 ) ) ;
#9624 = CARTESIAN_POINT ( 'NONE',  ( -24.49999999999999645, -11.11999999999999922, 0.9410797617547741467 ) ) ;
#9625 = EDGE_CURVE ( 'NONE', #744, #6554, #8151, .T. ) ;
#9626 = DIRECTION ( 'NONE',  ( 4.841193211655195936E-16, 0.000000000000000000, 1.000000000000000000 ) ) ;
#9627 = ORIENTED_EDGE ( 'NONE', *, *, #6185, .F. ) ;
#9628 = CIRCLE ( 'NONE', #4749, 0.1200000000000003147 ) ;
#9629 = DIRECTION ( 'NONE',  ( -0.000000000000000000, -0.000000000000000000, 1.000000000000000000 ) ) ;
#9630 = DIRECTION ( 'NONE',  ( 0.000000000000000000, -1.000000000000000000, 0.000000000000000000 ) ) ;
#9631 = AXIS2_PLACEMENT_3D ( 'NONE', #8654, #3320, #6328 ) ;
#9632 = DIRECTION ( 'NONE',  ( 0.000000000000000000, 0.000000000000000000, -1.000000000000000000 ) ) ;
#9633 = EDGE_CURVE ( 'NONE', #1596, #581, #5383, .T. ) ;
#9634 = EDGE_CURVE ( 'NONE', #7426, #501, #2935, .T. ) ;
#9635 = VERTEX_POINT ( 'NONE', #7844 ) ;
#9636 = AXIS2_PLACEMENT_3D ( 'NONE', #6571, #4945, #7963 ) ;
#9637 = CARTESIAN_POINT ( 'NONE',  ( 21.12000000000000099, -12.49999999999999822, -12.50000000000000178 ) ) ;
#9638 = CARTESIAN_POINT ( 'NONE',  ( 24.49999999999999645, -11.11999999999999922, -5.821079761754772264 ) ) ;
#9639 = AXIS2_PLACEMENT_3D ( 'NONE', #128, #1730, #9050 ) ;
#9640 = EDGE_CURVE ( 'NONE', #9190, #8611, #3284, .T. ) ;
#9641 = DIRECTION ( 'NONE',  ( 0.000000000000000000, 0.000000000000000000, -1.000000000000000000 ) ) ;
#9642 = CARTESIAN_POINT ( 'NONE',  ( -19.00000000000000355, 12.38000000000000433, 16.00000000000000355 ) ) ;
#9643 = AXIS2_PLACEMENT_3D ( 'NONE', #7740, #5651, #7092 ) ;
#9644 = AXIS2_PLACEMENT_3D ( 'NONE', #5473, #1717, #7609 ) ;
#9645 = DIRECTION ( 'NONE',  ( 0.000000000000000000, 0.000000000000000000, -1.000000000000000000 ) ) ;
#9646 = EDGE_LOOP ( 'NONE', ( #443, #1890, #6704, #5526, #2652, #6479 ) ) ;
#9647 = VERTEX_POINT ( 'NONE', #5468 ) ;
#9648 = ORIENTED_EDGE ( 'NONE', *, *, #4351, .F. ) ;
#9649 = EDGE_LOOP ( 'NONE', ( #6340, #7031, #6891, #1193, #8965 ) ) ;
#9650 = CARTESIAN_POINT ( 'NONE',  ( -21.12000000000000099, 10.49999999999999112, -14.49999999999999822 ) ) ;
#9651 = ORIENTED_EDGE ( 'NONE', *, *, #3203, .F. ) ;
#9652 = ADVANCED_FACE ( 'NONE', ( #6197 ), #4980, .T. ) ;
#9653 = EDGE_CURVE ( 'NONE', #2490, #3247, #1507, .T. ) ;
#9654 = AXIS2_PLACEMENT_3D ( 'NONE', #5090, #6562, #1374 ) ;
#9655 = FACE_BOUND ( 'NONE', #564, .T. ) ;
#9656 = EDGE_LOOP ( 'NONE', ( #2898, #6501, #110, #8917, #7994 ) ) ;
#9657 = VECTOR ( 'NONE', #4055, 1000.000000000000000 ) ;
#9658 = ORIENTED_EDGE ( 'NONE', *, *, #5646, .T. ) ;
#9659 = LINE ( 'NONE', #5137, #8716 ) ;
#9660 = ORIENTED_EDGE ( 'NONE', *, *, #3411, .T. ) ;
#9661 = ORIENTED_EDGE ( 'NONE', *, *, #3010, .F. ) ;
#9662 = VECTOR ( 'NONE', #8234, 1000.000000000000000 ) ;
#9663 = DIRECTION ( 'NONE',  ( 0.000000000000000000, -1.000000000000000000, 0.000000000000000000 ) ) ;
#9664 = CARTESIAN_POINT ( 'NONE',  ( -20.88000000000000611, 12.50000000000000000, 17.38000000000000611 ) ) ;
#9665 = FACE_OUTER_BOUND ( 'NONE', #4439, .T. ) ;
#9666 = CIRCLE ( 'NONE', #5428, 0.1199999999999985800 ) ;
#9667 = ORIENTED_EDGE ( 'NONE', *, *, #4819, .T. ) ;
#9668 = CARTESIAN_POINT ( 'NONE',  ( 2.428612866367529932E-14, -12.37999999999999901, 9.500000000000001776 ) ) ;
#9669 = CARTESIAN_POINT ( 'NONE',  ( -24.49999999999999645, -11.11999999999999922, 2.500000000000001332 ) ) ;
#9670 = ORIENTED_EDGE ( 'NONE', *, *, #7858, .T. ) ;
#9671 = CARTESIAN_POINT ( 'NONE',  ( -28.87999999999999901, -11.00000000000000000, -13.11999999999999922 ) ) ;
#9672 = VERTEX_POINT ( 'NONE', #896 ) ;
#9673 = FACE_BOUND ( 'NONE', #2799, .T. ) ;
#9674 = LINE ( 'NONE', #7564, #887 ) ;
#9675 = LINE ( 'NONE', #8311, #3499 ) ;
#9676 = EDGE_LOOP ( 'NONE', ( #261, #4073, #7252, #3691 ) ) ;
#9677 = FACE_OUTER_BOUND ( 'NONE', #4328, .T. ) ;
#9678 = CIRCLE ( 'NONE', #9199, 1.619999999999999885 ) ;
#9679 = CYLINDRICAL_SURFACE ( 'NONE', #19, 1.558920238245226519 ) ;
#9680 = DIRECTION ( 'NONE',  ( 0.000000000000000000, -1.000000000000000000, 0.000000000000000000 ) ) ;
#9681 = AXIS2_PLACEMENT_3D ( 'NONE', #5478, #8490, #9267 ) ;
#9682 = EDGE_CURVE ( 'NONE', #9620, #5229, #7350, .T. ) ;
#9683 = VERTEX_POINT ( 'NONE', #6292 ) ;
#9684 = FACE_OUTER_BOUND ( 'NONE', #983, .T. ) ;
#9685 = DIRECTION ( 'NONE',  ( -1.000000000000000000, 0.000000000000000000, 0.000000000000000000 ) ) ;
#9686 = DIRECTION ( 'NONE',  ( 0.000000000000000000, 0.000000000000000000, -1.000000000000000000 ) ) ;
#9687 = DIRECTION ( 'NONE',  ( 0.000000000000000000, 0.000000000000000000, -1.000000000000000000 ) ) ;
#9688 = ADVANCED_FACE ( 'NONE', ( #989 ), #7046, .F. ) ;
#9689 = CIRCLE ( 'NONE', #7976, 0.1199999999999985800 ) ;
#9690 = ADVANCED_FACE ( 'NONE', ( #4788 ), #3565, .T. ) ;
#9691 = FACE_BOUND ( 'NONE', #2468, .T. ) ;
#9692 = ADVANCED_FACE ( 'NONE', ( #2367 ), #6855, .F. ) ;
#9693 = CARTESIAN_POINT ( 'NONE',  ( 29.00000000000000000, -10.49999999999999822, -13.00000000000000000 ) ) ;
#9694 = AXIS2_PLACEMENT_3D ( 'NONE', #4993, #8784, #5724 ) ;
#9695 = ORIENTED_EDGE ( 'NONE', *, *, #1871, .F. ) ;
#9696 = ORIENTED_EDGE ( 'NONE', *, *, #2170, .T. ) ;
#9697 = TOROIDAL_SURFACE ( 'NONE', #8145, 1.619999999999996776, 0.1199999999999999956 ) ;
#9698 = EDGE_LOOP ( 'NONE', ( #8672, #5076, #3001, #9608 ) ) ;
#9699 = EDGE_LOOP ( 'NONE', ( #7502, #6093, #3802, #4239, #1511 ) ) ;
#9700 = DIRECTION ( 'NONE',  ( 0.000000000000000000, 0.000000000000000000, -1.000000000000000000 ) ) ;
#9701 = ORIENTED_EDGE ( 'NONE', *, *, #662, .T. ) ;
#9702 = CARTESIAN_POINT ( 'NONE',  ( -19.80000000000000426, 27.00000000000000355, -11.53041406348422626 ) ) ;
#9703 = AXIS2_PLACEMENT_3D ( 'NONE', #8228, #3120, #6124 ) ;
#9704 = EDGE_CURVE ( 'NONE', #5917, #3530, #7667, .T. ) ;
#9705 = EDGE_LOOP ( 'NONE', ( #7980, #2842, #2154, #2106 ) ) ;
#9706 = FACE_OUTER_BOUND ( 'NONE', #2608, .T. ) ;
#9707 = VERTEX_POINT ( 'NONE', #1711 ) ;
#9708 = ORIENTED_EDGE ( 'NONE', *, *, #2958, .F. ) ;
#9709 = ORIENTED_EDGE ( 'NONE', *, *, #5498, .F. ) ;
#9710 = LINE ( 'NONE', #6468, #8260 ) ;
#9711 = DIRECTION ( 'NONE',  ( -0.000000000000000000, -1.000000000000000000, -0.000000000000000000 ) ) ;
#9712 = DIRECTION ( 'NONE',  ( 5.811872027389895469E-16, 0.000000000000000000, -1.000000000000000000 ) ) ;
#9713 = ORIENTED_EDGE ( 'NONE', *, *, #8940, .F. ) ;
#9714 = DIRECTION ( 'NONE',  ( 0.000000000000000000, 0.000000000000000000, 1.000000000000000000 ) ) ;
#9715 = EDGE_CURVE ( 'NONE', #7426, #5138, #3399, .T. ) ;
#9716 = LINE ( 'NONE', #2129, #208 ) ;
#9717 = CARTESIAN_POINT ( 'NONE',  ( -1.501122346247666606, 0.8753458727129063144, 16.12000000000000099 ) ) ;
#9718 = DIRECTION ( 'NONE',  ( -0.000000000000000000, -0.000000000000000000, 1.000000000000000000 ) ) ;
#9719 = DIRECTION ( 'NONE',  ( -0.000000000000000000, -1.000000000000000000, -0.000000000000000000 ) ) ;
#9720 = DIRECTION ( 'NONE',  ( 0.000000000000000000, 0.000000000000000000, -1.000000000000000000 ) ) ;
#9721 = DIRECTION ( 'NONE',  ( 0.000000000000000000, -1.000000000000000000, 0.000000000000000000 ) ) ;
#9722 = DIRECTION ( 'NONE',  ( -0.000000000000000000, -1.000000000000000000, -0.000000000000000000 ) ) ;
#9723 = DIRECTION ( 'NONE',  ( 4.841193211655195936E-16, 0.000000000000000000, -1.000000000000000000 ) ) ;
#9724 = VERTEX_POINT ( 'NONE', #4688 ) ;
#9725 = CARTESIAN_POINT ( 'NONE',  ( 21.12000000000000099, -12.49999999999999822, -12.50000000000000178 ) ) ;
#9726 = CARTESIAN_POINT ( 'NONE',  ( 9.999999999999927169, -12.37999999999999901, 1.000000000000101030 ) ) ;
#9727 = DIRECTION ( 'NONE',  ( 0.000000000000000000, 0.000000000000000000, -1.000000000000000000 ) ) ;
#9728 = CIRCLE ( 'NONE', #1227, 1.620000000000002549 ) ;
#9729 = CARTESIAN_POINT ( 'NONE',  ( 29.00000000000000000, 11.99999999999999822, -13.00000000000000000 ) ) ;
#9730 = DIRECTION ( 'NONE',  ( -1.000000000000000000, 0.000000000000000000, 0.000000000000000000 ) ) ;
#9731 = CYLINDRICAL_SURFACE ( 'NONE', #4285, 0.1200000000000003147 ) ;
#9732 = AXIS2_PLACEMENT_3D ( 'NONE', #6335, #2592, #5597 ) ;
#9733 = DIRECTION ( 'NONE',  ( 0.000000000000000000, 0.000000000000000000, 1.000000000000000000 ) ) ;
#9734 = VERTEX_POINT ( 'NONE', #1628 ) ;
#9735 = ORIENTED_EDGE ( 'NONE', *, *, #7299, .F. ) ;
#9736 = VERTEX_POINT ( 'NONE', #9305 ) ;
#9737 = DIRECTION ( 'NONE',  ( -0.000000000000000000, 1.000000000000000000, 0.000000000000000000 ) ) ;
#9738 = FACE_OUTER_BOUND ( 'NONE', #7638, .T. ) ;
#9739 = TOROIDAL_SURFACE ( 'NONE', #5645, 0.4199999999999999289, 0.1199999999999999956 ) ;
#9740 = ADVANCED_FACE ( 'NONE', ( #4652 ), #9174, .T. ) ;
#9741 = AXIS2_PLACEMENT_3D ( 'NONE', #6152, #5328, #8434 ) ;
ENDSEC;
END-ISO-10303-21;
